codigo,nome,curso,ano,idade,sexo,media
20260001,Joao Alberto,Engenharia Informatica,3,20,F,7.1
20260002,Joao Alberto,Engenharia Informatica,4,17,F,6.4
20260003,Nelson Mario,Engenharia Informatica,2,28,M,8.3
20260004,Helena Augusto,Engenharia Electronica,1,29,F,15.5
20260005,Lucia Joaquim,Engenharia Electronica,2,20,M,6.5
20260006,Elsa Domingos,Engenharia Informatica,3,30,M,14.1
20260007,Carlos Jose,Engenharia de Redes,1,23,F,13.3
20260008,Samuel Ernesto,Engenharia Electronica,2,28,F,5.7
20260009,Nelson Mario,Engenharia Electronica,1,30,F,18.0
20260010,Elsa Domingos,Engenharia Electronica,4,27,M,7.4
20260011,Antonio Salvador,Engenharia Telecomunicacoes,3,28,F,14.1
20260012,Pedro Tomas,Engenharia Telecomunicacoes,2,24,M,9.0
20260013,Dario Miguel,Engenharia Telecomunicacoes,3,30,F,8.4
20260014,Carlos Jose,Engenharia Electronica,4,21,F,8.2
20260015,Helena Augusto,Engenharia Electronica,2,27,M,10.9
20260016,Rosa Fernando,Engenharia Telecomunicacoes,3,19,F,16.2
20260017,Dario Miguel,Engenharia Electronica,4,26,M,10.4
20260018,Celina Ernesto,Engenharia de Redes,1,29,F,17.9
20260019,Celina Ernesto,Engenharia Telecomunicacoes,4,26,F,10.8
20260020,Samuel Ernesto,Engenharia de Redes,3,25,F,15.2
20260021,Joao Alberto,Engenharia Electronica,3,18,M,11.5
20260022,Rosa Fernando,Engenharia Informatica,3,25,F,12.6
20260023,Joao Alberto,Engenharia Electronica,2,19,M,16.4
20260024,Dario Miguel,Engenharia Informatica,3,24,F,6.7
20260025,Antonio Salvador,Engenharia Electronica,2,17,F,18.2
20260026,Marta Paulo,Engenharia Informatica,4,30,F,19.7
20260027,Dario Miguel,Engenharia Telecomunicacoes,2,27,M,19.2
20260028,Pedro Tomas,Engenharia Electronica,4,20,F,15.7
20260029,Elsa Domingos,Engenharia Electronica,4,25,M,6.8
20260030,Nelson Mario,Engenharia Informatica,3,17,F,13.8
20260031,Ana Manuel,Engenharia Informatica,1,20,F,18.6
20260032,Lucia Joaquim,Engenharia Informatica,2,21,M,8.2
20260033,Celina Ernesto,Engenharia de Redes,2,29,M,17.1
20260034,Fatima Luis,Engenharia Informatica,1,27,M,10.3
20260035,Manuel Sergio,Engenharia de Redes,1,27,F,5.9
20260036,Lucia Joaquim,Engenharia Informatica,2,20,F,13.0
20260037,Celina Ernesto,Engenharia de Redes,2,21,M,8.7
20260038,Marta Paulo,Engenharia de Redes,1,17,F,19.5
20260039,Nelson Mario,Engenharia Telecomunicacoes,4,24,M,8.2
20260040,Elsa Domingos,Engenharia Informatica,2,23,F,19.8
20260041,Sonia Armando,Engenharia de Redes,3,23,M,7.3
20260042,Edson Mateus,Engenharia Telecomunicacoes,1,26,F,16.2
20260043,Carlos Jose,Engenharia Informatica,4,25,F,5.9
20260044,Teresa Carlos,Engenharia Informatica,2,18,F,15.1
20260045,Nelson Mario,Engenharia de Redes,1,26,F,13.7
20260046,Carlos Jose,Engenharia Informatica,4,27,M,19.0
20260047,Fatima Luis,Engenharia Electronica,2,21,M,7.0
20260048,Edson Mateus,Engenharia de Redes,3,29,F,5.1
20260049,Samuel Ernesto,Engenharia Informatica,1,25,F,12.6
20260050,Celina Ernesto,Engenharia Electronica,1,20,M,9.3
20260051,Rosa Fernando,Engenharia Electronica,1,27,M,19.0
20260052,Joao Alberto,Engenharia Telecomunicacoes,3,18,F,16.1
20260053,Celina Ernesto,Engenharia Electronica,3,26,F,15.8
20260054,Fatima Luis,Engenharia Electronica,4,21,F,6.4
20260055,Manuel Sergio,Engenharia Electronica,1,17,M,16.6
20260056,Sonia Armando,Engenharia Telecomunicacoes,4,25,M,13.4
20260057,Joao Alberto,Engenharia Informatica,2,25,F,17.5
20260058,Helena Augusto,Engenharia Telecomunicacoes,4,19,F,9.6
20260059,Carlos Jose,Engenharia Electronica,2,27,F,15.0
20260060,Antonio Salvador,Engenharia de Redes,2,20,F,19.6
20260061,Pedro Tomas,Engenharia de Redes,1,19,M,16.7
20260062,Manuel Sergio,Engenharia Telecomunicacoes,3,19,F,10.7
20260063,Carlos Jose,Engenharia de Redes,2,20,M,10.2
20260064,Nelson Mario,Engenharia Telecomunicacoes,1,27,F,11.0
20260065,Sonia Armando,Engenharia Informatica,3,22,M,15.2
20260066,Dario Miguel,Engenharia Electronica,1,18,M,7.7
20260067,Sonia Armando,Engenharia Informatica,1,26,M,10.2
20260068,Lucia Joaquim,Engenharia de Redes,1,23,F,8.8
20260069,Manuel Sergio,Engenharia Informatica,2,22,M,6.0
20260070,Lucia Joaquim,Engenharia Electronica,1,28,M,12.6
20260071,Manuel Sergio,Engenharia Electronica,4,28,M,13.3
20260072,Fatima Luis,Engenharia de Redes,4,27,F,14.2
20260073,Edson Mateus,Engenharia de Redes,1,21,M,8.2
20260074,Helena Augusto,Engenharia Electronica,4,24,M,15.1
20260075,Teresa Carlos,Engenharia de Redes,2,27,F,9.3
20260076,Samuel Ernesto,Engenharia Electronica,1,30,F,15.1
20260077,Nelson Mario,Engenharia Telecomunicacoes,2,17,F,8.7
20260078,Alberto Jaime,Engenharia Informatica,4,23,F,15.8
20260079,Elsa Domingos,Engenharia de Redes,4,20,F,14.8
20260080,Ana Manuel,Engenharia Informatica,4,20,F,17.1
20260081,Teresa Carlos,Engenharia de Redes,1,25,F,18.8
20260082,Joao Alberto,Engenharia de Redes,2,29,M,15.0
20260083,Dario Miguel,Engenharia Electronica,4,26,M,17.5
20260084,Dario Miguel,Engenharia de Redes,2,28,M,11.8
20260085,Nelson Mario,Engenharia Electronica,4,27,F,9.1
20260086,Marta Paulo,Engenharia Electronica,2,21,M,9.8
20260087,Dario Miguel,Engenharia Informatica,2,19,F,10.7
20260088,Celina Ernesto,Engenharia Telecomunicacoes,1,23,M,10.0
20260089,Rosa Fernando,Engenharia de Redes,1,20,M,10.8
20260090,Helena Augusto,Engenharia Informatica,4,24,F,19.1
20260091,Edson Mateus,Engenharia de Redes,4,25,F,12.3
20260092,Sonia Armando,Engenharia de Redes,4,17,M,10.0
20260093,Elsa Domingos,Engenharia Telecomunicacoes,4,19,F,18.6
20260094,Helena Augusto,Engenharia Informatica,1,27,M,7.0
20260095,Rosa Fernando,Engenharia Telecomunicacoes,1,21,M,9.9
20260096,Rosa Fernando,Engenharia Electronica,3,29,M,9.2
20260097,Manuel Sergio,Engenharia Electronica,1,24,F,16.2
20260098,Carlos Jose,Engenharia Electronica,2,27,F,16.7
20260099,Carlos Jose,Engenharia Informatica,2,20,F,14.3
20260100,Nelson Mario,Engenharia Telecomunicacoes,4,27,F,13.5
20260101,Fatima Luis,Engenharia de Redes,3,29,M,7.5
20260102,Samuel Ernesto,Engenharia Informatica,2,21,F,13.7
20260103,Edson Mateus,Engenharia de Redes,4,28,F,6.1
20260104,Nelson Mario,Engenharia Informatica,3,30,F,16.9
20260105,Helena Augusto,Engenharia Informatica,3,25,M,14.9
20260106,Marta Paulo,Engenharia Electronica,1,30,M,17.3
20260107,Joao Alberto,Engenharia de Redes,3,27,M,15.6
20260108,Manuel Sergio,Engenharia Telecomunicacoes,3,26,M,12.0
20260109,Helena Augusto,Engenharia Electronica,3,30,F,17.5
20260110,Marta Paulo,Engenharia Electronica,4,20,M,13.5
20260111,Elsa Domingos,Engenharia Electronica,1,24,M,7.7
20260112,Fatima Luis,Engenharia Electronica,3,22,M,18.2
20260113,Sonia Armando,Engenharia Informatica,2,18,F,15.8
20260114,Alberto Jaime,Engenharia Telecomunicacoes,4,27,M,11.7
20260115,Ana Manuel,Engenharia Informatica,3,20,M,15.4
20260116,Edson Mateus,Engenharia Electronica,4,25,M,11.4
20260117,Dario Miguel,Engenharia Electronica,3,28,M,9.1
20260118,Sonia Armando,Engenharia Telecomunicacoes,1,28,F,9.7
20260119,Dario Miguel,Engenharia Telecomunicacoes,2,20,M,9.1
20260120,Helena Augusto,Engenharia Electronica,1,30,F,9.4
20260121,Antonio Salvador,Engenharia Telecomunicacoes,3,17,F,9.1
20260122,Carlos Jose,Engenharia Electronica,2,27,M,6.5
20260123,Ana Manuel,Engenharia Electronica,4,24,M,10.1
20260124,Carlos Jose,Engenharia Electronica,4,18,F,11.0
20260125,Marta Paulo,Engenharia Informatica,2,19,M,6.3
20260126,Nelson Mario,Engenharia Informatica,4,26,F,16.6
20260127,Elsa Domingos,Engenharia de Redes,4,21,M,9.6
20260128,Samuel Ernesto,Engenharia Informatica,1,29,F,14.4
20260129,Sonia Armando,Engenharia Informatica,2,20,F,13.3
20260130,Pedro Tomas,Engenharia Informatica,4,24,M,9.4
20260131,Nelson Mario,Engenharia Electronica,3,28,M,6.1
20260132,Nelson Mario,Engenharia Electronica,2,23,F,13.2
20260133,Celina Ernesto,Engenharia Electronica,2,18,F,7.5
20260134,Edson Mateus,Engenharia Electronica,4,18,M,15.3
20260135,Elsa Domingos,Engenharia Electronica,4,24,F,14.0
20260136,Manuel Sergio,Engenharia Electronica,3,17,F,8.4
20260137,Helena Augusto,Engenharia Informatica,3,26,F,16.4
20260138,Pedro Tomas,Engenharia de Redes,4,21,F,20.0
20260139,Manuel Sergio,Engenharia de Redes,1,24,M,11.1
20260140,Lucia Joaquim,Engenharia Informatica,2,22,M,15.4
20260141,Edson Mateus,Engenharia de Redes,1,24,F,9.7
20260142,Lucia Joaquim,Engenharia Informatica,4,30,F,14.9
20260143,Dario Miguel,Engenharia de Redes,4,17,F,12.8
20260144,Samuel Ernesto,Engenharia de Redes,4,29,F,8.1
20260145,Dario Miguel,Engenharia Telecomunicacoes,3,24,M,6.8
20260146,Samuel Ernesto,Engenharia Telecomunicacoes,2,21,F,13.3
20260147,Marta Paulo,Engenharia Telecomunicacoes,1,24,F,14.7
20260148,Celina Ernesto,Engenharia de Redes,3,25,M,11.2
20260149,Alberto Jaime,Engenharia de Redes,2,24,F,10.8
20260150,Samuel Ernesto,Engenharia Telecomunicacoes,1,21,M,10.1
20260151,Teresa Carlos,Engenharia Electronica,1,21,M,17.6
20260152,Helena Augusto,Engenharia de Redes,2,24,M,10.2
20260153,Dario Miguel,Engenharia de Redes,4,22,F,19.7
20260154,Nelson Mario,Engenharia de Redes,2,30,M,5.7
20260155,Alberto Jaime,Engenharia de Redes,4,27,F,12.4
20260156,Carlos Jose,Engenharia Telecomunicacoes,3,30,F,18.1
20260157,Rosa Fernando,Engenharia Informatica,4,17,F,11.1
20260158,Celina Ernesto,Engenharia Informatica,4,29,M,10.1
20260159,Elsa Domingos,Engenharia Informatica,3,30,M,19.3
20260160,Alberto Jaime,Engenharia Informatica,1,20,M,20.0
20260161,Marta Paulo,Engenharia de Redes,1,29,F,11.7
20260162,Edson Mateus,Engenharia Informatica,1,22,F,9.4
20260163,Antonio Salvador,Engenharia de Redes,2,20,M,13.5
20260164,Pedro Tomas,Engenharia Telecomunicacoes,2,18,M,14.3
20260165,Nelson Mario,Engenharia de Redes,2,20,M,14.6
20260166,Rosa Fernando,Engenharia Electronica,1,29,M,18.5
20260167,Dario Miguel,Engenharia Telecomunicacoes,1,24,M,19.8
20260168,Edson Mateus,Engenharia de Redes,3,24,M,8.0
20260169,Elsa Domingos,Engenharia de Redes,1,20,M,13.6
20260170,Helena Augusto,Engenharia Electronica,3,17,M,9.1
20260171,Helena Augusto,Engenharia Informatica,4,30,M,16.6
20260172,Nelson Mario,Engenharia Electronica,2,27,F,14.3
20260173,Celina Ernesto,Engenharia Informatica,1,21,M,5.5
20260174,Antonio Salvador,Engenharia Telecomunicacoes,1,21,M,16.2
20260175,Pedro Tomas,Engenharia Telecomunicacoes,2,29,M,13.0
20260176,Sonia Armando,Engenharia Telecomunicacoes,3,30,M,19.5
20260177,Edson Mateus,Engenharia Electronica,1,24,F,7.1
20260178,Nelson Mario,Engenharia de Redes,3,18,M,5.2
20260179,Dario Miguel,Engenharia Informatica,4,22,M,13.8
20260180,Antonio Salvador,Engenharia Informatica,2,24,F,14.3
20260181,Dario Miguel,Engenharia Electronica,2,27,F,14.5
20260182,Rosa Fernando,Engenharia Electronica,4,18,F,5.7
20260183,Carlos Jose,Engenharia Electronica,4,18,F,8.5
20260184,Dario Miguel,Engenharia Telecomunicacoes,4,24,M,15.1
20260185,Dario Miguel,Engenharia de Redes,2,23,F,17.5
20260186,Samuel Ernesto,Engenharia de Redes,3,17,M,8.3
20260187,Rosa Fernando,Engenharia Telecomunicacoes,3,18,M,13.2
20260188,Antonio Salvador,Engenharia Informatica,4,21,F,19.5
20260189,Rosa Fernando,Engenharia Informatica,2,27,F,5.8
20260190,Lucia Joaquim,Engenharia Telecomunicacoes,2,29,F,6.0
20260191,Dario Miguel,Engenharia Telecomunicacoes,2,30,F,9.9
20260192,Celina Ernesto,Engenharia Informatica,3,30,F,19.8
20260193,Dario Miguel,Engenharia Electronica,2,18,F,7.0
20260194,Antonio Salvador,Engenharia Telecomunicacoes,3,17,F,9.0
20260195,Celina Ernesto,Engenharia de Redes,1,28,F,12.1
20260196,Antonio Salvador,Engenharia Informatica,4,25,F,19.2
20260197,Carlos Jose,Engenharia Electronica,4,27,F,5.9
20260198,Alberto Jaime,Engenharia de Redes,4,27,F,12.4
20260199,Rosa Fernando,Engenharia Informatica,1,22,F,6.0
20260200,Sonia Armando,Engenharia Electronica,4,26,M,11.8
20260201,Samuel Ernesto,Engenharia de Redes,1,29,F,17.8
20260202,Dario Miguel,Engenharia Telecomunicacoes,4,24,F,11.2
20260203,Rosa Fernando,Engenharia de Redes,4,28,F,9.7
20260204,Lucia Joaquim,Engenharia Electronica,3,19,M,6.0
20260205,Marta Paulo,Engenharia Informatica,4,18,M,17.2
20260206,Dario Miguel,Engenharia Informatica,3,27,F,11.2
20260207,Manuel Sergio,Engenharia Informatica,3,26,M,10.3
20260208,Helena Augusto,Engenharia Telecomunicacoes,2,27,M,8.4
20260209,Joao Alberto,Engenharia Electronica,3,18,M,13.6
20260210,Manuel Sergio,Engenharia Informatica,3,17,F,9.1
20260211,Edson Mateus,Engenharia Electronica,3,17,F,18.0
20260212,Helena Augusto,Engenharia de Redes,1,19,F,6.4
20260213,Teresa Carlos,Engenharia Telecomunicacoes,4,23,M,10.1
20260214,Antonio Salvador,Engenharia Electronica,3,29,F,18.3
20260215,Celina Ernesto,Engenharia Telecomunicacoes,1,27,F,9.1
20260216,Manuel Sergio,Engenharia de Redes,4,23,M,8.2
20260217,Teresa Carlos,Engenharia Informatica,3,23,F,9.2
20260218,Helena Augusto,Engenharia de Redes,3,17,F,10.9
20260219,Samuel Ernesto,Engenharia Informatica,1,20,M,19.2
20260220,Celina Ernesto,Engenharia Electronica,3,22,F,5.1
20260221,Manuel Sergio,Engenharia Telecomunicacoes,2,23,F,12.5
20260222,Antonio Salvador,Engenharia Informatica,4,30,F,11.5
20260223,Rosa Fernando,Engenharia Informatica,3,26,M,13.6
20260224,Manuel Sergio,Engenharia Electronica,1,23,F,19.5
20260225,Pedro Tomas,Engenharia de Redes,3,18,M,17.7
20260226,Nelson Mario,Engenharia de Redes,4,25,F,10.9
20260227,Edson Mateus,Engenharia Electronica,2,22,F,6.1
20260228,Joao Alberto,Engenharia Telecomunicacoes,3,22,F,8.5
20260229,Celina Ernesto,Engenharia Electronica,2,19,F,16.4
20260230,Marta Paulo,Engenharia Telecomunicacoes,4,24,M,15.2
20260231,Helena Augusto,Engenharia Electronica,3,19,M,6.0
20260232,Rosa Fernando,Engenharia Electronica,3,26,F,10.3
20260233,Marta Paulo,Engenharia Electronica,4,24,F,5.9
20260234,Edson Mateus,Engenharia Informatica,1,26,M,11.9
20260235,Dario Miguel,Engenharia Informatica,4,29,F,9.8
20260236,Alberto Jaime,Engenharia Telecomunicacoes,1,24,F,17.2
20260237,Lucia Joaquim,Engenharia Informatica,2,17,F,15.6
20260238,Rosa Fernando,Engenharia Telecomunicacoes,3,22,M,10.8
20260239,Lucia Joaquim,Engenharia Informatica,3,18,M,6.4
20260240,Elsa Domingos,Engenharia Electronica,3,28,F,10.0
20260241,Helena Augusto,Engenharia Telecomunicacoes,3,21,M,6.9
20260242,Marta Paulo,Engenharia Electronica,4,27,M,17.2
20260243,Teresa Carlos,Engenharia Informatica,4,25,M,5.3
20260244,Edson Mateus,Engenharia Telecomunicacoes,2,22,M,7.9
20260245,Celina Ernesto,Engenharia Telecomunicacoes,1,21,F,12.6
20260246,Dario Miguel,Engenharia Informatica,3,29,F,14.0
20260247,Celina Ernesto,Engenharia Telecomunicacoes,2,30,F,15.8
20260248,Carlos Jose,Engenharia de Redes,3,27,F,19.5
20260249,Samuel Ernesto,Engenharia Electronica,4,20,F,9.6
20260250,Alberto Jaime,Engenharia Telecomunicacoes,3,27,M,11.9
20260251,Edson Mateus,Engenharia de Redes,4,19,F,17.0
20260252,Celina Ernesto,Engenharia Electronica,1,27,M,18.1
20260253,Dario Miguel,Engenharia Informatica,1,21,F,16.4
20260254,Sonia Armando,Engenharia de Redes,2,30,M,6.4
20260255,Nelson Mario,Engenharia de Redes,3,17,M,5.8
20260256,Teresa Carlos,Engenharia Electronica,2,23,F,10.6
20260257,Ana Manuel,Engenharia Electronica,1,30,M,16.9
20260258,Celina Ernesto,Engenharia Informatica,3,30,M,15.4
20260259,Celina Ernesto,Engenharia de Redes,4,26,F,18.6
20260260,Ana Manuel,Engenharia Electronica,2,30,F,13.2
20260261,Samuel Ernesto,Engenharia de Redes,1,29,M,8.6
20260262,Joao Alberto,Engenharia Informatica,2,23,M,5.9
20260263,Alberto Jaime,Engenharia Informatica,2,28,F,9.4
20260264,Ana Manuel,Engenharia Electronica,2,26,M,7.8
20260265,Marta Paulo,Engenharia Electronica,1,25,F,10.9
20260266,Alberto Jaime,Engenharia Informatica,4,22,M,16.2
20260267,Antonio Salvador,Engenharia Informatica,3,20,F,16.6
20260268,Lucia Joaquim,Engenharia Telecomunicacoes,1,22,M,17.2
20260269,Pedro Tomas,Engenharia de Redes,4,27,F,17.2
20260270,Marta Paulo,Engenharia de Redes,1,21,F,5.7
20260271,Fatima Luis,Engenharia Informatica,3,21,M,19.8
20260272,Dario Miguel,Engenharia de Redes,3,17,F,9.3
20260273,Carlos Jose,Engenharia Electronica,3,18,M,11.6
20260274,Elsa Domingos,Engenharia de Redes,4,22,F,12.4
20260275,Alberto Jaime,Engenharia Electronica,3,29,F,15.9
20260276,Marta Paulo,Engenharia de Redes,2,25,M,9.8
20260277,Marta Paulo,Engenharia Electronica,3,21,M,14.0
20260278,Manuel Sergio,Engenharia Telecomunicacoes,4,22,M,5.6
20260279,Antonio Salvador,Engenharia de Redes,3,27,F,6.1
20260280,Elsa Domingos,Engenharia Electronica,2,17,F,17.7
20260281,Rosa Fernando,Engenharia Informatica,2,18,F,16.7
20260282,Antonio Salvador,Engenharia Electronica,4,26,F,14.1
20260283,Rosa Fernando,Engenharia Electronica,3,24,F,13.6
20260284,Teresa Carlos,Engenharia Electronica,4,22,M,8.7
20260285,Joao Alberto,Engenharia Informatica,2,24,M,18.7
20260286,Joao Alberto,Engenharia Electronica,3,28,M,8.2
20260287,Samuel Ernesto,Engenharia Electronica,4,20,F,7.0
20260288,Marta Paulo,Engenharia de Redes,2,28,M,20.0
20260289,Lucia Joaquim,Engenharia Electronica,1,25,M,18.4
20260290,Pedro Tomas,Engenharia Telecomunicacoes,3,25,F,6.8
20260291,Fatima Luis,Engenharia Telecomunicacoes,2,29,M,5.4
20260292,Dario Miguel,Engenharia Electronica,4,29,F,14.2
20260293,Marta Paulo,Engenharia Informatica,3,23,M,12.9
20260294,Manuel Sergio,Engenharia Informatica,2,22,F,11.7
20260295,Teresa Carlos,Engenharia Electronica,2,30,F,16.5
20260296,Celina Ernesto,Engenharia de Redes,1,30,F,12.8
20260297,Edson Mateus,Engenharia Telecomunicacoes,2,22,F,10.2
20260298,Teresa Carlos,Engenharia Electronica,1,21,F,14.5
20260299,Dario Miguel,Engenharia Electronica,2,27,M,14.2
20260300,Marta Paulo,Engenharia Telecomunicacoes,2,19,M,17.6
20260301,Helena Augusto,Engenharia Informatica,1,18,F,19.2
20260302,Helena Augusto,Engenharia Electronica,2,29,M,14.3
20260303,Ana Manuel,Engenharia de Redes,3,27,M,12.2
20260304,Elsa Domingos,Engenharia Electronica,4,18,F,7.4
20260305,Manuel Sergio,Engenharia de Redes,4,20,M,14.1
20260306,Lucia Joaquim,Engenharia Electronica,3,23,F,16.4
20260307,Teresa Carlos,Engenharia Informatica,3,20,M,6.8
20260308,Rosa Fernando,Engenharia Telecomunicacoes,2,18,F,9.4
20260309,Elsa Domingos,Engenharia de Redes,2,30,F,17.2
20260310,Helena Augusto,Engenharia Electronica,2,29,F,12.5
20260311,Teresa Carlos,Engenharia de Redes,4,21,M,5.3
20260312,Elsa Domingos,Engenharia de Redes,2,20,M,5.7
20260313,Edson Mateus,Engenharia de Redes,4,21,F,17.7
20260314,Manuel Sergio,Engenharia Telecomunicacoes,3,28,M,16.5
20260315,Antonio Salvador,Engenharia Informatica,4,17,F,10.4
20260316,Edson Mateus,Engenharia Informatica,4,25,M,16.5
20260317,Sonia Armando,Engenharia Informatica,2,18,M,10.6
20260318,Lucia Joaquim,Engenharia Electronica,2,20,M,12.5
20260319,Carlos Jose,Engenharia Informatica,2,28,M,17.1
20260320,Teresa Carlos,Engenharia de Redes,2,26,F,9.9
20260321,Samuel Ernesto,Engenharia Electronica,2,23,M,13.9
20260322,Teresa Carlos,Engenharia de Redes,3,24,F,10.5
20260323,Joao Alberto,Engenharia de Redes,3,29,F,14.0
20260324,Sonia Armando,Engenharia Telecomunicacoes,1,26,M,7.6
20260325,Samuel Ernesto,Engenharia de Redes,2,30,F,5.5
20260326,Joao Alberto,Engenharia Telecomunicacoes,1,24,M,11.3
20260327,Manuel Sergio,Engenharia Telecomunicacoes,4,25,M,18.1
20260328,Carlos Jose,Engenharia Telecomunicacoes,2,25,M,20.0
20260329,Alberto Jaime,Engenharia de Redes,3,19,M,18.7
20260330,Lucia Joaquim,Engenharia Electronica,3,26,M,7.9
20260331,Nelson Mario,Engenharia Electronica,3,20,M,16.6
20260332,Fatima Luis,Engenharia de Redes,3,24,M,13.4
20260333,Sonia Armando,Engenharia Electronica,1,26,M,18.4
20260334,Elsa Domingos,Engenharia Electronica,2,21,F,9.3
20260335,Marta Paulo,Engenharia Electronica,4,27,M,16.2
20260336,Fatima Luis,Engenharia Telecomunicacoes,3,25,M,7.1
20260337,Samuel Ernesto,Engenharia Telecomunicacoes,2,17,F,14.6
20260338,Carlos Jose,Engenharia Informatica,4,22,M,6.5
20260339,Celina Ernesto,Engenharia Informatica,2,23,M,12.2
20260340,Fatima Luis,Engenharia Electronica,3,21,F,18.6
20260341,Marta Paulo,Engenharia Telecomunicacoes,1,19,M,18.2
20260342,Pedro Tomas,Engenharia Informatica,4,29,M,7.8
20260343,Edson Mateus,Engenharia Informatica,1,21,F,18.9
20260344,Lucia Joaquim,Engenharia Electronica,4,27,M,18.3
20260345,Celina Ernesto,Engenharia de Redes,3,20,F,10.0
20260346,Rosa Fernando,Engenharia Electronica,2,17,M,16.9
20260347,Helena Augusto,Engenharia Telecomunicacoes,2,26,M,17.4
20260348,Teresa Carlos,Engenharia Electronica,1,23,F,7.8
20260349,Celina Ernesto,Engenharia de Redes,3,20,F,8.9
20260350,Nelson Mario,Engenharia de Redes,3,22,M,13.7
20260351,Helena Augusto,Engenharia Informatica,3,27,M,15.4
20260352,Carlos Jose,Engenharia Informatica,4,21,F,11.1
20260353,Teresa Carlos,Engenharia Electronica,1,27,M,10.5
20260354,Nelson Mario,Engenharia Telecomunicacoes,2,24,F,11.8
20260355,Samuel Ernesto,Engenharia Electronica,4,28,M,16.4
20260356,Fatima Luis,Engenharia Telecomunicacoes,1,25,M,12.9
20260357,Antonio Salvador,Engenharia Informatica,1,17,F,13.6
20260358,Celina Ernesto,Engenharia Telecomunicacoes,3,30,M,6.7
20260359,Fatima Luis,Engenharia de Redes,1,25,M,17.1
20260360,Rosa Fernando,Engenharia Telecomunicacoes,4,24,F,13.4
20260361,Edson Mateus,Engenharia Informatica,4,21,F,16.2
20260362,Helena Augusto,Engenharia Informatica,1,23,M,15.5
20260363,Dario Miguel,Engenharia Informatica,1,24,F,9.3
20260364,Pedro Tomas,Engenharia Telecomunicacoes,4,22,M,11.7
20260365,Elsa Domingos,Engenharia de Redes,1,27,F,14.8
20260366,Antonio Salvador,Engenharia Informatica,2,25,M,12.9
20260367,Nelson Mario,Engenharia Informatica,1,21,M,15.1
20260368,Dario Miguel,Engenharia de Redes,4,30,F,8.7
20260369,Antonio Salvador,Engenharia Telecomunicacoes,3,20,F,5.5
20260370,Manuel Sergio,Engenharia Informatica,2,20,F,6.5
20260371,Carlos Jose,Engenharia de Redes,1,20,F,11.0
20260372,Nelson Mario,Engenharia Telecomunicacoes,1,19,M,8.5
20260373,Helena Augusto,Engenharia Electronica,3,20,M,18.1
20260374,Teresa Carlos,Engenharia Telecomunicacoes,4,21,M,5.9
20260375,Helena Augusto,Engenharia Telecomunicacoes,4,25,M,5.7
20260376,Antonio Salvador,Engenharia de Redes,3,28,M,11.1
20260377,Edson Mateus,Engenharia de Redes,2,29,M,8.6
20260378,Nelson Mario,Engenharia Electronica,2,29,M,18.7
20260379,Dario Miguel,Engenharia de Redes,4,25,F,10.8
20260380,Sonia Armando,Engenharia Telecomunicacoes,3,27,F,18.8
20260381,Antonio Salvador,Engenharia Informatica,2,17,M,10.7
20260382,Samuel Ernesto,Engenharia Informatica,1,20,F,12.2
20260383,Lucia Joaquim,Engenharia Electronica,1,20,F,19.4
20260384,Joao Alberto,Engenharia de Redes,2,28,F,10.9
20260385,Nelson Mario,Engenharia Electronica,3,23,M,13.0
20260386,Antonio Salvador,Engenharia Electronica,3,22,M,12.0
20260387,Alberto Jaime,Engenharia Electronica,2,22,M,11.2
20260388,Helena Augusto,Engenharia Telecomunicacoes,2,17,M,13.3
20260389,Helena Augusto,Engenharia de Redes,3,19,F,9.9
20260390,Elsa Domingos,Engenharia Telecomunicacoes,4,25,M,8.9
20260391,Alberto Jaime,Engenharia de Redes,4,19,M,7.5
20260392,Dario Miguel,Engenharia de Redes,2,25,F,12.9
20260393,Marta Paulo,Engenharia Informatica,1,23,F,17.6
20260394,Nelson Mario,Engenharia Informatica,2,17,F,12.6
20260395,Antonio Salvador,Engenharia Informatica,4,27,M,5.2
20260396,Dario Miguel,Engenharia de Redes,1,17,M,13.0
20260397,Edson Mateus,Engenharia Informatica,4,29,F,6.6
20260398,Joao Alberto,Engenharia Telecomunicacoes,2,20,M,17.2
20260399,Sonia Armando,Engenharia de Redes,1,22,M,11.9
20260400,Nelson Mario,Engenharia Telecomunicacoes,3,27,F,14.8
20260401,Carlos Jose,Engenharia Informatica,4,23,M,13.3
20260402,Carlos Jose,Engenharia Informatica,2,18,M,17.7
20260403,Lucia Joaquim,Engenharia Informatica,1,20,F,18.5
20260404,Helena Augusto,Engenharia de Redes,3,17,F,15.3
20260405,Sonia Armando,Engenharia Informatica,2,30,M,5.2
20260406,Fatima Luis,Engenharia Telecomunicacoes,4,18,M,7.4
20260407,Nelson Mario,Engenharia de Redes,3,23,F,16.9
20260408,Marta Paulo,Engenharia Electronica,1,18,M,8.5
20260409,Marta Paulo,Engenharia Electronica,4,29,M,5.4
20260410,Sonia Armando,Engenharia de Redes,4,20,M,13.3
20260411,Elsa Domingos,Engenharia de Redes,2,27,M,6.3
20260412,Samuel Ernesto,Engenharia Electronica,2,28,F,6.2
20260413,Celina Ernesto,Engenharia de Redes,2,28,M,9.8
20260414,Joao Alberto,Engenharia Informatica,1,21,M,10.4
20260415,Sonia Armando,Engenharia Informatica,2,18,F,11.5
20260416,Dario Miguel,Engenharia de Redes,1,17,F,10.3
20260417,Marta Paulo,Engenharia Electronica,4,17,M,11.2
20260418,Marta Paulo,Engenharia Telecomunicacoes,2,27,M,7.5
20260419,Sonia Armando,Engenharia Electronica,3,24,F,5.9
20260420,Manuel Sergio,Engenharia Electronica,4,21,M,16.7
20260421,Antonio Salvador,Engenharia Electronica,2,28,M,13.9
20260422,Fatima Luis,Engenharia de Redes,1,19,M,5.1
20260423,Elsa Domingos,Engenharia Electronica,4,29,M,11.6
20260424,Manuel Sergio,Engenharia Telecomunicacoes,3,22,F,12.2
20260425,Pedro Tomas,Engenharia de Redes,3,21,M,19.5
20260426,Nelson Mario,Engenharia Electronica,4,21,M,10.5
20260427,Helena Augusto,Engenharia Telecomunicacoes,2,27,F,19.3
20260428,Rosa Fernando,Engenharia Telecomunicacoes,4,29,M,17.5
20260429,Marta Paulo,Engenharia de Redes,4,19,M,8.6
20260430,Celina Ernesto,Engenharia de Redes,4,18,M,19.9
20260431,Alberto Jaime,Engenharia de Redes,4,25,F,16.9
20260432,Antonio Salvador,Engenharia Informatica,1,29,F,14.9
20260433,Antonio Salvador,Engenharia Telecomunicacoes,1,26,M,19.5
20260434,Lucia Joaquim,Engenharia de Redes,1,17,F,8.9
20260435,Teresa Carlos,Engenharia Telecomunicacoes,4,22,M,11.9
20260436,Helena Augusto,Engenharia Telecomunicacoes,3,17,M,6.6
20260437,Manuel Sergio,Engenharia Informatica,1,30,F,10.2
20260438,Lucia Joaquim,Engenharia de Redes,2,25,M,10.2
20260439,Joao Alberto,Engenharia de Redes,4,22,F,9.5
20260440,Joao Alberto,Engenharia Informatica,3,27,F,15.2
20260441,Pedro Tomas,Engenharia Telecomunicacoes,2,25,F,10.0
20260442,Manuel Sergio,Engenharia de Redes,2,29,M,14.4
20260443,Pedro Tomas,Engenharia de Redes,4,17,F,11.7
20260444,Manuel Sergio,Engenharia de Redes,1,28,F,8.1
20260445,Marta Paulo,Engenharia Informatica,2,22,M,8.0
20260446,Joao Alberto,Engenharia Electronica,4,25,M,14.0
20260447,Samuel Ernesto,Engenharia de Redes,1,22,M,17.7
20260448,Samuel Ernesto,Engenharia Telecomunicacoes,3,26,F,15.1
20260449,Lucia Joaquim,Engenharia Informatica,2,21,F,7.7
20260450,Celina Ernesto,Engenharia de Redes,4,26,F,13.6
20260451,Manuel Sergio,Engenharia Telecomunicacoes,4,27,F,13.3
20260452,Alberto Jaime,Engenharia Electronica,2,19,M,17.6
20260453,Samuel Ernesto,Engenharia Informatica,3,17,M,7.0
20260454,Elsa Domingos,Engenharia de Redes,4,27,M,11.2
20260455,Rosa Fernando,Engenharia de Redes,2,18,F,16.9
20260456,Nelson Mario,Engenharia Electronica,1,21,F,13.1
20260457,Pedro Tomas,Engenharia de Redes,4,25,F,13.6
20260458,Sonia Armando,Engenharia Electronica,1,29,M,13.2
20260459,Manuel Sergio,Engenharia Informatica,2,21,F,11.7
20260460,Antonio Salvador,Engenharia Informatica,4,30,F,16.6
20260461,Nelson Mario,Engenharia Telecomunicacoes,3,30,M,7.5
20260462,Celina Ernesto,Engenharia Telecomunicacoes,2,29,F,13.6
20260463,Dario Miguel,Engenharia Electronica,2,22,M,9.3
20260464,Sonia Armando,Engenharia Informatica,2,29,M,18.8
20260465,Sonia Armando,Engenharia Telecomunicacoes,2,20,F,15.7
20260466,Nelson Mario,Engenharia de Redes,4,19,M,14.4
20260467,Elsa Domingos,Engenharia de Redes,1,27,F,11.0
20260468,Sonia Armando,Engenharia Electronica,4,24,M,13.7
20260469,Marta Paulo,Engenharia de Redes,3,30,F,16.9
20260470,Elsa Domingos,Engenharia Telecomunicacoes,4,30,F,12.4
20260471,Lucia Joaquim,Engenharia Electronica,3,25,F,13.5
20260472,Alberto Jaime,Engenharia Electronica,1,17,F,14.4
20260473,Rosa Fernando,Engenharia Informatica,1,30,F,11.6
20260474,Ana Manuel,Engenharia de Redes,2,28,F,18.2
20260475,Edson Mateus,Engenharia Telecomunicacoes,3,18,M,8.8
20260476,Antonio Salvador,Engenharia Telecomunicacoes,1,23,M,15.9
20260477,Nelson Mario,Engenharia de Redes,1,28,F,5.0
20260478,Alberto Jaime,Engenharia Informatica,2,26,F,12.8
20260479,Rosa Fernando,Engenharia Informatica,1,28,M,17.3
20260480,Manuel Sergio,Engenharia Telecomunicacoes,4,18,F,10.7
20260481,Joao Alberto,Engenharia Informatica,3,22,M,7.1
20260482,Celina Ernesto,Engenharia Telecomunicacoes,1,25,F,14.2
20260483,Pedro Tomas,Engenharia de Redes,3,28,F,14.4
20260484,Celina Ernesto,Engenharia de Redes,4,30,F,6.3
20260485,Joao Alberto,Engenharia Telecomunicacoes,1,26,M,10.3
20260486,Manuel Sergio,Engenharia Electronica,2,20,M,14.7
20260487,Nelson Mario,Engenharia Electronica,1,30,M,8.1
20260488,Samuel Ernesto,Engenharia Telecomunicacoes,4,21,F,16.8
20260489,Nelson Mario,Engenharia de Redes,4,18,F,12.5
20260490,Samuel Ernesto,Engenharia Informatica,1,22,M,7.0
20260491,Helena Augusto,Engenharia de Redes,3,25,F,16.4
20260492,Marta Paulo,Engenharia Informatica,1,17,M,8.2
20260493,Carlos Jose,Engenharia de Redes,3,27,M,11.4
20260494,Elsa Domingos,Engenharia Informatica,2,21,F,9.6
20260495,Teresa Carlos,Engenharia Telecomunicacoes,2,25,M,10.9
20260496,Marta Paulo,Engenharia Electronica,4,28,F,5.9
20260497,Marta Paulo,Engenharia de Redes,1,24,F,9.6
20260498,Pedro Tomas,Engenharia Informatica,1,28,F,15.5
20260499,Pedro Tomas,Engenharia de Redes,3,25,M,7.5
20260500,Celina Ernesto,Engenharia Electronica,1,29,F,10.0
20260501,Manuel Sergio,Engenharia Electronica,1,21,F,12.4
20260502,Teresa Carlos,Engenharia Electronica,1,24,F,10.5
20260503,Sonia Armando,Engenharia Informatica,1,20,F,5.7
20260504,Ana Manuel,Engenharia Telecomunicacoes,1,24,M,10.7
20260505,Celina Ernesto,Engenharia Telecomunicacoes,1,25,M,8.4
20260506,Nelson Mario,Engenharia de Redes,3,21,F,13.6
20260507,Joao Alberto,Engenharia Informatica,2,20,F,19.3
20260508,Marta Paulo,Engenharia de Redes,3,29,M,9.9
20260509,Dario Miguel,Engenharia de Redes,1,22,F,9.4
20260510,Edson Mateus,Engenharia Telecomunicacoes,4,22,M,20.0
20260511,Fatima Luis,Engenharia Telecomunicacoes,2,17,M,5.4
20260512,Dario Miguel,Engenharia Electronica,1,22,F,16.4
20260513,Elsa Domingos,Engenharia Electronica,1,20,F,11.3
20260514,Carlos Jose,Engenharia Telecomunicacoes,3,18,F,18.8
20260515,Teresa Carlos,Engenharia de Redes,3,24,F,13.7
20260516,Teresa Carlos,Engenharia Telecomunicacoes,4,18,F,11.5
20260517,Celina Ernesto,Engenharia Telecomunicacoes,3,21,M,18.9
20260518,Elsa Domingos,Engenharia Electronica,3,24,M,8.5
20260519,Fatima Luis,Engenharia Telecomunicacoes,1,19,F,7.5
20260520,Rosa Fernando,Engenharia Electronica,4,18,M,19.5
20260521,Fatima Luis,Engenharia de Redes,3,24,M,17.8
20260522,Marta Paulo,Engenharia Telecomunicacoes,3,30,F,8.2
20260523,Lucia Joaquim,Engenharia Telecomunicacoes,1,28,F,19.5
20260524,Elsa Domingos,Engenharia Informatica,3,21,F,5.5
20260525,Elsa Domingos,Engenharia de Redes,2,18,M,6.5
20260526,Celina Ernesto,Engenharia Informatica,1,17,F,7.0
20260527,Elsa Domingos,Engenharia Electronica,1,26,M,18.8
20260528,Marta Paulo,Engenharia Informatica,1,20,M,17.1
20260529,Marta Paulo,Engenharia Electronica,1,17,M,5.8
20260530,Helena Augusto,Engenharia de Redes,4,24,F,10.7
20260531,Manuel Sergio,Engenharia Telecomunicacoes,3,20,F,9.1
20260532,Rosa Fernando,Engenharia Telecomunicacoes,1,26,F,14.7
20260533,Alberto Jaime,Engenharia de Redes,4,17,F,9.2
20260534,Celina Ernesto,Engenharia de Redes,2,27,F,14.5
20260535,Dario Miguel,Engenharia Informatica,4,29,M,12.2
20260536,Alberto Jaime,Engenharia Electronica,3,23,M,7.7
20260537,Lucia Joaquim,Engenharia Telecomunicacoes,1,29,M,5.9
20260538,Alberto Jaime,Engenharia Electronica,2,19,F,8.7
20260539,Nelson Mario,Engenharia Electronica,1,29,F,13.6
20260540,Elsa Domingos,Engenharia Electronica,2,19,F,13.9
20260541,Antonio Salvador,Engenharia Informatica,3,26,F,13.4
20260542,Fatima Luis,Engenharia de Redes,3,19,M,5.6
20260543,Carlos Jose,Engenharia Telecomunicacoes,2,17,M,5.0
20260544,Samuel Ernesto,Engenharia Telecomunicacoes,2,22,F,18.8
20260545,Lucia Joaquim,Engenharia Informatica,1,19,F,16.6
20260546,Teresa Carlos,Engenharia Electronica,1,22,M,13.8
20260547,Lucia Joaquim,Engenharia Electronica,3,19,F,16.0
20260548,Manuel Sergio,Engenharia de Redes,3,19,M,8.3
20260549,Helena Augusto,Engenharia Telecomunicacoes,4,21,M,6.9
20260550,Ana Manuel,Engenharia de Redes,1,19,M,18.8
20260551,Samuel Ernesto,Engenharia Telecomunicacoes,1,24,F,10.0
20260552,Marta Paulo,Engenharia Telecomunicacoes,3,22,F,14.5
20260553,Marta Paulo,Engenharia Electronica,4,17,M,8.1
20260554,Marta Paulo,Engenharia Electronica,3,29,F,15.8
20260555,Carlos Jose,Engenharia de Redes,4,28,M,19.5
20260556,Manuel Sergio,Engenharia de Redes,4,22,M,6.5
20260557,Alberto Jaime,Engenharia Telecomunicacoes,2,24,F,17.0
20260558,Carlos Jose,Engenharia Electronica,1,22,M,19.3
20260559,Marta Paulo,Engenharia Electronica,2,23,F,16.0
20260560,Dario Miguel,Engenharia Informatica,3,26,M,15.6
20260561,Manuel Sergio,Engenharia Telecomunicacoes,4,19,F,6.5
20260562,Fatima Luis,Engenharia Telecomunicacoes,4,28,M,14.9
20260563,Edson Mateus,Engenharia Telecomunicacoes,1,17,M,13.6
20260564,Alberto Jaime,Engenharia Telecomunicacoes,1,22,F,11.4
20260565,Edson Mateus,Engenharia de Redes,2,18,F,8.1
20260566,Edson Mateus,Engenharia Informatica,4,30,F,9.6
20260567,Elsa Domingos,Engenharia de Redes,4,27,M,6.4
20260568,Dario Miguel,Engenharia de Redes,2,22,M,10.5
20260569,Rosa Fernando,Engenharia Informatica,3,24,M,9.0
20260570,Sonia Armando,Engenharia Informatica,2,29,F,6.3
20260571,Antonio Salvador,Engenharia de Redes,2,25,F,17.6
20260572,Teresa Carlos,Engenharia de Redes,4,26,F,12.1
20260573,Marta Paulo,Engenharia de Redes,1,25,F,6.8
20260574,Rosa Fernando,Engenharia Telecomunicacoes,2,20,F,6.9
20260575,Manuel Sergio,Engenharia Informatica,4,20,F,17.5
20260576,Sonia Armando,Engenharia Electronica,1,18,M,13.3
20260577,Dario Miguel,Engenharia Electronica,3,25,M,18.8
20260578,Ana Manuel,Engenharia de Redes,1,23,F,7.2
20260579,Helena Augusto,Engenharia Informatica,1,26,F,16.8
20260580,Dario Miguel,Engenharia Electronica,4,21,M,14.8
20260581,Helena Augusto,Engenharia de Redes,1,19,M,11.0
20260582,Samuel Ernesto,Engenharia de Redes,1,23,M,15.4
20260583,Carlos Jose,Engenharia de Redes,3,22,F,10.1
20260584,Edson Mateus,Engenharia Electronica,3,30,M,17.9
20260585,Joao Alberto,Engenharia Telecomunicacoes,2,21,M,16.6
20260586,Lucia Joaquim,Engenharia Electronica,4,26,F,7.8
20260587,Fatima Luis,Engenharia de Redes,4,29,M,17.3
20260588,Teresa Carlos,Engenharia Telecomunicacoes,1,21,M,7.0
20260589,Teresa Carlos,Engenharia Informatica,2,20,F,17.6
20260590,Nelson Mario,Engenharia Informatica,4,17,M,15.6
20260591,Sonia Armando,Engenharia Electronica,4,25,M,14.5
20260592,Joao Alberto,Engenharia Informatica,2,22,M,13.9
20260593,Pedro Tomas,Engenharia de Redes,3,22,F,17.6
20260594,Sonia Armando,Engenharia Informatica,3,17,M,5.7
20260595,Helena Augusto,Engenharia Telecomunicacoes,2,27,F,15.2
20260596,Sonia Armando,Engenharia de Redes,1,30,F,12.1
20260597,Celina Ernesto,Engenharia Telecomunicacoes,1,20,M,14.1
20260598,Edson Mateus,Engenharia Electronica,4,23,M,11.9
20260599,Fatima Luis,Engenharia de Redes,3,27,M,13.8
20260600,Ana Manuel,Engenharia Electronica,3,21,F,12.2
20260601,Lucia Joaquim,Engenharia Electronica,3,30,M,8.9
20260602,Edson Mateus,Engenharia Telecomunicacoes,2,25,F,18.5
20260603,Samuel Ernesto,Engenharia de Redes,3,27,F,15.8
20260604,Alberto Jaime,Engenharia Electronica,3,23,M,10.8
20260605,Carlos Jose,Engenharia Telecomunicacoes,3,28,F,15.3
20260606,Alberto Jaime,Engenharia Electronica,3,30,F,17.6
20260607,Dario Miguel,Engenharia Telecomunicacoes,3,18,M,6.9
20260608,Sonia Armando,Engenharia Telecomunicacoes,3,27,F,8.3
20260609,Nelson Mario,Engenharia Electronica,4,29,M,10.6
20260610,Helena Augusto,Engenharia Electronica,4,30,F,12.1
20260611,Helena Augusto,Engenharia Informatica,4,20,F,18.0
20260612,Elsa Domingos,Engenharia Electronica,4,17,F,7.1
20260613,Fatima Luis,Engenharia Electronica,4,26,M,7.1
20260614,Pedro Tomas,Engenharia Informatica,4,22,F,9.7
20260615,Carlos Jose,Engenharia Informatica,4,21,F,16.4
20260616,Pedro Tomas,Engenharia Telecomunicacoes,4,29,F,6.9
20260617,Manuel Sergio,Engenharia de Redes,4,23,M,10.7
20260618,Carlos Jose,Engenharia Telecomunicacoes,3,17,M,16.4
20260619,Teresa Carlos,Engenharia Telecomunicacoes,1,27,F,14.4
20260620,Nelson Mario,Engenharia Telecomunicacoes,3,21,F,6.5
20260621,Teresa Carlos,Engenharia Electronica,2,18,F,9.5
20260622,Edson Mateus,Engenharia de Redes,3,23,F,10.1
20260623,Alberto Jaime,Engenharia Electronica,2,19,M,5.3
20260624,Nelson Mario,Engenharia Telecomunicacoes,2,28,F,13.8
20260625,Pedro Tomas,Engenharia Informatica,3,28,F,10.6
20260626,Sonia Armando,Engenharia Informatica,1,27,F,14.8
20260627,Ana Manuel,Engenharia Informatica,1,23,M,10.7
20260628,Dario Miguel,Engenharia Electronica,4,28,F,8.1
20260629,Ana Manuel,Engenharia Electronica,4,27,F,14.9
20260630,Sonia Armando,Engenharia Telecomunicacoes,4,30,F,12.7
20260631,Samuel Ernesto,Engenharia Informatica,3,18,F,12.5
20260632,Samuel Ernesto,Engenharia Telecomunicacoes,3,30,F,10.4
20260633,Manuel Sergio,Engenharia Electronica,2,17,M,18.7
20260634,Alberto Jaime,Engenharia Electronica,2,17,F,15.1
20260635,Joao Alberto,Engenharia de Redes,2,18,F,15.9
20260636,Joao Alberto,Engenharia Electronica,2,24,M,9.0
20260637,Carlos Jose,Engenharia Informatica,2,30,F,17.8
20260638,Antonio Salvador,Engenharia Electronica,4,28,F,6.4
20260639,Carlos Jose,Engenharia Informatica,2,27,F,9.9
20260640,Rosa Fernando,Engenharia Electronica,1,22,M,7.7
20260641,Elsa Domingos,Engenharia de Redes,4,21,M,15.3
20260642,Alberto Jaime,Engenharia de Redes,2,18,F,15.4
20260643,Carlos Jose,Engenharia Telecomunicacoes,1,23,M,17.0
20260644,Rosa Fernando,Engenharia Telecomunicacoes,4,29,M,14.2
20260645,Celina Ernesto,Engenharia de Redes,4,18,M,11.6
20260646,Marta Paulo,Engenharia Electronica,3,17,F,19.7
20260647,Lucia Joaquim,Engenharia Informatica,4,27,F,12.2
20260648,Elsa Domingos,Engenharia Telecomunicacoes,1,17,F,12.6
20260649,Alberto Jaime,Engenharia de Redes,2,18,M,9.8
20260650,Lucia Joaquim,Engenharia Electronica,1,25,F,13.3
20260651,Elsa Domingos,Engenharia de Redes,2,18,M,11.7
20260652,Helena Augusto,Engenharia de Redes,1,30,M,11.7
20260653,Joao Alberto,Engenharia de Redes,1,18,M,11.2
20260654,Dario Miguel,Engenharia Informatica,1,29,M,18.4
20260655,Dario Miguel,Engenharia Telecomunicacoes,4,22,M,17.4
20260656,Nelson Mario,Engenharia de Redes,3,25,M,15.7
20260657,Antonio Salvador,Engenharia de Redes,1,18,F,5.0
20260658,Antonio Salvador,Engenharia Electronica,3,28,F,5.7
20260659,Pedro Tomas,Engenharia de Redes,2,30,M,6.6
20260660,Samuel Ernesto,Engenharia Telecomunicacoes,2,18,M,8.2
20260661,Fatima Luis,Engenharia Electronica,1,29,M,5.7
20260662,Helena Augusto,Engenharia Informatica,4,24,F,19.5
20260663,Ana Manuel,Engenharia Informatica,4,30,M,18.9
20260664,Pedro Tomas,Engenharia Telecomunicacoes,2,18,M,14.9
20260665,Samuel Ernesto,Engenharia Electronica,4,23,F,9.1
20260666,Lucia Joaquim,Engenharia Electronica,4,29,F,7.1
20260667,Samuel Ernesto,Engenharia Electronica,3,28,F,8.0
20260668,Samuel Ernesto,Engenharia Electronica,3,27,F,19.7
20260669,Pedro Tomas,Engenharia Electronica,1,29,M,13.4
20260670,Helena Augusto,Engenharia de Redes,3,30,M,17.1
20260671,Teresa Carlos,Engenharia Informatica,1,23,F,5.8
20260672,Carlos Jose,Engenharia Telecomunicacoes,3,29,F,19.8
20260673,Sonia Armando,Engenharia Telecomunicacoes,1,28,M,8.1
20260674,Dario Miguel,Engenharia Informatica,3,30,M,6.5
20260675,Dario Miguel,Engenharia Telecomunicacoes,4,20,M,15.4
20260676,Carlos Jose,Engenharia de Redes,4,23,M,19.5
20260677,Carlos Jose,Engenharia Informatica,3,20,M,17.4
20260678,Antonio Salvador,Engenharia Telecomunicacoes,2,21,M,7.7
20260679,Marta Paulo,Engenharia Telecomunicacoes,2,28,F,10.7
20260680,Manuel Sergio,Engenharia Electronica,3,19,F,13.8
20260681,Sonia Armando,Engenharia Informatica,3,24,F,5.6
20260682,Lucia Joaquim,Engenharia Informatica,3,24,M,6.1
20260683,Lucia Joaquim,Engenharia Telecomunicacoes,2,25,F,16.8
20260684,Pedro Tomas,Engenharia de Redes,4,18,M,8.3
20260685,Fatima Luis,Engenharia Electronica,3,22,M,8.3
20260686,Samuel Ernesto,Engenharia de Redes,1,18,M,11.7
20260687,Samuel Ernesto,Engenharia Telecomunicacoes,1,27,M,10.7
20260688,Joao Alberto,Engenharia de Redes,3,25,M,5.4
20260689,Teresa Carlos,Engenharia Electronica,4,24,F,9.4
20260690,Fatima Luis,Engenharia Electronica,1,18,F,19.6
20260691,Dario Miguel,Engenharia Informatica,1,20,F,18.0
20260692,Manuel Sergio,Engenharia Informatica,2,25,M,14.7
20260693,Marta Paulo,Engenharia Telecomunicacoes,1,24,M,5.6
20260694,Marta Paulo,Engenharia Informatica,2,29,M,13.4
20260695,Helena Augusto,Engenharia Telecomunicacoes,3,23,M,11.8
20260696,Elsa Domingos,Engenharia de Redes,3,17,M,15.1
20260697,Dario Miguel,Engenharia Informatica,1,29,F,15.5
20260698,Marta Paulo,Engenharia Electronica,1,21,M,14.1
20260699,Edson Mateus,Engenharia de Redes,4,23,F,12.1
20260700,Dario Miguel,Engenharia Telecomunicacoes,2,28,M,17.0
20260701,Dario Miguel,Engenharia Electronica,2,21,M,19.4
20260702,Ana Manuel,Engenharia Telecomunicacoes,1,17,F,13.6
20260703,Elsa Domingos,Engenharia Informatica,3,20,M,8.2
20260704,Teresa Carlos,Engenharia Telecomunicacoes,2,19,F,14.3
20260705,Sonia Armando,Engenharia Telecomunicacoes,1,19,F,17.8
20260706,Dario Miguel,Engenharia de Redes,1,21,F,8.8
20260707,Fatima Luis,Engenharia de Redes,3,22,F,15.1
20260708,Nelson Mario,Engenharia Informatica,3,26,F,18.5
20260709,Lucia Joaquim,Engenharia de Redes,4,22,M,15.4
20260710,Celina Ernesto,Engenharia Electronica,3,23,F,5.1
20260711,Nelson Mario,Engenharia Telecomunicacoes,4,21,M,7.0
20260712,Lucia Joaquim,Engenharia de Redes,4,24,M,16.6
20260713,Alberto Jaime,Engenharia Informatica,2,27,F,17.6
20260714,Celina Ernesto,Engenharia Telecomunicacoes,3,28,F,15.9
20260715,Ana Manuel,Engenharia Informatica,4,29,F,18.6
20260716,Dario Miguel,Engenharia Electronica,4,27,F,10.5
20260717,Nelson Mario,Engenharia Electronica,2,24,F,11.0
20260718,Teresa Carlos,Engenharia Informatica,2,30,F,16.4
20260719,Celina Ernesto,Engenharia de Redes,2,19,F,16.0
20260720,Alberto Jaime,Engenharia Electronica,1,20,M,8.5
20260721,Sonia Armando,Engenharia Electronica,2,17,F,12.8
20260722,Antonio Salvador,Engenharia de Redes,4,24,F,5.6
20260723,Lucia Joaquim,Engenharia Informatica,3,30,M,13.7
20260724,Helena Augusto,Engenharia Telecomunicacoes,4,27,M,10.5
20260725,Marta Paulo,Engenharia Electronica,4,20,M,10.3
20260726,Antonio Salvador,Engenharia de Redes,4,26,F,12.5
20260727,Celina Ernesto,Engenharia de Redes,2,20,F,12.7
20260728,Sonia Armando,Engenharia Telecomunicacoes,2,19,F,10.4
20260729,Joao Alberto,Engenharia Telecomunicacoes,4,29,M,15.8
20260730,Alberto Jaime,Engenharia de Redes,4,20,F,14.7
20260731,Manuel Sergio,Engenharia Informatica,2,17,F,13.6
20260732,Pedro Tomas,Engenharia Telecomunicacoes,1,26,F,5.8
20260733,Sonia Armando,Engenharia Telecomunicacoes,4,26,F,18.2
20260734,Edson Mateus,Engenharia Informatica,2,24,M,18.0
20260735,Pedro Tomas,Engenharia Telecomunicacoes,4,26,F,16.9
20260736,Pedro Tomas,Engenharia Electronica,2,28,M,18.8
20260737,Samuel Ernesto,Engenharia Informatica,2,23,M,7.0
20260738,Ana Manuel,Engenharia Telecomunicacoes,4,30,F,14.1
20260739,Pedro Tomas,Engenharia de Redes,1,29,F,6.4
20260740,Celina Ernesto,Engenharia Informatica,4,25,M,10.6
20260741,Carlos Jose,Engenharia de Redes,2,29,M,16.8
20260742,Elsa Domingos,Engenharia Electronica,1,23,F,8.8
20260743,Nelson Mario,Engenharia Informatica,3,26,M,8.9
20260744,Ana Manuel,Engenharia Informatica,1,25,F,10.6
20260745,Fatima Luis,Engenharia Electronica,4,22,F,7.3
20260746,Helena Augusto,Engenharia Electronica,3,30,M,13.5
20260747,Samuel Ernesto,Engenharia Electronica,4,29,F,11.2
20260748,Dario Miguel,Engenharia de Redes,2,22,M,8.8
20260749,Edson Mateus,Engenharia Electronica,4,28,F,17.8
20260750,Joao Alberto,Engenharia Telecomunicacoes,4,29,F,6.5
20260751,Teresa Carlos,Engenharia de Redes,3,29,F,7.4
20260752,Ana Manuel,Engenharia Informatica,2,24,M,6.3
20260753,Sonia Armando,Engenharia Telecomunicacoes,3,18,F,15.9
20260754,Elsa Domingos,Engenharia Electronica,1,29,F,14.6
20260755,Rosa Fernando,Engenharia Informatica,2,30,M,7.9
20260756,Samuel Ernesto,Engenharia Telecomunicacoes,2,27,F,10.4
20260757,Ana Manuel,Engenharia Telecomunicacoes,1,21,M,10.3
20260758,Elsa Domingos,Engenharia de Redes,2,25,F,16.1
20260759,Marta Paulo,Engenharia Informatica,3,28,M,10.2
20260760,Sonia Armando,Engenharia Telecomunicacoes,2,24,M,13.6
20260761,Sonia Armando,Engenharia Telecomunicacoes,4,25,F,13.4
20260762,Teresa Carlos,Engenharia Electronica,3,18,M,18.1
20260763,Helena Augusto,Engenharia Electronica,4,23,M,16.5
20260764,Lucia Joaquim,Engenharia de Redes,4,26,F,12.2
20260765,Sonia Armando,Engenharia Informatica,4,27,F,15.2
20260766,Nelson Mario,Engenharia Electronica,4,22,F,15.5
20260767,Sonia Armando,Engenharia Telecomunicacoes,3,18,M,15.1
20260768,Lucia Joaquim,Engenharia Informatica,2,24,M,10.3
20260769,Helena Augusto,Engenharia Electronica,2,28,F,12.5
20260770,Fatima Luis,Engenharia Telecomunicacoes,2,30,M,8.1
20260771,Fatima Luis,Engenharia Telecomunicacoes,3,19,F,6.8
20260772,Marta Paulo,Engenharia de Redes,1,29,F,17.7
20260773,Antonio Salvador,Engenharia Electronica,4,26,M,12.4
20260774,Teresa Carlos,Engenharia Electronica,4,20,F,5.8
20260775,Manuel Sergio,Engenharia de Redes,1,25,M,10.9
20260776,Pedro Tomas,Engenharia de Redes,1,28,M,9.7
20260777,Ana Manuel,Engenharia Informatica,2,23,F,9.9
20260778,Samuel Ernesto,Engenharia Electronica,2,25,M,8.6
20260779,Alberto Jaime,Engenharia Electronica,3,19,M,11.4
20260780,Manuel Sergio,Engenharia Electronica,3,30,M,9.2
20260781,Pedro Tomas,Engenharia Telecomunicacoes,2,30,F,15.8
20260782,Nelson Mario,Engenharia de Redes,4,20,F,17.0
20260783,Celina Ernesto,Engenharia de Redes,1,19,M,12.5
20260784,Teresa Carlos,Engenharia Electronica,4,21,M,13.4
20260785,Helena Augusto,Engenharia Informatica,4,18,F,5.9
20260786,Sonia Armando,Engenharia de Redes,1,24,M,8.9
20260787,Antonio Salvador,Engenharia Electronica,3,17,M,6.8
20260788,Samuel Ernesto,Engenharia Telecomunicacoes,2,29,M,10.3
20260789,Teresa Carlos,Engenharia de Redes,4,18,M,14.2
20260790,Rosa Fernando,Engenharia Telecomunicacoes,2,27,M,11.3
20260791,Samuel Ernesto,Engenharia de Redes,1,18,F,10.2
20260792,Lucia Joaquim,Engenharia Electronica,3,28,M,14.1
20260793,Elsa Domingos,Engenharia Electronica,4,29,M,16.2
20260794,Teresa Carlos,Engenharia de Redes,4,19,F,17.8
20260795,Celina Ernesto,Engenharia Telecomunicacoes,3,28,F,8.2
20260796,Elsa Domingos,Engenharia Informatica,1,18,M,13.2
20260797,Ana Manuel,Engenharia de Redes,1,18,M,14.3
20260798,Marta Paulo,Engenharia de Redes,3,20,F,16.1
20260799,Rosa Fernando,Engenharia Telecomunicacoes,2,25,F,5.4
20260800,Antonio Salvador,Engenharia Electronica,4,24,M,13.2
20260801,Celina Ernesto,Engenharia Telecomunicacoes,4,27,M,12.9
20260802,Dario Miguel,Engenharia Electronica,3,24,F,17.1
20260803,Rosa Fernando,Engenharia Electronica,3,23,M,7.3
20260804,Ana Manuel,Engenharia Informatica,2,22,M,12.0
20260805,Ana Manuel,Engenharia de Redes,4,21,F,16.5
20260806,Edson Mateus,Engenharia Telecomunicacoes,1,25,M,7.8
20260807,Dario Miguel,Engenharia de Redes,4,20,F,15.7
20260808,Elsa Domingos,Engenharia de Redes,2,21,F,11.3
20260809,Nelson Mario,Engenharia Electronica,3,27,M,11.2
20260810,Marta Paulo,Engenharia Telecomunicacoes,2,21,F,14.6
20260811,Samuel Ernesto,Engenharia de Redes,3,28,M,7.8
20260812,Ana Manuel,Engenharia Telecomunicacoes,1,25,F,7.8
20260813,Joao Alberto,Engenharia Electronica,3,19,M,15.9
20260814,Nelson Mario,Engenharia Informatica,2,17,M,8.3
20260815,Manuel Sergio,Engenharia Electronica,4,22,M,15.5
20260816,Carlos Jose,Engenharia Electronica,1,30,F,5.8
20260817,Elsa Domingos,Engenharia Informatica,4,19,F,18.4
20260818,Sonia Armando,Engenharia de Redes,1,18,F,10.8
20260819,Rosa Fernando,Engenharia Telecomunicacoes,1,20,M,16.0
20260820,Joao Alberto,Engenharia Telecomunicacoes,4,23,M,19.0
20260821,Pedro Tomas,Engenharia Informatica,1,21,M,14.6
20260822,Fatima Luis,Engenharia Electronica,1,30,F,19.6
20260823,Nelson Mario,Engenharia de Redes,3,17,F,16.9
20260824,Helena Augusto,Engenharia Informatica,4,29,F,5.1
20260825,Carlos Jose,Engenharia de Redes,2,22,F,8.7
20260826,Alberto Jaime,Engenharia Informatica,3,29,F,5.9
20260827,Celina Ernesto,Engenharia Informatica,2,24,F,9.8
20260828,Dario Miguel,Engenharia Electronica,4,28,F,5.3
20260829,Elsa Domingos,Engenharia Electronica,2,21,F,12.3
20260830,Rosa Fernando,Engenharia Electronica,4,20,F,13.2
20260831,Lucia Joaquim,Engenharia de Redes,3,30,F,6.0
20260832,Celina Ernesto,Engenharia de Redes,3,30,M,13.1
20260833,Rosa Fernando,Engenharia Informatica,4,28,F,18.2
20260834,Samuel Ernesto,Engenharia Electronica,2,22,F,14.9
20260835,Dario Miguel,Engenharia de Redes,2,25,M,16.5
20260836,Celina Ernesto,Engenharia Electronica,3,23,M,6.7
20260837,Teresa Carlos,Engenharia Informatica,1,30,F,7.7
20260838,Carlos Jose,Engenharia Telecomunicacoes,1,24,F,6.5
20260839,Helena Augusto,Engenharia de Redes,4,25,M,5.7
20260840,Nelson Mario,Engenharia Informatica,1,20,M,18.9
20260841,Marta Paulo,Engenharia de Redes,1,22,M,17.3
20260842,Carlos Jose,Engenharia Electronica,1,28,F,17.5
20260843,Marta Paulo,Engenharia Telecomunicacoes,1,18,F,13.0
20260844,Fatima Luis,Engenharia Telecomunicacoes,2,26,F,13.4
20260845,Dario Miguel,Engenharia de Redes,1,29,M,15.1
20260846,Manuel Sergio,Engenharia Informatica,2,29,F,13.2
20260847,Teresa Carlos,Engenharia Electronica,2,25,M,19.0
20260848,Lucia Joaquim,Engenharia Electronica,3,23,M,17.4
20260849,Lucia Joaquim,Engenharia Telecomunicacoes,2,23,M,10.4
20260850,Rosa Fernando,Engenharia de Redes,4,17,F,19.7
20260851,Samuel Ernesto,Engenharia Informatica,2,21,F,9.5
20260852,Nelson Mario,Engenharia Telecomunicacoes,3,17,M,18.8
20260853,Teresa Carlos,Engenharia Telecomunicacoes,1,17,M,10.3
20260854,Celina Ernesto,Engenharia Electronica,3,26,F,8.5
20260855,Edson Mateus,Engenharia Informatica,4,26,F,16.0
20260856,Lucia Joaquim,Engenharia de Redes,2,24,F,13.9
20260857,Edson Mateus,Engenharia Informatica,4,18,F,18.8
20260858,Lucia Joaquim,Engenharia Electronica,4,23,F,18.0
20260859,Nelson Mario,Engenharia Informatica,4,17,M,12.9
20260860,Lucia Joaquim,Engenharia Telecomunicacoes,3,25,F,7.3
20260861,Elsa Domingos,Engenharia de Redes,1,20,M,9.3
20260862,Elsa Domingos,Engenharia Telecomunicacoes,2,22,F,12.1
20260863,Carlos Jose,Engenharia de Redes,3,18,M,12.5
20260864,Celina Ernesto,Engenharia Telecomunicacoes,4,25,F,12.3
20260865,Helena Augusto,Engenharia Telecomunicacoes,2,20,F,9.0
20260866,Manuel Sergio,Engenharia Electronica,1,18,M,11.4
20260867,Antonio Salvador,Engenharia Telecomunicacoes,3,22,F,16.5
20260868,Pedro Tomas,Engenharia Electronica,4,26,F,11.6
20260869,Nelson Mario,Engenharia Telecomunicacoes,3,19,F,6.7
20260870,Carlos Jose,Engenharia Telecomunicacoes,2,30,M,5.2
20260871,Joao Alberto,Engenharia Electronica,4,24,F,10.0
20260872,Dario Miguel,Engenharia Telecomunicacoes,2,25,M,13.2
20260873,Samuel Ernesto,Engenharia Telecomunicacoes,1,23,F,8.8
20260874,Carlos Jose,Engenharia Electronica,2,29,M,5.8
20260875,Ana Manuel,Engenharia Informatica,4,27,M,14.9
20260876,Antonio Salvador,Engenharia Informatica,1,21,M,8.5
20260877,Elsa Domingos,Engenharia Informatica,3,24,F,7.8
20260878,Teresa Carlos,Engenharia de Redes,1,17,F,18.8
20260879,Edson Mateus,Engenharia Electronica,4,23,F,5.3
20260880,Antonio Salvador,Engenharia Electronica,3,20,M,17.2
20260881,Sonia Armando,Engenharia de Redes,1,25,M,8.4
20260882,Lucia Joaquim,Engenharia de Redes,2,18,M,12.8
20260883,Samuel Ernesto,Engenharia Telecomunicacoes,4,20,F,11.4
20260884,Edson Mateus,Engenharia Electronica,4,25,F,8.1
20260885,Celina Ernesto,Engenharia Telecomunicacoes,2,21,F,11.5
20260886,Celina Ernesto,Engenharia Telecomunicacoes,3,18,F,7.8
20260887,Celina Ernesto,Engenharia Informatica,3,23,M,9.6
20260888,Sonia Armando,Engenharia Telecomunicacoes,2,18,F,7.8
20260889,Samuel Ernesto,Engenharia Electronica,2,26,F,8.5
20260890,Ana Manuel,Engenharia Electronica,1,28,M,7.0
20260891,Samuel Ernesto,Engenharia de Redes,3,19,M,12.4
20260892,Celina Ernesto,Engenharia Telecomunicacoes,2,20,F,11.1
20260893,Ana Manuel,Engenharia Electronica,4,20,F,16.4
20260894,Marta Paulo,Engenharia Telecomunicacoes,4,30,M,15.3
20260895,Rosa Fernando,Engenharia Telecomunicacoes,4,23,F,14.1
20260896,Elsa Domingos,Engenharia Electronica,4,26,F,12.8
20260897,Rosa Fernando,Engenharia de Redes,1,20,M,19.8
20260898,Carlos Jose,Engenharia de Redes,1,20,M,11.6
20260899,Edson Mateus,Engenharia Electronica,4,19,M,9.4
20260900,Carlos Jose,Engenharia Telecomunicacoes,4,30,M,6.4
20260901,Teresa Carlos,Engenharia Informatica,2,29,F,10.9
20260902,Lucia Joaquim,Engenharia de Redes,1,19,M,13.9
20260903,Fatima Luis,Engenharia de Redes,1,21,M,15.4
20260904,Pedro Tomas,Engenharia Informatica,1,18,M,14.5
20260905,Marta Paulo,Engenharia de Redes,2,23,M,5.7
20260906,Pedro Tomas,Engenharia Electronica,2,19,F,7.7
20260907,Carlos Jose,Engenharia de Redes,3,21,M,9.3
20260908,Pedro Tomas,Engenharia Informatica,2,20,F,14.3
20260909,Sonia Armando,Engenharia Informatica,4,24,M,13.2
20260910,Ana Manuel,Engenharia de Redes,2,20,M,11.8
20260911,Rosa Fernando,Engenharia Informatica,1,20,M,14.3
20260912,Dario Miguel,Engenharia Telecomunicacoes,1,19,F,5.8
20260913,Antonio Salvador,Engenharia Informatica,2,30,F,15.0
20260914,Samuel Ernesto,Engenharia Electronica,3,18,F,6.6
20260915,Pedro Tomas,Engenharia Telecomunicacoes,3,26,F,19.5
20260916,Helena Augusto,Engenharia Electronica,1,18,M,9.8
20260917,Elsa Domingos,Engenharia Informatica,4,30,F,9.4
20260918,Celina Ernesto,Engenharia Informatica,3,22,M,12.9
20260919,Fatima Luis,Engenharia Informatica,1,26,F,12.3
20260920,Samuel Ernesto,Engenharia Electronica,4,26,M,8.9
20260921,Helena Augusto,Engenharia Electronica,2,26,M,12.8
20260922,Alberto Jaime,Engenharia de Redes,2,26,F,15.6
20260923,Fatima Luis,Engenharia Informatica,1,17,M,14.4
20260924,Joao Alberto,Engenharia Telecomunicacoes,4,23,F,10.0
20260925,Dario Miguel,Engenharia Telecomunicacoes,1,27,F,15.4
20260926,Sonia Armando,Engenharia Informatica,3,21,M,16.5
20260927,Joao Alberto,Engenharia Electronica,3,23,F,17.5
20260928,Fatima Luis,Engenharia Electronica,3,27,M,18.7
20260929,Carlos Jose,Engenharia Telecomunicacoes,4,19,M,18.4
20260930,Dario Miguel,Engenharia Electronica,4,29,M,18.9
20260931,Carlos Jose,Engenharia Electronica,3,25,F,8.1
20260932,Lucia Joaquim,Engenharia Electronica,1,19,M,17.6
20260933,Lucia Joaquim,Engenharia de Redes,2,26,M,7.8
20260934,Joao Alberto,Engenharia Electronica,3,28,F,9.1
20260935,Marta Paulo,Engenharia de Redes,2,22,M,17.4
20260936,Edson Mateus,Engenharia Telecomunicacoes,3,19,F,10.6
20260937,Carlos Jose,Engenharia Telecomunicacoes,1,24,F,17.0
20260938,Teresa Carlos,Engenharia Telecomunicacoes,2,22,M,16.0
20260939,Teresa Carlos,Engenharia Electronica,3,19,F,17.3
20260940,Teresa Carlos,Engenharia Telecomunicacoes,2,28,F,11.9
20260941,Teresa Carlos,Engenharia Informatica,1,21,F,15.3
20260942,Samuel Ernesto,Engenharia Informatica,3,24,F,6.5
20260943,Edson Mateus,Engenharia Informatica,3,27,F,9.8
20260944,Fatima Luis,Engenharia Electronica,3,25,M,16.6
20260945,Joao Alberto,Engenharia Electronica,2,19,M,6.7
20260946,Samuel Ernesto,Engenharia Informatica,2,25,M,13.2
20260947,Sonia Armando,Engenharia Telecomunicacoes,3,26,F,7.6
20260948,Edson Mateus,Engenharia Electronica,4,17,F,5.4
20260949,Carlos Jose,Engenharia Informatica,4,17,F,11.4
20260950,Pedro Tomas,Engenharia de Redes,3,21,M,17.3
20260951,Dario Miguel,Engenharia Informatica,4,26,F,6.4
20260952,Rosa Fernando,Engenharia Informatica,4,21,M,12.1
20260953,Nelson Mario,Engenharia Telecomunicacoes,3,22,M,7.8
20260954,Lucia Joaquim,Engenharia Electronica,4,24,F,6.0
20260955,Joao Alberto,Engenharia Electronica,4,24,F,9.2
20260956,Antonio Salvador,Engenharia Telecomunicacoes,1,23,F,9.9
20260957,Marta Paulo,Engenharia Electronica,4,23,M,8.6
20260958,Nelson Mario,Engenharia Telecomunicacoes,4,23,F,10.1
20260959,Helena Augusto,Engenharia de Redes,4,26,M,13.2
20260960,Nelson Mario,Engenharia Telecomunicacoes,1,28,M,6.7
20260961,Samuel Ernesto,Engenharia de Redes,3,25,F,17.3
20260962,Pedro Tomas,Engenharia Electronica,4,18,F,15.3
20260963,Samuel Ernesto,Engenharia de Redes,3,24,F,6.4
20260964,Celina Ernesto,Engenharia Informatica,2,27,F,11.8
20260965,Edson Mateus,Engenharia de Redes,4,20,F,15.2
20260966,Lucia Joaquim,Engenharia Electronica,3,23,M,19.9
20260967,Helena Augusto,Engenharia Informatica,4,30,F,17.8
20260968,Carlos Jose,Engenharia Electronica,1,17,M,6.6
20260969,Edson Mateus,Engenharia Informatica,2,23,M,14.4
20260970,Elsa Domingos,Engenharia de Redes,4,23,F,14.9
20260971,Alberto Jaime,Engenharia Telecomunicacoes,2,25,M,17.6
20260972,Antonio Salvador,Engenharia de Redes,2,21,F,7.0
20260973,Marta Paulo,Engenharia Informatica,2,28,M,14.9
20260974,Celina Ernesto,Engenharia Informatica,2,27,M,17.9
20260975,Samuel Ernesto,Engenharia de Redes,2,24,M,13.3
20260976,Rosa Fernando,Engenharia de Redes,3,20,F,11.4
20260977,Ana Manuel,Engenharia de Redes,2,28,M,11.2
20260978,Dario Miguel,Engenharia Electronica,1,17,M,15.6
20260979,Joao Alberto,Engenharia de Redes,1,19,M,12.0
20260980,Marta Paulo,Engenharia Informatica,2,24,F,15.3
20260981,Dario Miguel,Engenharia Electronica,1,22,F,12.0
20260982,Teresa Carlos,Engenharia de Redes,3,23,M,19.4
20260983,Edson Mateus,Engenharia Electronica,2,17,M,15.9
20260984,Helena Augusto,Engenharia Electronica,1,27,M,13.7
20260985,Helena Augusto,Engenharia Informatica,3,29,F,9.3
20260986,Marta Paulo,Engenharia Telecomunicacoes,1,30,M,8.8
20260987,Samuel Ernesto,Engenharia Electronica,3,30,M,5.2
20260988,Joao Alberto,Engenharia Telecomunicacoes,2,27,M,10.5
20260989,Pedro Tomas,Engenharia Electronica,2,24,F,17.0
20260990,Carlos Jose,Engenharia Electronica,1,19,F,17.6
20260991,Manuel Sergio,Engenharia de Redes,2,27,M,15.9
20260992,Pedro Tomas,Engenharia Telecomunicacoes,3,17,M,16.3
20260993,Joao Alberto,Engenharia Informatica,2,24,M,12.1
20260994,Alberto Jaime,Engenharia Telecomunicacoes,4,27,M,12.1
20260995,Celina Ernesto,Engenharia de Redes,1,21,M,10.7
20260996,Lucia Joaquim,Engenharia Informatica,1,25,M,19.3
20260997,Manuel Sergio,Engenharia Electronica,3,21,M,17.0
20260998,Sonia Armando,Engenharia de Redes,4,29,F,16.0
20260999,Helena Augusto,Engenharia Telecomunicacoes,3,27,F,9.7
20261000,Ana Manuel,Engenharia Informatica,1,17,M,6.5
20261001,Joao Alberto,Engenharia de Redes,3,20,M,8.8
20261002,Carlos Jose,Engenharia Informatica,1,17,F,19.3
20261003,Joao Alberto,Engenharia Informatica,1,30,F,10.6
20261004,Helena Augusto,Engenharia Telecomunicacoes,1,28,F,8.8
20261005,Rosa Fernando,Engenharia Informatica,4,21,M,15.4
20261006,Lucia Joaquim,Engenharia Electronica,2,29,F,9.2
20261007,Carlos Jose,Engenharia de Redes,4,22,F,8.9
20261008,Sonia Armando,Engenharia Telecomunicacoes,4,18,M,19.7
20261009,Fatima Luis,Engenharia de Redes,2,27,M,6.6
20261010,Dario Miguel,Engenharia de Redes,2,26,F,18.7
20261011,Sonia Armando,Engenharia Informatica,1,18,F,13.6
20261012,Sonia Armando,Engenharia de Redes,1,24,F,14.8
20261013,Ana Manuel,Engenharia Informatica,4,21,F,15.5
20261014,Elsa Domingos,Engenharia Informatica,4,24,M,11.1
20261015,Marta Paulo,Engenharia Telecomunicacoes,1,23,M,6.8
20261016,Dario Miguel,Engenharia Electronica,3,27,M,11.0
20261017,Marta Paulo,Engenharia Electronica,3,18,M,16.4
20261018,Edson Mateus,Engenharia Telecomunicacoes,2,25,F,19.5
20261019,Fatima Luis,Engenharia Electronica,4,18,M,12.3
20261020,Rosa Fernando,Engenharia Telecomunicacoes,2,17,F,5.4
20261021,Helena Augusto,Engenharia Telecomunicacoes,4,23,F,16.9
20261022,Edson Mateus,Engenharia de Redes,4,17,F,10.1
20261023,Lucia Joaquim,Engenharia Informatica,4,18,F,17.1
20261024,Teresa Carlos,Engenharia de Redes,2,28,F,18.9
20261025,Carlos Jose,Engenharia Telecomunicacoes,4,27,F,12.1
20261026,Samuel Ernesto,Engenharia Informatica,2,28,F,5.2
20261027,Carlos Jose,Engenharia Electronica,1,24,F,17.5
20261028,Marta Paulo,Engenharia Informatica,1,24,F,5.9
20261029,Fatima Luis,Engenharia de Redes,3,29,M,9.9
20261030,Helena Augusto,Engenharia Telecomunicacoes,3,30,F,16.5
20261031,Helena Augusto,Engenharia Telecomunicacoes,3,18,F,9.1
20261032,Manuel Sergio,Engenharia Telecomunicacoes,3,25,F,11.6
20261033,Helena Augusto,Engenharia Informatica,2,18,M,16.7
20261034,Ana Manuel,Engenharia de Redes,1,17,F,7.7
20261035,Marta Paulo,Engenharia Electronica,4,28,M,15.4
20261036,Fatima Luis,Engenharia Telecomunicacoes,3,25,M,11.2
20261037,Pedro Tomas,Engenharia Informatica,2,28,M,14.2
20261038,Marta Paulo,Engenharia Electronica,3,23,F,13.4
20261039,Fatima Luis,Engenharia Informatica,1,26,M,17.9
20261040,Dario Miguel,Engenharia Telecomunicacoes,4,29,F,9.1
20261041,Fatima Luis,Engenharia Informatica,2,27,M,12.5
20261042,Pedro Tomas,Engenharia Informatica,1,27,M,9.3
20261043,Manuel Sergio,Engenharia Electronica,3,26,M,5.6
20261044,Carlos Jose,Engenharia Telecomunicacoes,2,29,F,12.3
20261045,Joao Alberto,Engenharia Informatica,2,28,M,13.9
20261046,Lucia Joaquim,Engenharia de Redes,2,28,M,8.5
20261047,Joao Alberto,Engenharia Electronica,2,18,F,16.1
20261048,Fatima Luis,Engenharia de Redes,2,18,M,13.8
20261049,Carlos Jose,Engenharia de Redes,2,20,M,7.7
20261050,Antonio Salvador,Engenharia Telecomunicacoes,4,28,F,14.5
20261051,Sonia Armando,Engenharia Telecomunicacoes,3,19,F,15.4
20261052,Carlos Jose,Engenharia Electronica,2,18,M,11.9
20261053,Pedro Tomas,Engenharia Electronica,2,21,F,16.8
20261054,Samuel Ernesto,Engenharia Telecomunicacoes,2,18,M,17.9
20261055,Alberto Jaime,Engenharia Telecomunicacoes,4,30,M,9.2
20261056,Manuel Sergio,Engenharia Telecomunicacoes,2,22,M,13.7
20261057,Helena Augusto,Engenharia Telecomunicacoes,1,23,F,5.6
20261058,Alberto Jaime,Engenharia Informatica,4,25,M,12.2
20261059,Joao Alberto,Engenharia de Redes,4,20,F,13.4
20261060,Ana Manuel,Engenharia de Redes,2,19,M,9.4
20261061,Marta Paulo,Engenharia Informatica,4,27,M,7.4
20261062,Rosa Fernando,Engenharia Informatica,4,24,F,18.1
20261063,Elsa Domingos,Engenharia Telecomunicacoes,3,27,M,15.6
20261064,Ana Manuel,Engenharia Informatica,4,28,M,13.0
20261065,Edson Mateus,Engenharia de Redes,3,28,F,16.8
20261066,Marta Paulo,Engenharia Electronica,1,25,M,18.3
20261067,Joao Alberto,Engenharia de Redes,3,24,F,10.5
20261068,Pedro Tomas,Engenharia Informatica,2,19,M,8.6
20261069,Joao Alberto,Engenharia de Redes,2,29,F,9.8
20261070,Sonia Armando,Engenharia de Redes,3,17,F,10.6
20261071,Rosa Fernando,Engenharia de Redes,1,24,M,11.8
20261072,Antonio Salvador,Engenharia Informatica,2,24,F,6.2
20261073,Pedro Tomas,Engenharia Electronica,1,18,F,9.1
20261074,Celina Ernesto,Engenharia de Redes,2,30,F,12.8
20261075,Ana Manuel,Engenharia Electronica,4,27,F,12.1
20261076,Manuel Sergio,Engenharia de Redes,1,21,F,5.9
20261077,Nelson Mario,Engenharia Electronica,4,26,M,14.8
20261078,Lucia Joaquim,Engenharia de Redes,4,24,M,13.5
20261079,Edson Mateus,Engenharia Telecomunicacoes,3,20,M,10.6
20261080,Edson Mateus,Engenharia Informatica,2,22,M,11.8
20261081,Pedro Tomas,Engenharia Telecomunicacoes,3,19,F,17.6
20261082,Celina Ernesto,Engenharia Telecomunicacoes,2,18,F,19.9
20261083,Helena Augusto,Engenharia Telecomunicacoes,4,21,M,7.8
20261084,Dario Miguel,Engenharia Informatica,3,22,F,10.6
20261085,Dario Miguel,Engenharia Telecomunicacoes,3,18,F,11.1
20261086,Alberto Jaime,Engenharia Telecomunicacoes,4,22,F,5.1
20261087,Dario Miguel,Engenharia Electronica,3,24,M,19.5
20261088,Helena Augusto,Engenharia Telecomunicacoes,4,22,F,16.0
20261089,Carlos Jose,Engenharia Telecomunicacoes,1,21,F,11.0
20261090,Nelson Mario,Engenharia de Redes,3,18,M,5.8
20261091,Fatima Luis,Engenharia Telecomunicacoes,3,20,F,6.3
20261092,Rosa Fernando,Engenharia Informatica,4,20,M,9.8
20261093,Samuel Ernesto,Engenharia Informatica,3,23,F,15.7
20261094,Manuel Sergio,Engenharia Electronica,4,22,F,9.3
20261095,Antonio Salvador,Engenharia Electronica,4,30,F,8.2
20261096,Rosa Fernando,Engenharia de Redes,4,21,F,17.1
20261097,Manuel Sergio,Engenharia de Redes,2,30,F,7.2
20261098,Edson Mateus,Engenharia de Redes,3,18,M,6.3
20261099,Manuel Sergio,Engenharia Electronica,4,19,M,15.7
20261100,Celina Ernesto,Engenharia Telecomunicacoes,2,30,M,9.3
20261101,Alberto Jaime,Engenharia Informatica,3,30,M,12.4
20261102,Rosa Fernando,Engenharia Telecomunicacoes,1,29,F,7.3
20261103,Edson Mateus,Engenharia de Redes,1,27,M,11.3
20261104,Alberto Jaime,Engenharia Telecomunicacoes,1,18,M,12.4
20261105,Marta Paulo,Engenharia Electronica,4,26,M,18.0
20261106,Alberto Jaime,Engenharia Informatica,3,25,F,17.7
20261107,Pedro Tomas,Engenharia Informatica,2,22,M,18.2
20261108,Celina Ernesto,Engenharia Electronica,2,17,M,10.4
20261109,Antonio Salvador,Engenharia Informatica,3,21,F,12.7
20261110,Pedro Tomas,Engenharia Informatica,2,25,M,18.1
20261111,Edson Mateus,Engenharia Electronica,3,18,M,17.3
20261112,Ana Manuel,Engenharia Telecomunicacoes,3,22,M,11.2
20261113,Pedro Tomas,Engenharia Informatica,2,19,F,17.5
20261114,Dario Miguel,Engenharia Informatica,4,24,F,6.7
20261115,Celina Ernesto,Engenharia Informatica,4,22,M,15.4
20261116,Celina Ernesto,Engenharia de Redes,3,19,M,5.4
20261117,Joao Alberto,Engenharia Telecomunicacoes,2,30,F,15.3
20261118,Edson Mateus,Engenharia Telecomunicacoes,2,19,F,11.4
20261119,Joao Alberto,Engenharia Informatica,1,29,M,16.4
20261120,Carlos Jose,Engenharia Telecomunicacoes,1,17,F,12.0
20261121,Sonia Armando,Engenharia Informatica,1,21,F,16.3
20261122,Joao Alberto,Engenharia Telecomunicacoes,2,19,M,5.4
20261123,Celina Ernesto,Engenharia Electronica,3,22,F,17.8
20261124,Samuel Ernesto,Engenharia Telecomunicacoes,1,18,F,12.9
20261125,Fatima Luis,Engenharia Electronica,2,29,F,19.6
20261126,Joao Alberto,Engenharia Telecomunicacoes,4,22,F,11.6
20261127,Joao Alberto,Engenharia Telecomunicacoes,3,23,M,8.2
20261128,Nelson Mario,Engenharia de Redes,1,29,M,6.9
20261129,Joao Alberto,Engenharia Telecomunicacoes,4,29,M,15.6
20261130,Dario Miguel,Engenharia Informatica,1,22,M,6.7
20261131,Edson Mateus,Engenharia de Redes,3,27,M,8.4
20261132,Manuel Sergio,Engenharia Electronica,4,20,F,18.4
20261133,Alberto Jaime,Engenharia Electronica,2,17,M,15.1
20261134,Elsa Domingos,Engenharia de Redes,1,18,F,10.9
20261135,Helena Augusto,Engenharia Informatica,2,18,M,19.6
20261136,Lucia Joaquim,Engenharia Telecomunicacoes,4,18,F,17.6
20261137,Alberto Jaime,Engenharia Electronica,3,29,M,10.3
20261138,Samuel Ernesto,Engenharia de Redes,4,25,M,7.2
20261139,Rosa Fernando,Engenharia Informatica,1,21,M,12.5
20261140,Celina Ernesto,Engenharia Informatica,1,28,F,17.5
20261141,Alberto Jaime,Engenharia Informatica,2,23,M,7.3
20261142,Samuel Ernesto,Engenharia Informatica,1,27,M,16.9
20261143,Fatima Luis,Engenharia Electronica,4,24,M,13.1
20261144,Dario Miguel,Engenharia Informatica,1,23,F,10.8
20261145,Lucia Joaquim,Engenharia de Redes,4,24,F,5.5
20261146,Dario Miguel,Engenharia Electronica,2,24,M,7.0
20261147,Elsa Domingos,Engenharia de Redes,1,26,M,14.9
20261148,Dario Miguel,Engenharia de Redes,4,25,F,12.6
20261149,Elsa Domingos,Engenharia Electronica,4,26,M,14.3
20261150,Antonio Salvador,Engenharia Electronica,3,17,F,13.9
20261151,Celina Ernesto,Engenharia Electronica,3,29,F,16.5
20261152,Lucia Joaquim,Engenharia de Redes,1,23,M,19.9
20261153,Manuel Sergio,Engenharia Electronica,1,27,F,8.7
20261154,Edson Mateus,Engenharia Informatica,1,30,M,6.7
20261155,Pedro Tomas,Engenharia Informatica,3,17,M,14.9
20261156,Manuel Sergio,Engenharia de Redes,3,17,M,13.8
20261157,Lucia Joaquim,Engenharia de Redes,4,22,F,17.1
20261158,Joao Alberto,Engenharia Telecomunicacoes,3,24,M,7.5
20261159,Edson Mateus,Engenharia Electronica,4,20,M,14.5
20261160,Marta Paulo,Engenharia Telecomunicacoes,3,21,F,9.5
20261161,Helena Augusto,Engenharia de Redes,2,26,F,15.8
20261162,Helena Augusto,Engenharia Informatica,3,21,F,13.5
20261163,Teresa Carlos,Engenharia de Redes,4,20,M,16.9
20261164,Edson Mateus,Engenharia Electronica,4,27,M,8.0
20261165,Elsa Domingos,Engenharia Electronica,4,27,F,18.2
20261166,Teresa Carlos,Engenharia Telecomunicacoes,4,20,M,9.0
20261167,Dario Miguel,Engenharia de Redes,1,25,F,10.5
20261168,Celina Ernesto,Engenharia Telecomunicacoes,2,28,M,17.7
20261169,Manuel Sergio,Engenharia Electronica,1,27,F,17.7
20261170,Sonia Armando,Engenharia Electronica,2,21,F,11.1
20261171,Joao Alberto,Engenharia Telecomunicacoes,2,17,F,17.0
20261172,Edson Mateus,Engenharia de Redes,4,25,M,11.3
20261173,Carlos Jose,Engenharia Telecomunicacoes,2,21,F,5.4
20261174,Sonia Armando,Engenharia Telecomunicacoes,1,28,M,16.7
20261175,Carlos Jose,Engenharia Informatica,3,26,M,18.0
20261176,Manuel Sergio,Engenharia Electronica,1,23,F,8.5
20261177,Helena Augusto,Engenharia Informatica,3,24,F,8.6
20261178,Joao Alberto,Engenharia Electronica,3,30,M,17.1
20261179,Nelson Mario,Engenharia de Redes,2,19,F,7.6
20261180,Sonia Armando,Engenharia de Redes,4,21,F,12.4
20261181,Antonio Salvador,Engenharia Informatica,3,25,M,12.1
20261182,Nelson Mario,Engenharia Electronica,2,22,M,15.7
20261183,Edson Mateus,Engenharia Informatica,1,30,F,15.4
20261184,Nelson Mario,Engenharia Electronica,4,21,M,18.5
20261185,Joao Alberto,Engenharia Telecomunicacoes,4,23,F,18.6
20261186,Elsa Domingos,Engenharia Electronica,3,18,F,9.5
20261187,Pedro Tomas,Engenharia de Redes,3,29,M,16.8
20261188,Sonia Armando,Engenharia Informatica,4,24,M,18.9
20261189,Lucia Joaquim,Engenharia de Redes,1,30,F,15.5
20261190,Teresa Carlos,Engenharia Informatica,3,23,M,11.8
20261191,Ana Manuel,Engenharia Informatica,2,27,M,16.9
20261192,Celina Ernesto,Engenharia Informatica,4,20,M,9.7
20261193,Marta Paulo,Engenharia Informatica,2,20,F,17.7
20261194,Manuel Sergio,Engenharia Electronica,4,24,F,8.9
20261195,Helena Augusto,Engenharia Electronica,3,20,F,11.2
20261196,Pedro Tomas,Engenharia de Redes,4,30,F,5.3
20261197,Ana Manuel,Engenharia Telecomunicacoes,1,24,F,8.9
20261198,Pedro Tomas,Engenharia Informatica,4,26,M,14.0
20261199,Celina Ernesto,Engenharia Informatica,3,19,F,5.2
20261200,Teresa Carlos,Engenharia de Redes,4,30,M,6.8
20261201,Fatima Luis,Engenharia Telecomunicacoes,3,21,M,10.7
20261202,Manuel Sergio,Engenharia Telecomunicacoes,2,30,M,15.9
20261203,Fatima Luis,Engenharia de Redes,2,23,F,5.4
20261204,Sonia Armando,Engenharia Telecomunicacoes,4,20,M,13.7
20261205,Rosa Fernando,Engenharia Informatica,1,24,F,18.1
20261206,Elsa Domingos,Engenharia Telecomunicacoes,4,28,M,16.0
20261207,Sonia Armando,Engenharia Informatica,1,25,F,5.8
20261208,Nelson Mario,Engenharia de Redes,3,26,F,5.1
20261209,Teresa Carlos,Engenharia de Redes,3,23,M,7.0
20261210,Dario Miguel,Engenharia Informatica,2,21,F,12.6
20261211,Lucia Joaquim,Engenharia de Redes,2,18,M,15.7
20261212,Manuel Sergio,Engenharia Telecomunicacoes,3,18,M,5.7
20261213,Celina Ernesto,Engenharia de Redes,3,28,M,18.9
20261214,Edson Mateus,Engenharia Electronica,3,25,M,11.5
20261215,Pedro Tomas,Engenharia Electronica,4,29,F,13.3
20261216,Rosa Fernando,Engenharia Informatica,2,19,F,8.4
20261217,Carlos Jose,Engenharia de Redes,3,19,M,11.5
20261218,Alberto Jaime,Engenharia Informatica,4,22,M,11.9
20261219,Joao Alberto,Engenharia Telecomunicacoes,1,22,F,8.1
20261220,Edson Mateus,Engenharia Telecomunicacoes,2,28,M,13.4
20261221,Helena Augusto,Engenharia Telecomunicacoes,1,25,F,11.2
20261222,Marta Paulo,Engenharia Telecomunicacoes,4,27,F,18.3
20261223,Ana Manuel,Engenharia Electronica,1,23,M,13.9
20261224,Joao Alberto,Engenharia Electronica,2,17,F,11.9
20261225,Alberto Jaime,Engenharia de Redes,3,26,F,9.9
20261226,Carlos Jose,Engenharia de Redes,3,28,F,8.2
20261227,Carlos Jose,Engenharia Electronica,3,29,F,16.2
20261228,Dario Miguel,Engenharia de Redes,1,23,M,7.7
20261229,Elsa Domingos,Engenharia Informatica,1,30,F,7.4
20261230,Elsa Domingos,Engenharia Electronica,2,18,M,12.4
20261231,Manuel Sergio,Engenharia Electronica,2,22,F,17.5
20261232,Teresa Carlos,Engenharia Telecomunicacoes,4,24,M,12.1
20261233,Helena Augusto,Engenharia de Redes,1,29,M,17.2
20261234,Samuel Ernesto,Engenharia Telecomunicacoes,4,27,M,6.4
20261235,Teresa Carlos,Engenharia Electronica,4,27,F,14.7
20261236,Celina Ernesto,Engenharia de Redes,1,21,M,11.6
20261237,Alberto Jaime,Engenharia Electronica,2,19,M,17.6
20261238,Teresa Carlos,Engenharia de Redes,3,26,F,13.3
20261239,Carlos Jose,Engenharia Informatica,4,23,F,12.0
20261240,Helena Augusto,Engenharia Electronica,3,21,F,16.5
20261241,Ana Manuel,Engenharia Informatica,4,19,F,17.6
20261242,Carlos Jose,Engenharia Informatica,4,28,M,9.7
20261243,Rosa Fernando,Engenharia de Redes,3,22,F,8.2
20261244,Marta Paulo,Engenharia Electronica,1,23,F,5.1
20261245,Joao Alberto,Engenharia Informatica,2,27,M,11.9
20261246,Elsa Domingos,Engenharia de Redes,3,26,M,15.4
20261247,Elsa Domingos,Engenharia Electronica,1,19,F,5.2
20261248,Joao Alberto,Engenharia Informatica,2,30,F,8.1
20261249,Celina Ernesto,Engenharia Telecomunicacoes,4,30,F,6.3
20261250,Rosa Fernando,Engenharia Telecomunicacoes,4,23,F,6.7
20261251,Celina Ernesto,Engenharia de Redes,4,24,F,17.9
20261252,Helena Augusto,Engenharia Telecomunicacoes,2,21,M,5.8
20261253,Ana Manuel,Engenharia Informatica,4,23,M,16.1
20261254,Samuel Ernesto,Engenharia Electronica,1,24,M,12.3
20261255,Helena Augusto,Engenharia de Redes,2,28,F,12.9
20261256,Manuel Sergio,Engenharia Electronica,1,21,M,18.3
20261257,Joao Alberto,Engenharia de Redes,3,24,M,5.3
20261258,Edson Mateus,Engenharia Telecomunicacoes,4,22,M,8.5
20261259,Nelson Mario,Engenharia Electronica,4,19,M,15.8
20261260,Elsa Domingos,Engenharia de Redes,3,29,M,17.0
20261261,Pedro Tomas,Engenharia Telecomunicacoes,3,28,F,15.0
20261262,Celina Ernesto,Engenharia Telecomunicacoes,2,19,M,6.5
20261263,Manuel Sergio,Engenharia de Redes,3,20,F,13.4
20261264,Ana Manuel,Engenharia Electronica,3,22,F,7.6
20261265,Teresa Carlos,Engenharia Informatica,1,22,M,6.7
20261266,Nelson Mario,Engenharia Informatica,2,24,M,19.9
20261267,Antonio Salvador,Engenharia Informatica,3,19,F,15.6
20261268,Rosa Fernando,Engenharia de Redes,1,18,F,17.4
20261269,Carlos Jose,Engenharia Informatica,2,27,F,18.1
20261270,Antonio Salvador,Engenharia Telecomunicacoes,3,28,M,16.4
20261271,Alberto Jaime,Engenharia Informatica,2,27,M,10.0
20261272,Celina Ernesto,Engenharia Informatica,2,24,M,16.5
20261273,Ana Manuel,Engenharia Telecomunicacoes,4,22,M,12.6
20261274,Marta Paulo,Engenharia Electronica,3,28,M,10.4
20261275,Nelson Mario,Engenharia Telecomunicacoes,4,29,F,7.1
20261276,Manuel Sergio,Engenharia de Redes,4,24,M,19.2
20261277,Rosa Fernando,Engenharia Telecomunicacoes,1,28,F,6.3
20261278,Lucia Joaquim,Engenharia de Redes,2,23,F,10.9
20261279,Carlos Jose,Engenharia Telecomunicacoes,1,27,M,11.3
20261280,Dario Miguel,Engenharia Electronica,3,22,F,17.4
20261281,Teresa Carlos,Engenharia Telecomunicacoes,4,24,F,18.3
20261282,Samuel Ernesto,Engenharia de Redes,3,29,M,16.6
20261283,Edson Mateus,Engenharia Informatica,1,25,M,10.8
20261284,Celina Ernesto,Engenharia Electronica,2,18,M,12.8
20261285,Pedro Tomas,Engenharia Informatica,1,29,M,8.6
20261286,Edson Mateus,Engenharia de Redes,1,28,F,17.6
20261287,Sonia Armando,Engenharia Electronica,1,17,F,11.7
20261288,Helena Augusto,Engenharia Informatica,4,22,F,17.1
20261289,Helena Augusto,Engenharia Telecomunicacoes,3,21,M,15.0
20261290,Helena Augusto,Engenharia Telecomunicacoes,4,25,F,6.6
20261291,Teresa Carlos,Engenharia Telecomunicacoes,3,24,F,7.2
20261292,Manuel Sergio,Engenharia de Redes,1,18,F,11.4
20261293,Celina Ernesto,Engenharia de Redes,2,24,F,10.5
20261294,Teresa Carlos,Engenharia de Redes,4,30,M,13.8
20261295,Manuel Sergio,Engenharia de Redes,4,28,M,17.4
20261296,Celina Ernesto,Engenharia Telecomunicacoes,4,28,M,6.9
20261297,Teresa Carlos,Engenharia Informatica,2,24,M,5.5
20261298,Pedro Tomas,Engenharia Electronica,1,26,M,6.7
20261299,Antonio Salvador,Engenharia Electronica,1,25,F,6.8
20261300,Edson Mateus,Engenharia Electronica,3,21,M,5.4
20261301,Celina Ernesto,Engenharia Telecomunicacoes,4,17,M,18.3
20261302,Fatima Luis,Engenharia Telecomunicacoes,4,17,F,13.2
20261303,Marta Paulo,Engenharia Informatica,4,24,M,13.5
20261304,Lucia Joaquim,Engenharia de Redes,4,30,F,16.4
20261305,Teresa Carlos,Engenharia de Redes,4,27,M,7.2
20261306,Lucia Joaquim,Engenharia Informatica,4,23,F,18.5
20261307,Lucia Joaquim,Engenharia Informatica,4,28,M,14.7
20261308,Pedro Tomas,Engenharia Informatica,3,25,F,14.7
20261309,Marta Paulo,Engenharia Telecomunicacoes,1,26,F,16.3
20261310,Teresa Carlos,Engenharia Informatica,1,27,F,19.4
20261311,Sonia Armando,Engenharia Telecomunicacoes,2,30,M,6.3
20261312,Dario Miguel,Engenharia Electronica,4,26,F,12.4
20261313,Ana Manuel,Engenharia Electronica,4,19,M,5.4
20261314,Teresa Carlos,Engenharia Electronica,4,21,F,6.7
20261315,Joao Alberto,Engenharia Telecomunicacoes,3,19,F,8.8
20261316,Marta Paulo,Engenharia Telecomunicacoes,3,23,F,5.9
20261317,Lucia Joaquim,Engenharia Telecomunicacoes,1,28,F,9.5
20261318,Joao Alberto,Engenharia Electronica,2,23,M,8.9
20261319,Joao Alberto,Engenharia Informatica,2,20,F,12.4
20261320,Teresa Carlos,Engenharia de Redes,1,21,F,9.8
20261321,Dario Miguel,Engenharia de Redes,1,24,F,11.1
20261322,Nelson Mario,Engenharia Informatica,3,25,F,8.7
20261323,Dario Miguel,Engenharia Telecomunicacoes,3,26,M,11.7
20261324,Teresa Carlos,Engenharia Telecomunicacoes,2,22,F,16.7
20261325,Dario Miguel,Engenharia de Redes,4,17,F,17.2
20261326,Samuel Ernesto,Engenharia Electronica,2,17,F,19.0
20261327,Alberto Jaime,Engenharia Electronica,3,30,M,20.0
20261328,Fatima Luis,Engenharia Electronica,1,19,F,9.5
20261329,Elsa Domingos,Engenharia Informatica,2,28,M,18.2
20261330,Fatima Luis,Engenharia Electronica,3,27,M,19.7
20261331,Rosa Fernando,Engenharia Electronica,2,27,M,10.1
20261332,Rosa Fernando,Engenharia Electronica,1,28,F,14.7
20261333,Ana Manuel,Engenharia de Redes,1,17,F,11.2
20261334,Alberto Jaime,Engenharia de Redes,1,29,F,13.1
20261335,Rosa Fernando,Engenharia Informatica,3,30,M,17.4
20261336,Antonio Salvador,Engenharia de Redes,2,30,F,6.9
20261337,Antonio Salvador,Engenharia Telecomunicacoes,4,17,F,16.1
20261338,Sonia Armando,Engenharia Electronica,2,18,M,17.1
20261339,Nelson Mario,Engenharia Telecomunicacoes,4,22,F,9.2
20261340,Samuel Ernesto,Engenharia Telecomunicacoes,1,20,M,6.7
20261341,Sonia Armando,Engenharia de Redes,2,25,F,14.9
20261342,Helena Augusto,Engenharia Telecomunicacoes,1,26,F,16.2
20261343,Celina Ernesto,Engenharia Electronica,2,25,M,7.9
20261344,Ana Manuel,Engenharia Electronica,4,17,M,14.6
20261345,Carlos Jose,Engenharia Electronica,4,30,M,9.1
20261346,Teresa Carlos,Engenharia de Redes,4,22,F,18.3
20261347,Nelson Mario,Engenharia Informatica,3,23,M,9.7
20261348,Elsa Domingos,Engenharia Telecomunicacoes,3,18,F,19.9
20261349,Nelson Mario,Engenharia de Redes,1,20,F,7.5
20261350,Edson Mateus,Engenharia Informatica,1,17,M,11.5
20261351,Ana Manuel,Engenharia Electronica,3,20,F,12.1
20261352,Lucia Joaquim,Engenharia Informatica,3,25,F,19.2
20261353,Samuel Ernesto,Engenharia de Redes,1,27,M,13.7
20261354,Marta Paulo,Engenharia Informatica,1,23,M,18.4
20261355,Marta Paulo,Engenharia Telecomunicacoes,1,29,M,5.8
20261356,Samuel Ernesto,Engenharia de Redes,1,18,F,13.4
20261357,Edson Mateus,Engenharia de Redes,4,18,M,8.5
20261358,Samuel Ernesto,Engenharia Informatica,4,23,M,16.9
20261359,Samuel Ernesto,Engenharia Informatica,3,27,F,11.8
20261360,Lucia Joaquim,Engenharia Telecomunicacoes,1,18,F,13.9
20261361,Marta Paulo,Engenharia Telecomunicacoes,2,27,M,10.3
20261362,Alberto Jaime,Engenharia de Redes,2,20,F,17.0
20261363,Carlos Jose,Engenharia Telecomunicacoes,3,26,M,12.7
20261364,Antonio Salvador,Engenharia Electronica,2,19,M,9.6
20261365,Lucia Joaquim,Engenharia Electronica,3,17,F,5.9
20261366,Teresa Carlos,Engenharia Informatica,4,22,F,19.6
20261367,Fatima Luis,Engenharia Informatica,3,20,M,15.4
20261368,Rosa Fernando,Engenharia Electronica,3,26,M,11.3
20261369,Pedro Tomas,Engenharia Informatica,4,29,F,12.4
20261370,Ana Manuel,Engenharia Telecomunicacoes,2,24,F,8.6
20261371,Lucia Joaquim,Engenharia de Redes,2,23,F,17.4
20261372,Ana Manuel,Engenharia Electronica,1,18,M,5.5
20261373,Joao Alberto,Engenharia Telecomunicacoes,3,24,F,14.5
20261374,Antonio Salvador,Engenharia Informatica,1,20,F,9.3
20261375,Nelson Mario,Engenharia Electronica,2,22,F,7.7
20261376,Ana Manuel,Engenharia Telecomunicacoes,3,18,F,17.5
20261377,Celina Ernesto,Engenharia de Redes,1,22,F,9.6
20261378,Nelson Mario,Engenharia Electronica,3,27,F,19.1
20261379,Samuel Ernesto,Engenharia de Redes,1,18,F,18.2
20261380,Celina Ernesto,Engenharia Telecomunicacoes,2,25,M,15.4
20261381,Lucia Joaquim,Engenharia de Redes,2,17,F,17.8
20261382,Edson Mateus,Engenharia Telecomunicacoes,3,20,F,14.4
20261383,Sonia Armando,Engenharia Telecomunicacoes,4,20,F,16.8
20261384,Samuel Ernesto,Engenharia Informatica,2,25,M,16.3
20261385,Teresa Carlos,Engenharia Electronica,4,25,M,7.7
20261386,Antonio Salvador,Engenharia de Redes,4,24,M,13.7
20261387,Helena Augusto,Engenharia Informatica,2,20,F,11.8
20261388,Nelson Mario,Engenharia de Redes,2,21,M,18.3
20261389,Helena Augusto,Engenharia Telecomunicacoes,3,21,F,7.0
20261390,Marta Paulo,Engenharia Electronica,4,25,M,8.5
20261391,Carlos Jose,Engenharia de Redes,3,23,M,12.0
20261392,Manuel Sergio,Engenharia Electronica,4,22,M,10.7
20261393,Pedro Tomas,Engenharia de Redes,2,21,F,10.4
20261394,Marta Paulo,Engenharia Electronica,1,29,M,18.9
20261395,Joao Alberto,Engenharia Informatica,1,22,F,13.2
20261396,Lucia Joaquim,Engenharia Telecomunicacoes,3,21,M,16.2
20261397,Sonia Armando,Engenharia Telecomunicacoes,2,30,M,5.1
20261398,Edson Mateus,Engenharia Electronica,3,29,M,19.2
20261399,Helena Augusto,Engenharia Informatica,4,27,F,18.0
20261400,Nelson Mario,Engenharia Telecomunicacoes,2,24,F,12.7
20261401,Dario Miguel,Engenharia de Redes,4,22,F,9.7
20261402,Fatima Luis,Engenharia de Redes,4,20,M,11.7
20261403,Dario Miguel,Engenharia Informatica,3,19,F,9.6
20261404,Ana Manuel,Engenharia de Redes,3,22,F,11.3
20261405,Elsa Domingos,Engenharia Electronica,3,26,F,13.5
20261406,Carlos Jose,Engenharia Telecomunicacoes,2,22,M,19.7
20261407,Fatima Luis,Engenharia de Redes,1,25,M,7.8
20261408,Joao Alberto,Engenharia Electronica,4,27,M,6.4
20261409,Joao Alberto,Engenharia Telecomunicacoes,1,30,M,5.4
20261410,Fatima Luis,Engenharia Informatica,4,21,F,8.5
20261411,Teresa Carlos,Engenharia Informatica,4,17,M,12.8
20261412,Pedro Tomas,Engenharia Electronica,4,23,F,19.8
20261413,Celina Ernesto,Engenharia de Redes,4,28,F,10.8
20261414,Fatima Luis,Engenharia Telecomunicacoes,2,21,M,17.3
20261415,Alberto Jaime,Engenharia Telecomunicacoes,3,26,F,12.5
20261416,Rosa Fernando,Engenharia Electronica,2,17,F,11.7
20261417,Elsa Domingos,Engenharia Telecomunicacoes,3,26,M,11.9
20261418,Helena Augusto,Engenharia Informatica,1,21,M,10.2
20261419,Edson Mateus,Engenharia de Redes,2,23,F,7.7
20261420,Samuel Ernesto,Engenharia de Redes,4,23,F,15.5
20261421,Joao Alberto,Engenharia de Redes,1,20,F,9.1
20261422,Dario Miguel,Engenharia Electronica,1,28,F,18.6
20261423,Manuel Sergio,Engenharia Informatica,3,18,F,12.6
20261424,Lucia Joaquim,Engenharia de Redes,4,19,M,8.1
20261425,Carlos Jose,Engenharia de Redes,1,18,M,10.7
20261426,Elsa Domingos,Engenharia Telecomunicacoes,4,17,F,8.8
20261427,Celina Ernesto,Engenharia Electronica,4,24,M,6.0
20261428,Dario Miguel,Engenharia Telecomunicacoes,4,19,M,17.3
20261429,Pedro Tomas,Engenharia Telecomunicacoes,1,26,F,7.7
20261430,Joao Alberto,Engenharia de Redes,2,18,F,15.2
20261431,Celina Ernesto,Engenharia de Redes,3,19,F,15.7
20261432,Dario Miguel,Engenharia Telecomunicacoes,4,28,F,17.5
20261433,Teresa Carlos,Engenharia Informatica,4,28,M,11.7
20261434,Samuel Ernesto,Engenharia Informatica,1,29,M,16.5
20261435,Nelson Mario,Engenharia Electronica,2,20,F,5.2
20261436,Ana Manuel,Engenharia Informatica,3,30,F,15.2
20261437,Marta Paulo,Engenharia Telecomunicacoes,1,29,F,15.9
20261438,Carlos Jose,Engenharia de Redes,1,30,M,9.8
20261439,Fatima Luis,Engenharia Telecomunicacoes,4,23,F,8.5
20261440,Joao Alberto,Engenharia Electronica,3,19,F,11.0
20261441,Lucia Joaquim,Engenharia Informatica,4,20,M,8.3
20261442,Sonia Armando,Engenharia Electronica,1,18,F,11.2
20261443,Samuel Ernesto,Engenharia de Redes,1,28,F,8.8
20261444,Joao Alberto,Engenharia Electronica,4,27,F,10.0
20261445,Lucia Joaquim,Engenharia de Redes,1,22,F,14.1
20261446,Helena Augusto,Engenharia de Redes,4,25,F,12.6
20261447,Ana Manuel,Engenharia Telecomunicacoes,1,26,F,9.6
20261448,Manuel Sergio,Engenharia Telecomunicacoes,1,17,F,10.6
20261449,Edson Mateus,Engenharia Telecomunicacoes,2,23,F,14.6
20261450,Nelson Mario,Engenharia de Redes,3,19,M,9.8
20261451,Carlos Jose,Engenharia de Redes,3,29,F,8.4
20261452,Lucia Joaquim,Engenharia Electronica,2,20,F,18.6
20261453,Nelson Mario,Engenharia Telecomunicacoes,4,25,M,7.8
20261454,Ana Manuel,Engenharia Informatica,4,18,F,5.8
20261455,Celina Ernesto,Engenharia Telecomunicacoes,2,18,F,13.9
20261456,Fatima Luis,Engenharia Telecomunicacoes,1,23,M,9.7
20261457,Fatima Luis,Engenharia Telecomunicacoes,4,19,F,9.5
20261458,Helena Augusto,Engenharia de Redes,2,21,M,6.2
20261459,Antonio Salvador,Engenharia de Redes,4,19,M,11.6
20261460,Teresa Carlos,Engenharia de Redes,2,30,M,5.3
20261461,Elsa Domingos,Engenharia de Redes,1,29,M,13.9
20261462,Celina Ernesto,Engenharia Telecomunicacoes,3,23,M,9.6
20261463,Edson Mateus,Engenharia de Redes,4,18,M,7.0
20261464,Alberto Jaime,Engenharia Telecomunicacoes,2,20,F,5.2
20261465,Teresa Carlos,Engenharia Electronica,4,23,M,19.1
20261466,Antonio Salvador,Engenharia de Redes,4,21,F,11.1
20261467,Carlos Jose,Engenharia Informatica,4,26,F,7.9
20261468,Manuel Sergio,Engenharia Electronica,3,25,M,14.5
20261469,Antonio Salvador,Engenharia Informatica,4,23,F,8.6
20261470,Carlos Jose,Engenharia Electronica,1,28,F,8.9
20261471,Rosa Fernando,Engenharia Telecomunicacoes,3,20,F,5.2
20261472,Marta Paulo,Engenharia de Redes,4,28,F,12.8
20261473,Fatima Luis,Engenharia de Redes,2,30,M,8.8
20261474,Edson Mateus,Engenharia de Redes,3,28,M,16.3
20261475,Marta Paulo,Engenharia Informatica,3,30,F,9.0
20261476,Fatima Luis,Engenharia de Redes,3,17,F,17.2
20261477,Ana Manuel,Engenharia Informatica,1,29,M,12.9
20261478,Edson Mateus,Engenharia de Redes,2,19,M,7.8
20261479,Celina Ernesto,Engenharia Telecomunicacoes,4,19,F,11.8
20261480,Fatima Luis,Engenharia Telecomunicacoes,2,17,F,17.1
20261481,Fatima Luis,Engenharia Electronica,4,24,F,18.0
20261482,Pedro Tomas,Engenharia Informatica,3,18,M,6.9
20261483,Marta Paulo,Engenharia Electronica,1,26,F,12.2
20261484,Joao Alberto,Engenharia Informatica,1,21,F,15.0
20261485,Carlos Jose,Engenharia Informatica,2,25,F,10.6
20261486,Teresa Carlos,Engenharia Electronica,4,24,M,14.1
20261487,Lucia Joaquim,Engenharia Electronica,3,22,F,19.1
20261488,Elsa Domingos,Engenharia de Redes,1,22,M,17.1
20261489,Ana Manuel,Engenharia de Redes,4,28,F,5.4
20261490,Joao Alberto,Engenharia Electronica,2,22,M,14.3
20261491,Alberto Jaime,Engenharia de Redes,2,17,M,5.2
20261492,Antonio Salvador,Engenharia Informatica,3,27,M,8.5
20261493,Alberto Jaime,Engenharia de Redes,1,22,M,19.1
20261494,Alberto Jaime,Engenharia Informatica,4,21,F,15.7
20261495,Teresa Carlos,Engenharia Informatica,2,24,F,9.5
20261496,Dario Miguel,Engenharia de Redes,2,24,F,12.2
20261497,Dario Miguel,Engenharia Telecomunicacoes,2,20,F,16.3
20261498,Marta Paulo,Engenharia Informatica,4,28,F,7.4
20261499,Lucia Joaquim,Engenharia de Redes,3,20,M,15.0
20261500,Joao Alberto,Engenharia Telecomunicacoes,4,18,M,18.1
20261501,Helena Augusto,Engenharia Informatica,3,23,M,14.8
20261502,Dario Miguel,Engenharia de Redes,2,20,M,6.7
20261503,Marta Paulo,Engenharia Informatica,1,22,F,16.2
20261504,Joao Alberto,Engenharia Electronica,2,30,M,19.3
20261505,Helena Augusto,Engenharia Informatica,3,17,F,17.7
20261506,Manuel Sergio,Engenharia Electronica,3,29,F,12.8
20261507,Samuel Ernesto,Engenharia Telecomunicacoes,1,23,F,13.1
20261508,Rosa Fernando,Engenharia Electronica,2,30,M,17.6
20261509,Alberto Jaime,Engenharia de Redes,2,26,M,7.2
20261510,Carlos Jose,Engenharia Electronica,3,25,F,9.1
20261511,Helena Augusto,Engenharia de Redes,2,24,M,15.6
20261512,Elsa Domingos,Engenharia Informatica,3,19,F,17.7
20261513,Nelson Mario,Engenharia Informatica,2,30,M,15.9
20261514,Edson Mateus,Engenharia Telecomunicacoes,1,25,M,10.1
20261515,Alberto Jaime,Engenharia Electronica,4,23,F,12.9
20261516,Edson Mateus,Engenharia Electronica,2,28,M,6.5
20261517,Lucia Joaquim,Engenharia Informatica,3,24,F,13.7
20261518,Rosa Fernando,Engenharia de Redes,3,19,F,8.3
20261519,Fatima Luis,Engenharia Informatica,3,28,F,15.2
20261520,Celina Ernesto,Engenharia de Redes,4,27,F,18.9
20261521,Joao Alberto,Engenharia Electronica,4,19,F,6.8
20261522,Teresa Carlos,Engenharia Electronica,4,19,M,8.7
20261523,Joao Alberto,Engenharia Telecomunicacoes,4,24,M,15.3
20261524,Pedro Tomas,Engenharia de Redes,1,29,M,18.0
20261525,Elsa Domingos,Engenharia Electronica,4,22,F,6.8
20261526,Marta Paulo,Engenharia Informatica,4,27,F,5.3
20261527,Helena Augusto,Engenharia de Redes,3,28,F,16.9
20261528,Pedro Tomas,Engenharia de Redes,4,27,M,9.5
20261529,Celina Ernesto,Engenharia Informatica,3,18,F,11.1
20261530,Ana Manuel,Engenharia de Redes,4,18,F,16.3
20261531,Fatima Luis,Engenharia Informatica,2,30,F,5.1
20261532,Rosa Fernando,Engenharia Electronica,1,17,F,13.6
20261533,Pedro Tomas,Engenharia Informatica,3,30,F,6.3
20261534,Joao Alberto,Engenharia Electronica,3,25,F,11.3
20261535,Ana Manuel,Engenharia Telecomunicacoes,3,17,M,14.9
20261536,Rosa Fernando,Engenharia Telecomunicacoes,4,28,M,12.8
20261537,Antonio Salvador,Engenharia Telecomunicacoes,1,27,F,8.6
20261538,Fatima Luis,Engenharia Telecomunicacoes,3,30,F,19.4
20261539,Samuel Ernesto,Engenharia Telecomunicacoes,3,21,F,15.9
20261540,Manuel Sergio,Engenharia Informatica,3,21,M,14.7
20261541,Pedro Tomas,Engenharia de Redes,4,18,M,15.1
20261542,Celina Ernesto,Engenharia Telecomunicacoes,1,27,M,19.9
20261543,Fatima Luis,Engenharia Electronica,2,23,F,9.7
20261544,Manuel Sergio,Engenharia de Redes,1,26,F,6.2
20261545,Joao Alberto,Engenharia Informatica,4,18,M,14.6
20261546,Antonio Salvador,Engenharia Electronica,3,19,F,9.1
20261547,Joao Alberto,Engenharia de Redes,2,23,F,16.7
20261548,Joao Alberto,Engenharia Telecomunicacoes,3,26,M,6.4
20261549,Antonio Salvador,Engenharia Electronica,3,26,F,18.4
20261550,Pedro Tomas,Engenharia Electronica,4,19,M,17.1
20261551,Dario Miguel,Engenharia de Redes,4,26,F,8.9
20261552,Teresa Carlos,Engenharia Telecomunicacoes,2,19,M,13.5
20261553,Sonia Armando,Engenharia Informatica,3,28,F,15.2
20261554,Manuel Sergio,Engenharia de Redes,2,24,M,17.0
20261555,Teresa Carlos,Engenharia Electronica,3,23,F,9.6
20261556,Marta Paulo,Engenharia Electronica,4,29,M,17.7
20261557,Marta Paulo,Engenharia Informatica,2,18,F,13.6
20261558,Marta Paulo,Engenharia Electronica,4,29,F,19.4
20261559,Manuel Sergio,Engenharia Telecomunicacoes,4,24,F,11.1
20261560,Samuel Ernesto,Engenharia Telecomunicacoes,1,28,M,15.5
20261561,Antonio Salvador,Engenharia Telecomunicacoes,1,26,M,19.5
20261562,Teresa Carlos,Engenharia Telecomunicacoes,2,18,M,17.6
20261563,Teresa Carlos,Engenharia Electronica,1,23,M,10.7
20261564,Antonio Salvador,Engenharia Informatica,3,27,F,17.5
20261565,Joao Alberto,Engenharia Electronica,3,24,M,9.0
20261566,Ana Manuel,Engenharia de Redes,2,21,F,19.0
20261567,Samuel Ernesto,Engenharia de Redes,1,22,F,14.2
20261568,Lucia Joaquim,Engenharia Electronica,3,18,F,10.2
20261569,Pedro Tomas,Engenharia de Redes,3,17,F,11.5
20261570,Fatima Luis,Engenharia Informatica,2,23,F,18.7
20261571,Ana Manuel,Engenharia Telecomunicacoes,3,20,M,10.9
20261572,Edson Mateus,Engenharia Electronica,4,19,M,6.6
20261573,Rosa Fernando,Engenharia de Redes,2,19,M,16.2
20261574,Ana Manuel,Engenharia Electronica,2,18,F,9.3
20261575,Celina Ernesto,Engenharia de Redes,4,28,M,18.5
20261576,Pedro Tomas,Engenharia Telecomunicacoes,4,27,M,6.8
20261577,Alberto Jaime,Engenharia de Redes,2,22,M,12.5
20261578,Elsa Domingos,Engenharia Telecomunicacoes,1,18,F,6.9
20261579,Antonio Salvador,Engenharia Informatica,2,17,M,11.4
20261580,Samuel Ernesto,Engenharia Informatica,4,24,M,9.2
20261581,Marta Paulo,Engenharia de Redes,2,26,F,15.9
20261582,Pedro Tomas,Engenharia Telecomunicacoes,3,29,F,18.0
20261583,Nelson Mario,Engenharia de Redes,2,24,F,15.5
20261584,Teresa Carlos,Engenharia Telecomunicacoes,2,30,F,8.4
20261585,Celina Ernesto,Engenharia de Redes,1,21,F,18.9
20261586,Manuel Sergio,Engenharia Informatica,2,18,F,10.7
20261587,Teresa Carlos,Engenharia Electronica,2,20,M,11.4
20261588,Carlos Jose,Engenharia de Redes,1,21,F,9.0
20261589,Sonia Armando,Engenharia Electronica,4,20,M,18.4
20261590,Pedro Tomas,Engenharia Informatica,1,17,M,8.2
20261591,Alberto Jaime,Engenharia Electronica,1,23,F,8.8
20261592,Alberto Jaime,Engenharia Electronica,3,21,F,6.5
20261593,Ana Manuel,Engenharia Telecomunicacoes,3,22,M,16.1
20261594,Helena Augusto,Engenharia Electronica,2,27,M,8.2
20261595,Elsa Domingos,Engenharia Informatica,1,19,F,5.6
20261596,Fatima Luis,Engenharia Telecomunicacoes,4,18,F,19.1
20261597,Samuel Ernesto,Engenharia Electronica,3,28,M,19.8
20261598,Fatima Luis,Engenharia Telecomunicacoes,1,19,F,11.3
20261599,Sonia Armando,Engenharia Electronica,3,24,F,18.7
20261600,Marta Paulo,Engenharia de Redes,4,25,F,7.5
20261601,Sonia Armando,Engenharia Telecomunicacoes,3,17,F,16.9
20261602,Fatima Luis,Engenharia de Redes,4,27,F,7.5
20261603,Teresa Carlos,Engenharia de Redes,4,23,M,8.1
20261604,Ana Manuel,Engenharia Telecomunicacoes,2,26,F,18.2
20261605,Teresa Carlos,Engenharia de Redes,3,21,F,9.4
20261606,Sonia Armando,Engenharia Informatica,2,20,F,13.0
20261607,Edson Mateus,Engenharia Informatica,2,21,F,9.1
20261608,Carlos Jose,Engenharia Telecomunicacoes,2,25,F,5.0
20261609,Antonio Salvador,Engenharia Electronica,3,18,M,15.8
20261610,Manuel Sergio,Engenharia Electronica,3,17,F,17.4
20261611,Nelson Mario,Engenharia Electronica,2,21,F,13.1
20261612,Helena Augusto,Engenharia Informatica,4,27,M,18.1
20261613,Samuel Ernesto,Engenharia Telecomunicacoes,4,20,M,9.0
20261614,Helena Augusto,Engenharia de Redes,2,24,F,15.9
20261615,Manuel Sergio,Engenharia Electronica,2,24,F,12.4
20261616,Rosa Fernando,Engenharia Telecomunicacoes,2,20,M,19.2
20261617,Pedro Tomas,Engenharia Electronica,1,21,F,18.3
20261618,Elsa Domingos,Engenharia Telecomunicacoes,1,19,F,11.4
20261619,Rosa Fernando,Engenharia de Redes,1,28,F,15.9
20261620,Ana Manuel,Engenharia Informatica,4,23,F,6.7
20261621,Ana Manuel,Engenharia Informatica,2,20,F,9.0
20261622,Samuel Ernesto,Engenharia Informatica,1,29,F,13.1
20261623,Lucia Joaquim,Engenharia Informatica,2,19,M,16.4
20261624,Rosa Fernando,Engenharia Telecomunicacoes,3,22,M,7.3
20261625,Carlos Jose,Engenharia Electronica,1,17,F,6.5
20261626,Edson Mateus,Engenharia Informatica,4,19,F,18.7
20261627,Ana Manuel,Engenharia Telecomunicacoes,4,23,F,10.3
20261628,Edson Mateus,Engenharia Telecomunicacoes,4,27,F,12.4
20261629,Joao Alberto,Engenharia Telecomunicacoes,1,21,M,6.1
20261630,Lucia Joaquim,Engenharia Informatica,3,18,F,14.1
20261631,Pedro Tomas,Engenharia de Redes,3,26,F,15.2
20261632,Celina Ernesto,Engenharia Electronica,3,22,F,9.1
20261633,Alberto Jaime,Engenharia Electronica,3,29,F,16.8
20261634,Celina Ernesto,Engenharia Telecomunicacoes,3,19,M,11.7
20261635,Alberto Jaime,Engenharia Informatica,1,26,M,19.4
20261636,Sonia Armando,Engenharia Telecomunicacoes,1,22,F,7.7
20261637,Elsa Domingos,Engenharia Electronica,3,24,M,12.2
20261638,Manuel Sergio,Engenharia Electronica,2,29,F,10.7
20261639,Dario Miguel,Engenharia de Redes,4,25,F,10.8
20261640,Helena Augusto,Engenharia de Redes,2,28,F,8.5
20261641,Ana Manuel,Engenharia Telecomunicacoes,1,22,M,19.4
20261642,Joao Alberto,Engenharia Informatica,3,22,F,9.4
20261643,Celina Ernesto,Engenharia de Redes,2,20,F,5.8
20261644,Celina Ernesto,Engenharia Informatica,2,23,F,15.4
20261645,Manuel Sergio,Engenharia Electronica,1,28,F,14.9
20261646,Marta Paulo,Engenharia de Redes,2,17,F,10.5
20261647,Marta Paulo,Engenharia Telecomunicacoes,1,17,M,7.2
20261648,Pedro Tomas,Engenharia de Redes,2,28,M,12.1
20261649,Lucia Joaquim,Engenharia de Redes,1,21,F,7.3
20261650,Carlos Jose,Engenharia Telecomunicacoes,2,17,M,17.5
20261651,Rosa Fernando,Engenharia Electronica,3,28,F,11.4
20261652,Pedro Tomas,Engenharia Electronica,1,25,M,19.7
20261653,Celina Ernesto,Engenharia Telecomunicacoes,4,26,F,8.3
20261654,Pedro Tomas,Engenharia Informatica,4,24,M,14.8
20261655,Elsa Domingos,Engenharia de Redes,2,17,M,14.7
20261656,Fatima Luis,Engenharia Electronica,1,18,F,10.4
20261657,Lucia Joaquim,Engenharia Informatica,2,21,F,13.1
20261658,Marta Paulo,Engenharia Telecomunicacoes,1,29,M,7.8
20261659,Fatima Luis,Engenharia Informatica,2,21,F,19.6
20261660,Helena Augusto,Engenharia Informatica,4,17,F,9.7
20261661,Edson Mateus,Engenharia Informatica,3,29,M,19.4
20261662,Teresa Carlos,Engenharia Telecomunicacoes,3,29,M,15.9
20261663,Celina Ernesto,Engenharia Informatica,3,23,F,12.5
20261664,Celina Ernesto,Engenharia Informatica,4,24,F,9.4
20261665,Celina Ernesto,Engenharia de Redes,1,27,F,19.3
20261666,Nelson Mario,Engenharia Telecomunicacoes,2,29,F,19.9
20261667,Teresa Carlos,Engenharia Electronica,4,29,F,10.1
20261668,Antonio Salvador,Engenharia de Redes,1,28,M,8.6
20261669,Samuel Ernesto,Engenharia Informatica,2,26,M,6.5
20261670,Ana Manuel,Engenharia Telecomunicacoes,3,25,F,12.5
20261671,Rosa Fernando,Engenharia Electronica,2,21,F,6.0
20261672,Helena Augusto,Engenharia Electronica,3,18,F,7.7
20261673,Rosa Fernando,Engenharia Electronica,4,21,M,14.8
20261674,Celina Ernesto,Engenharia Informatica,4,17,M,17.9
20261675,Elsa Domingos,Engenharia de Redes,2,24,M,12.7
20261676,Samuel Ernesto,Engenharia Electronica,3,18,M,12.6
20261677,Sonia Armando,Engenharia Informatica,1,28,F,15.5
20261678,Dario Miguel,Engenharia Informatica,2,30,F,9.4
20261679,Pedro Tomas,Engenharia de Redes,1,20,M,18.1
20261680,Marta Paulo,Engenharia Electronica,4,24,M,6.6
20261681,Pedro Tomas,Engenharia Informatica,4,29,M,8.0
20261682,Lucia Joaquim,Engenharia Informatica,3,22,M,8.2
20261683,Alberto Jaime,Engenharia Informatica,3,24,F,13.2
20261684,Alberto Jaime,Engenharia Telecomunicacoes,2,22,F,19.8
20261685,Elsa Domingos,Engenharia Informatica,3,29,M,19.7
20261686,Fatima Luis,Engenharia Informatica,2,30,F,19.3
20261687,Manuel Sergio,Engenharia Electronica,3,27,F,6.3
20261688,Marta Paulo,Engenharia Electronica,4,18,M,18.1
20261689,Rosa Fernando,Engenharia de Redes,2,27,M,7.8
20261690,Carlos Jose,Engenharia Informatica,4,22,M,7.5
20261691,Antonio Salvador,Engenharia de Redes,4,24,F,19.5
20261692,Manuel Sergio,Engenharia Electronica,4,30,F,13.4
20261693,Samuel Ernesto,Engenharia Telecomunicacoes,1,28,F,9.9
20261694,Lucia Joaquim,Engenharia Informatica,2,24,F,12.5
20261695,Lucia Joaquim,Engenharia Informatica,4,21,F,19.8
20261696,Celina Ernesto,Engenharia de Redes,1,17,F,16.2
20261697,Fatima Luis,Engenharia de Redes,2,26,M,8.2
20261698,Fatima Luis,Engenharia Telecomunicacoes,1,22,M,5.2
20261699,Edson Mateus,Engenharia Informatica,4,27,M,11.2
20261700,Antonio Salvador,Engenharia Electronica,4,25,M,6.7
20261701,Pedro Tomas,Engenharia de Redes,4,22,F,13.3
20261702,Pedro Tomas,Engenharia de Redes,4,21,M,14.5
20261703,Samuel Ernesto,Engenharia Informatica,1,29,F,6.3
20261704,Ana Manuel,Engenharia de Redes,1,24,F,14.5
20261705,Teresa Carlos,Engenharia Informatica,3,30,M,8.2
20261706,Rosa Fernando,Engenharia de Redes,1,20,M,19.3
20261707,Antonio Salvador,Engenharia de Redes,4,30,M,5.1
20261708,Antonio Salvador,Engenharia Telecomunicacoes,3,21,M,9.6
20261709,Manuel Sergio,Engenharia Telecomunicacoes,1,23,F,5.2
20261710,Celina Ernesto,Engenharia Electronica,3,22,F,19.4
20261711,Manuel Sergio,Engenharia Telecomunicacoes,4,20,M,17.4
20261712,Helena Augusto,Engenharia de Redes,2,27,M,19.7
20261713,Pedro Tomas,Engenharia de Redes,3,25,F,11.6
20261714,Joao Alberto,Engenharia Telecomunicacoes,1,27,M,17.6
20261715,Sonia Armando,Engenharia Telecomunicacoes,3,20,F,6.4
20261716,Manuel Sergio,Engenharia Informatica,2,17,F,13.6
20261717,Ana Manuel,Engenharia Telecomunicacoes,4,27,M,7.8
20261718,Nelson Mario,Engenharia Electronica,2,25,F,15.9
20261719,Elsa Domingos,Engenharia Electronica,1,21,F,19.0
20261720,Ana Manuel,Engenharia Informatica,1,24,F,6.6
20261721,Edson Mateus,Engenharia Electronica,2,18,F,12.4
20261722,Antonio Salvador,Engenharia Telecomunicacoes,4,18,M,16.9
20261723,Manuel Sergio,Engenharia Informatica,4,27,F,8.2
20261724,Manuel Sergio,Engenharia de Redes,3,27,M,17.1
20261725,Pedro Tomas,Engenharia Electronica,1,19,F,6.8
20261726,Lucia Joaquim,Engenharia Electronica,4,26,F,7.4
20261727,Sonia Armando,Engenharia Informatica,2,26,F,13.0
20261728,Teresa Carlos,Engenharia Telecomunicacoes,2,30,M,6.7
20261729,Fatima Luis,Engenharia Informatica,3,19,F,6.3
20261730,Celina Ernesto,Engenharia Electronica,3,24,F,19.3
20261731,Antonio Salvador,Engenharia Electronica,4,28,M,11.5
20261732,Elsa Domingos,Engenharia Telecomunicacoes,3,19,F,15.3
20261733,Sonia Armando,Engenharia de Redes,1,26,M,7.5
20261734,Fatima Luis,Engenharia de Redes,4,24,M,13.9
20261735,Sonia Armando,Engenharia Electronica,1,26,M,11.4
20261736,Helena Augusto,Engenharia Electronica,3,27,F,11.7
20261737,Carlos Jose,Engenharia Electronica,4,21,M,11.0
20261738,Joao Alberto,Engenharia Telecomunicacoes,3,23,F,10.4
20261739,Marta Paulo,Engenharia Telecomunicacoes,3,22,F,16.7
20261740,Joao Alberto,Engenharia Informatica,3,28,F,15.8
20261741,Fatima Luis,Engenharia de Redes,3,20,F,10.8
20261742,Samuel Ernesto,Engenharia Telecomunicacoes,2,18,M,15.7
20261743,Marta Paulo,Engenharia de Redes,4,22,M,8.0
20261744,Carlos Jose,Engenharia de Redes,4,17,M,11.3
20261745,Joao Alberto,Engenharia de Redes,2,26,M,13.9
20261746,Nelson Mario,Engenharia Informatica,3,17,F,18.7
20261747,Edson Mateus,Engenharia Telecomunicacoes,4,17,F,10.1
20261748,Ana Manuel,Engenharia Informatica,4,18,M,15.8
20261749,Sonia Armando,Engenharia Electronica,3,23,F,13.3
20261750,Lucia Joaquim,Engenharia de Redes,1,23,M,15.4
20261751,Rosa Fernando,Engenharia de Redes,1,30,M,19.1
20261752,Joao Alberto,Engenharia Informatica,2,17,F,7.1
20261753,Lucia Joaquim,Engenharia de Redes,2,19,F,7.9
20261754,Antonio Salvador,Engenharia Informatica,1,21,F,6.7
20261755,Edson Mateus,Engenharia Informatica,3,22,M,9.0
20261756,Pedro Tomas,Engenharia Telecomunicacoes,4,18,F,9.8
20261757,Celina Ernesto,Engenharia de Redes,4,27,F,12.8
20261758,Nelson Mario,Engenharia de Redes,4,21,M,16.6
20261759,Alberto Jaime,Engenharia Telecomunicacoes,1,21,M,15.7
20261760,Antonio Salvador,Engenharia Telecomunicacoes,2,28,F,6.1
20261761,Alberto Jaime,Engenharia Informatica,2,17,F,12.0
20261762,Elsa Domingos,Engenharia Telecomunicacoes,4,18,M,8.1
20261763,Helena Augusto,Engenharia Electronica,3,28,M,14.8
20261764,Teresa Carlos,Engenharia Informatica,2,20,M,10.8
20261765,Rosa Fernando,Engenharia Telecomunicacoes,4,20,F,9.2
20261766,Pedro Tomas,Engenharia Electronica,1,19,M,18.1
20261767,Joao Alberto,Engenharia Telecomunicacoes,1,24,F,9.0
20261768,Alberto Jaime,Engenharia de Redes,3,21,F,18.9
20261769,Marta Paulo,Engenharia Electronica,4,20,F,11.0
20261770,Manuel Sergio,Engenharia Electronica,1,24,M,10.5
20261771,Carlos Jose,Engenharia de Redes,4,20,M,7.8
20261772,Pedro Tomas,Engenharia Electronica,4,25,M,6.6
20261773,Carlos Jose,Engenharia Telecomunicacoes,1,20,F,5.8
20261774,Carlos Jose,Engenharia Electronica,2,18,F,9.1
20261775,Samuel Ernesto,Engenharia de Redes,4,23,F,8.3
20261776,Sonia Armando,Engenharia de Redes,2,19,F,10.2
20261777,Edson Mateus,Engenharia Electronica,1,18,F,12.5
20261778,Samuel Ernesto,Engenharia de Redes,3,30,F,7.6
20261779,Marta Paulo,Engenharia Telecomunicacoes,2,22,M,7.1
20261780,Ana Manuel,Engenharia de Redes,4,22,F,7.7
20261781,Sonia Armando,Engenharia Informatica,2,27,F,13.9
20261782,Alberto Jaime,Engenharia Informatica,4,30,F,12.1
20261783,Carlos Jose,Engenharia Informatica,3,30,F,12.9
20261784,Pedro Tomas,Engenharia Telecomunicacoes,1,18,M,17.1
20261785,Lucia Joaquim,Engenharia de Redes,4,28,M,19.8
20261786,Sonia Armando,Engenharia de Redes,3,22,M,5.2
20261787,Antonio Salvador,Engenharia Electronica,3,25,M,6.7
20261788,Teresa Carlos,Engenharia Informatica,2,23,F,14.9
20261789,Celina Ernesto,Engenharia Electronica,4,17,F,13.7
20261790,Manuel Sergio,Engenharia Electronica,2,28,F,7.9
20261791,Elsa Domingos,Engenharia Informatica,3,27,M,19.8
20261792,Teresa Carlos,Engenharia Telecomunicacoes,3,27,M,18.3
20261793,Elsa Domingos,Engenharia de Redes,3,21,F,5.6
20261794,Teresa Carlos,Engenharia Electronica,1,23,M,13.5
20261795,Antonio Salvador,Engenharia Electronica,1,17,M,18.9
20261796,Celina Ernesto,Engenharia de Redes,2,25,M,14.4
20261797,Pedro Tomas,Engenharia Electronica,4,21,F,17.0
20261798,Ana Manuel,Engenharia de Redes,1,20,M,17.4
20261799,Joao Alberto,Engenharia Informatica,4,21,F,11.5
20261800,Ana Manuel,Engenharia Informatica,3,19,M,18.2
20261801,Teresa Carlos,Engenharia Telecomunicacoes,1,28,M,7.1
20261802,Fatima Luis,Engenharia de Redes,1,21,F,5.5
20261803,Antonio Salvador,Engenharia Telecomunicacoes,4,23,M,19.5
20261804,Joao Alberto,Engenharia Electronica,3,26,M,7.6
20261805,Manuel Sergio,Engenharia Electronica,2,27,F,8.8
20261806,Manuel Sergio,Engenharia Telecomunicacoes,3,21,F,9.5
20261807,Rosa Fernando,Engenharia Telecomunicacoes,4,29,M,6.4
20261808,Teresa Carlos,Engenharia de Redes,3,25,M,12.0
20261809,Manuel Sergio,Engenharia de Redes,4,23,M,5.4
20261810,Dario Miguel,Engenharia Informatica,4,18,F,14.2
20261811,Edson Mateus,Engenharia Telecomunicacoes,3,19,M,5.8
20261812,Elsa Domingos,Engenharia Telecomunicacoes,4,27,F,11.9
20261813,Teresa Carlos,Engenharia de Redes,1,18,F,9.1
20261814,Joao Alberto,Engenharia Electronica,1,30,M,13.5
20261815,Lucia Joaquim,Engenharia Informatica,1,28,F,15.5
20261816,Teresa Carlos,Engenharia Telecomunicacoes,4,19,F,18.4
20261817,Celina Ernesto,Engenharia Electronica,3,28,F,17.1
20261818,Samuel Ernesto,Engenharia Telecomunicacoes,1,18,F,7.3
20261819,Joao Alberto,Engenharia Informatica,2,20,F,12.1
20261820,Teresa Carlos,Engenharia de Redes,4,17,F,9.5
20261821,Alberto Jaime,Engenharia Telecomunicacoes,2,30,M,17.3
20261822,Rosa Fernando,Engenharia Informatica,4,19,F,7.8
20261823,Nelson Mario,Engenharia Telecomunicacoes,2,24,M,9.4
20261824,Joao Alberto,Engenharia de Redes,3,27,M,10.9
20261825,Joao Alberto,Engenharia de Redes,4,30,M,7.2
20261826,Edson Mateus,Engenharia de Redes,1,26,M,5.2
20261827,Edson Mateus,Engenharia Informatica,4,17,M,19.4
20261828,Rosa Fernando,Engenharia de Redes,3,17,F,10.4
20261829,Teresa Carlos,Engenharia Telecomunicacoes,3,28,M,12.7
20261830,Pedro Tomas,Engenharia Telecomunicacoes,3,27,M,11.9
20261831,Celina Ernesto,Engenharia Electronica,3,23,F,18.7
20261832,Alberto Jaime,Engenharia de Redes,4,26,F,13.6
20261833,Teresa Carlos,Engenharia Electronica,2,28,M,13.8
20261834,Helena Augusto,Engenharia Electronica,4,18,F,5.4
20261835,Pedro Tomas,Engenharia Telecomunicacoes,1,27,F,12.5
20261836,Alberto Jaime,Engenharia Electronica,2,29,F,6.6
20261837,Pedro Tomas,Engenharia de Redes,4,18,F,14.2
20261838,Joao Alberto,Engenharia Informatica,1,24,M,14.1
20261839,Ana Manuel,Engenharia Telecomunicacoes,3,18,M,10.7
20261840,Helena Augusto,Engenharia Telecomunicacoes,2,21,M,11.6
20261841,Edson Mateus,Engenharia Telecomunicacoes,2,28,F,11.5
20261842,Teresa Carlos,Engenharia Telecomunicacoes,1,26,F,14.4
20261843,Joao Alberto,Engenharia Telecomunicacoes,1,29,F,18.4
20261844,Antonio Salvador,Engenharia de Redes,1,22,F,15.2
20261845,Teresa Carlos,Engenharia de Redes,2,30,F,13.6
20261846,Alberto Jaime,Engenharia Electronica,3,26,F,17.0
20261847,Rosa Fernando,Engenharia de Redes,4,30,F,13.5
20261848,Celina Ernesto,Engenharia Electronica,1,18,M,8.5
20261849,Samuel Ernesto,Engenharia Electronica,1,20,M,18.8
20261850,Sonia Armando,Engenharia de Redes,3,18,F,19.5
20261851,Marta Paulo,Engenharia Telecomunicacoes,3,23,F,13.2
20261852,Joao Alberto,Engenharia de Redes,3,27,F,5.5
20261853,Manuel Sergio,Engenharia Electronica,2,22,F,7.1
20261854,Dario Miguel,Engenharia Electronica,1,20,M,6.1
20261855,Helena Augusto,Engenharia Informatica,3,18,M,14.0
20261856,Samuel Ernesto,Engenharia Informatica,4,19,M,15.8
20261857,Joao Alberto,Engenharia Informatica,4,25,F,14.8
20261858,Manuel Sergio,Engenharia de Redes,3,29,F,5.3
20261859,Carlos Jose,Engenharia Informatica,2,25,M,15.2
20261860,Ana Manuel,Engenharia de Redes,1,23,M,15.4
20261861,Manuel Sergio,Engenharia de Redes,2,18,M,6.8
20261862,Samuel Ernesto,Engenharia Electronica,3,20,M,11.5
20261863,Carlos Jose,Engenharia Telecomunicacoes,2,18,F,8.4
20261864,Dario Miguel,Engenharia Informatica,1,30,F,17.2
20261865,Marta Paulo,Engenharia Informatica,2,24,F,9.2
20261866,Lucia Joaquim,Engenharia Electronica,2,21,F,14.1
20261867,Alberto Jaime,Engenharia Informatica,1,18,M,19.1
20261868,Fatima Luis,Engenharia de Redes,3,30,F,11.7
20261869,Edson Mateus,Engenharia Electronica,3,30,F,12.9
20261870,Sonia Armando,Engenharia Electronica,1,17,M,18.5
20261871,Samuel Ernesto,Engenharia de Redes,3,18,F,18.7
20261872,Teresa Carlos,Engenharia Telecomunicacoes,3,28,F,6.8
20261873,Celina Ernesto,Engenharia Informatica,2,28,M,14.7
20261874,Rosa Fernando,Engenharia Informatica,1,24,F,9.1
20261875,Helena Augusto,Engenharia de Redes,3,30,F,5.9
20261876,Samuel Ernesto,Engenharia de Redes,4,17,M,10.8
20261877,Carlos Jose,Engenharia Telecomunicacoes,2,23,F,14.9
20261878,Dario Miguel,Engenharia Informatica,3,17,M,19.1
20261879,Samuel Ernesto,Engenharia Electronica,3,29,F,16.4
20261880,Lucia Joaquim,Engenharia de Redes,4,29,F,17.1
20261881,Dario Miguel,Engenharia de Redes,3,30,M,11.4
20261882,Helena Augusto,Engenharia Electronica,2,23,M,16.2
20261883,Nelson Mario,Engenharia Telecomunicacoes,1,21,M,6.3
20261884,Nelson Mario,Engenharia Electronica,3,26,M,5.6
20261885,Sonia Armando,Engenharia Electronica,3,27,M,16.7
20261886,Samuel Ernesto,Engenharia Informatica,1,21,M,17.5
20261887,Pedro Tomas,Engenharia de Redes,4,17,M,5.1
20261888,Carlos Jose,Engenharia Electronica,4,27,F,11.1
20261889,Helena Augusto,Engenharia Informatica,3,26,M,19.3
20261890,Rosa Fernando,Engenharia Telecomunicacoes,3,29,M,8.9
20261891,Alberto Jaime,Engenharia Telecomunicacoes,2,27,F,7.2
20261892,Samuel Ernesto,Engenharia Informatica,2,18,F,7.8
20261893,Teresa Carlos,Engenharia de Redes,3,17,F,5.9
20261894,Sonia Armando,Engenharia Electronica,1,27,M,13.1
20261895,Carlos Jose,Engenharia Telecomunicacoes,3,18,F,12.6
20261896,Joao Alberto,Engenharia Informatica,2,20,M,13.6
20261897,Manuel Sergio,Engenharia Informatica,4,21,F,5.4
20261898,Samuel Ernesto,Engenharia Electronica,3,23,M,12.1
20261899,Edson Mateus,Engenharia Informatica,2,22,F,9.4
20261900,Celina Ernesto,Engenharia Informatica,1,26,F,17.1
20261901,Teresa Carlos,Engenharia Electronica,2,23,F,14.9
20261902,Celina Ernesto,Engenharia de Redes,1,18,F,13.5
20261903,Helena Augusto,Engenharia de Redes,1,30,F,14.1
20261904,Teresa Carlos,Engenharia de Redes,3,21,F,17.5
20261905,Edson Mateus,Engenharia Telecomunicacoes,3,20,M,8.5
20261906,Lucia Joaquim,Engenharia Informatica,2,24,M,10.4
20261907,Antonio Salvador,Engenharia Informatica,3,27,M,14.1
20261908,Rosa Fernando,Engenharia de Redes,2,26,F,18.9
20261909,Nelson Mario,Engenharia de Redes,2,26,M,16.9
20261910,Lucia Joaquim,Engenharia Electronica,1,18,M,11.3
20261911,Celina Ernesto,Engenharia de Redes,2,19,M,5.2
20261912,Joao Alberto,Engenharia de Redes,3,29,M,16.1
20261913,Celina Ernesto,Engenharia Informatica,4,17,F,19.8
20261914,Celina Ernesto,Engenharia de Redes,4,22,F,11.0
20261915,Dario Miguel,Engenharia Telecomunicacoes,3,18,M,18.5
20261916,Lucia Joaquim,Engenharia Informatica,1,18,M,19.2
20261917,Manuel Sergio,Engenharia de Redes,4,21,M,15.5
20261918,Pedro Tomas,Engenharia Informatica,2,17,M,15.1
20261919,Rosa Fernando,Engenharia de Redes,3,24,F,12.6
20261920,Helena Augusto,Engenharia Electronica,1,20,M,12.4
20261921,Carlos Jose,Engenharia de Redes,3,22,M,9.8
20261922,Pedro Tomas,Engenharia Telecomunicacoes,1,30,F,11.5
20261923,Sonia Armando,Engenharia Electronica,1,22,M,7.5
20261924,Edson Mateus,Engenharia Electronica,4,24,F,18.3
20261925,Edson Mateus,Engenharia Electronica,1,20,M,7.1
20261926,Fatima Luis,Engenharia Telecomunicacoes,1,26,F,19.4
20261927,Dario Miguel,Engenharia Telecomunicacoes,1,24,F,10.5
20261928,Edson Mateus,Engenharia de Redes,4,25,F,17.5
20261929,Edson Mateus,Engenharia Informatica,1,24,M,12.4
20261930,Marta Paulo,Engenharia Telecomunicacoes,3,28,F,19.5
20261931,Marta Paulo,Engenharia Telecomunicacoes,1,22,F,12.6
20261932,Sonia Armando,Engenharia de Redes,1,28,M,18.4
20261933,Carlos Jose,Engenharia de Redes,1,28,M,7.9
20261934,Dario Miguel,Engenharia Informatica,1,20,F,13.8
20261935,Nelson Mario,Engenharia Telecomunicacoes,3,24,F,12.3
20261936,Pedro Tomas,Engenharia de Redes,3,19,F,14.5
20261937,Marta Paulo,Engenharia Telecomunicacoes,1,23,F,12.4
20261938,Samuel Ernesto,Engenharia Telecomunicacoes,2,17,M,15.3
20261939,Samuel Ernesto,Engenharia de Redes,2,27,M,12.3
20261940,Pedro Tomas,Engenharia Electronica,2,21,M,12.4
20261941,Elsa Domingos,Engenharia Electronica,4,21,F,8.3
20261942,Edson Mateus,Engenharia de Redes,4,22,F,14.9
20261943,Joao Alberto,Engenharia Telecomunicacoes,4,22,F,10.2
20261944,Elsa Domingos,Engenharia Telecomunicacoes,4,30,M,14.0
20261945,Nelson Mario,Engenharia Informatica,3,21,F,18.3
20261946,Manuel Sergio,Engenharia Informatica,3,21,M,11.2
20261947,Rosa Fernando,Engenharia de Redes,4,21,F,9.0
20261948,Nelson Mario,Engenharia Electronica,1,21,M,11.1
20261949,Helena Augusto,Engenharia Telecomunicacoes,2,29,F,19.2
20261950,Samuel Ernesto,Engenharia Electronica,2,26,F,19.3
20261951,Ana Manuel,Engenharia de Redes,1,29,M,18.7
20261952,Dario Miguel,Engenharia Informatica,1,25,F,10.4
20261953,Fatima Luis,Engenharia Telecomunicacoes,4,30,F,9.4
20261954,Pedro Tomas,Engenharia Electronica,3,23,F,13.3
20261955,Nelson Mario,Engenharia Informatica,1,30,F,16.3
20261956,Teresa Carlos,Engenharia Informatica,4,29,M,5.6
20261957,Edson Mateus,Engenharia Electronica,1,20,F,5.5
20261958,Joao Alberto,Engenharia de Redes,4,19,M,17.9
20261959,Marta Paulo,Engenharia Informatica,4,17,F,16.1
20261960,Dario Miguel,Engenharia Telecomunicacoes,1,28,M,7.9
20261961,Samuel Ernesto,Engenharia Electronica,3,23,F,9.5
20261962,Rosa Fernando,Engenharia Telecomunicacoes,1,21,M,10.6
20261963,Manuel Sergio,Engenharia Informatica,2,23,M,12.3
20261964,Dario Miguel,Engenharia Telecomunicacoes,4,17,M,15.9
20261965,Antonio Salvador,Engenharia Informatica,4,20,F,11.0
20261966,Nelson Mario,Engenharia de Redes,3,24,F,14.6
20261967,Lucia Joaquim,Engenharia Telecomunicacoes,1,18,F,8.1
20261968,Alberto Jaime,Engenharia Telecomunicacoes,1,19,M,14.2
20261969,Alberto Jaime,Engenharia Telecomunicacoes,1,29,M,8.8
20261970,Edson Mateus,Engenharia Electronica,2,17,M,15.3
20261971,Samuel Ernesto,Engenharia de Redes,1,21,F,16.3
20261972,Alberto Jaime,Engenharia de Redes,3,27,F,9.8
20261973,Alberto Jaime,Engenharia Informatica,1,23,F,10.6
20261974,Ana Manuel,Engenharia Telecomunicacoes,1,19,F,11.6
20261975,Joao Alberto,Engenharia Informatica,4,24,F,14.4
20261976,Teresa Carlos,Engenharia de Redes,2,28,M,11.0
20261977,Edson Mateus,Engenharia Informatica,4,21,M,12.8
20261978,Samuel Ernesto,Engenharia Electronica,2,19,M,12.8
20261979,Fatima Luis,Engenharia Electronica,3,24,M,8.2
20261980,Lucia Joaquim,Engenharia Telecomunicacoes,2,25,M,5.1
20261981,Manuel Sergio,Engenharia Telecomunicacoes,2,24,F,19.9
20261982,Ana Manuel,Engenharia Electronica,2,20,F,13.1
20261983,Lucia Joaquim,Engenharia Informatica,1,26,M,13.9
20261984,Marta Paulo,Engenharia Electronica,2,22,F,18.9
20261985,Sonia Armando,Engenharia Electronica,4,26,M,10.5
20261986,Elsa Domingos,Engenharia Electronica,2,18,F,6.5
20261987,Fatima Luis,Engenharia Electronica,2,21,F,6.9
20261988,Teresa Carlos,Engenharia de Redes,3,26,M,19.5
20261989,Samuel Ernesto,Engenharia de Redes,2,19,F,16.8
20261990,Fatima Luis,Engenharia Informatica,2,19,F,12.1
20261991,Ana Manuel,Engenharia Electronica,1,17,F,12.7
20261992,Rosa Fernando,Engenharia de Redes,4,22,M,12.5
20261993,Joao Alberto,Engenharia Telecomunicacoes,4,23,M,15.6
20261994,Antonio Salvador,Engenharia Electronica,3,25,F,18.2
20261995,Fatima Luis,Engenharia Telecomunicacoes,3,28,F,17.6
20261996,Dario Miguel,Engenharia de Redes,4,28,M,15.3
20261997,Dario Miguel,Engenharia de Redes,3,19,F,18.0
20261998,Rosa Fernando,Engenharia Electronica,4,20,F,10.7
20261999,Pedro Tomas,Engenharia Informatica,2,24,M,12.9
20262000,Ana Manuel,Engenharia Electronica,3,18,M,18.7
20262001,Teresa Carlos,Engenharia Informatica,3,17,M,14.6
20262002,Elsa Domingos,Engenharia Informatica,3,21,F,19.6
20262003,Ana Manuel,Engenharia de Redes,4,24,F,12.1
20262004,Dario Miguel,Engenharia Informatica,1,22,F,14.2
20262005,Celina Ernesto,Engenharia Telecomunicacoes,2,18,M,17.5
20262006,Joao Alberto,Engenharia Informatica,4,27,F,9.7
20262007,Dario Miguel,Engenharia Electronica,2,27,F,10.0
20262008,Lucia Joaquim,Engenharia Telecomunicacoes,3,25,F,19.1
20262009,Elsa Domingos,Engenharia de Redes,1,18,F,17.4
20262010,Teresa Carlos,Engenharia Telecomunicacoes,3,18,F,11.7
20262011,Sonia Armando,Engenharia Telecomunicacoes,4,19,F,9.7
20262012,Dario Miguel,Engenharia Electronica,1,22,M,13.5
20262013,Marta Paulo,Engenharia de Redes,1,18,F,7.7
20262014,Marta Paulo,Engenharia Telecomunicacoes,3,26,F,16.5
20262015,Ana Manuel,Engenharia Telecomunicacoes,3,24,F,18.2
20262016,Nelson Mario,Engenharia Electronica,2,28,F,9.7
20262017,Elsa Domingos,Engenharia Electronica,2,21,F,13.5
20262018,Manuel Sergio,Engenharia Telecomunicacoes,2,21,F,7.7
20262019,Edson Mateus,Engenharia Electronica,4,21,F,12.3
20262020,Helena Augusto,Engenharia Electronica,3,29,M,17.4
20262021,Pedro Tomas,Engenharia Informatica,4,19,F,19.9
20262022,Manuel Sergio,Engenharia Electronica,3,20,M,15.5
20262023,Teresa Carlos,Engenharia Electronica,1,25,F,8.9
20262024,Rosa Fernando,Engenharia Electronica,1,18,F,12.1
20262025,Rosa Fernando,Engenharia Electronica,3,26,M,14.9
20262026,Carlos Jose,Engenharia Electronica,1,27,M,18.0
20262027,Ana Manuel,Engenharia Telecomunicacoes,4,24,M,10.1
20262028,Joao Alberto,Engenharia Telecomunicacoes,3,21,F,12.0
20262029,Pedro Tomas,Engenharia Informatica,4,29,M,13.9
20262030,Manuel Sergio,Engenharia de Redes,4,30,F,8.8
20262031,Antonio Salvador,Engenharia Electronica,4,27,M,9.5
20262032,Nelson Mario,Engenharia Informatica,4,23,M,19.3
20262033,Elsa Domingos,Engenharia Informatica,2,25,F,18.8
20262034,Samuel Ernesto,Engenharia Telecomunicacoes,2,19,M,16.8
20262035,Carlos Jose,Engenharia Informatica,3,29,F,17.0
20262036,Rosa Fernando,Engenharia de Redes,2,24,F,14.9
20262037,Fatima Luis,Engenharia Telecomunicacoes,3,21,F,7.8
20262038,Fatima Luis,Engenharia de Redes,1,28,F,7.3
20262039,Dario Miguel,Engenharia Electronica,1,24,F,10.2
20262040,Alberto Jaime,Engenharia de Redes,2,24,M,17.5
20262041,Nelson Mario,Engenharia Informatica,4,19,M,16.4
20262042,Celina Ernesto,Engenharia de Redes,3,21,M,14.0
20262043,Dario Miguel,Engenharia Informatica,3,24,F,8.3
20262044,Samuel Ernesto,Engenharia Telecomunicacoes,2,22,M,10.1
20262045,Ana Manuel,Engenharia de Redes,1,27,F,7.1
20262046,Fatima Luis,Engenharia Informatica,2,21,M,6.4
20262047,Elsa Domingos,Engenharia Telecomunicacoes,4,19,M,9.7
20262048,Alberto Jaime,Engenharia Informatica,3,23,F,7.5
20262049,Teresa Carlos,Engenharia Informatica,4,29,F,10.2
20262050,Joao Alberto,Engenharia de Redes,1,19,M,6.9
20262051,Teresa Carlos,Engenharia de Redes,4,17,M,14.8
20262052,Elsa Domingos,Engenharia de Redes,1,21,M,8.9
20262053,Joao Alberto,Engenharia de Redes,3,29,M,15.7
20262054,Dario Miguel,Engenharia Electronica,1,29,F,19.7
20262055,Dario Miguel,Engenharia de Redes,1,19,F,10.1
20262056,Helena Augusto,Engenharia Electronica,2,25,M,11.5
20262057,Rosa Fernando,Engenharia Electronica,1,18,M,11.9
20262058,Carlos Jose,Engenharia Electronica,3,23,M,15.1
20262059,Ana Manuel,Engenharia Electronica,2,21,M,11.3
20262060,Rosa Fernando,Engenharia Electronica,3,27,F,13.9
20262061,Antonio Salvador,Engenharia Informatica,4,20,F,6.3
20262062,Joao Alberto,Engenharia Telecomunicacoes,2,27,M,11.5
20262063,Sonia Armando,Engenharia Electronica,4,28,F,18.8
20262064,Teresa Carlos,Engenharia de Redes,1,18,M,10.6
20262065,Celina Ernesto,Engenharia Informatica,4,25,F,10.1
20262066,Edson Mateus,Engenharia de Redes,4,17,F,19.3
20262067,Sonia Armando,Engenharia Informatica,4,18,F,13.6
20262068,Edson Mateus,Engenharia Telecomunicacoes,1,22,M,8.2
20262069,Manuel Sergio,Engenharia Electronica,2,21,F,14.1
20262070,Pedro Tomas,Engenharia Electronica,3,17,M,8.1
20262071,Manuel Sergio,Engenharia Telecomunicacoes,3,21,M,14.0
20262072,Lucia Joaquim,Engenharia Informatica,2,20,F,15.6
20262073,Nelson Mario,Engenharia Informatica,3,28,M,13.8
20262074,Samuel Ernesto,Engenharia Electronica,4,24,F,10.1
20262075,Lucia Joaquim,Engenharia Electronica,4,19,M,17.8
20262076,Alberto Jaime,Engenharia Telecomunicacoes,2,27,M,8.8
20262077,Carlos Jose,Engenharia Informatica,4,25,M,6.2
20262078,Teresa Carlos,Engenharia Electronica,3,21,M,11.8
20262079,Rosa Fernando,Engenharia Informatica,2,26,F,14.4
20262080,Helena Augusto,Engenharia de Redes,4,29,F,16.3
20262081,Edson Mateus,Engenharia de Redes,2,23,F,10.7
20262082,Joao Alberto,Engenharia Informatica,4,20,F,19.9
20262083,Helena Augusto,Engenharia Electronica,2,30,F,16.5
20262084,Elsa Domingos,Engenharia de Redes,3,29,F,11.3
20262085,Samuel Ernesto,Engenharia Electronica,3,29,M,14.5
20262086,Lucia Joaquim,Engenharia de Redes,2,30,M,12.4
20262087,Rosa Fernando,Engenharia Electronica,4,19,F,11.0
20262088,Ana Manuel,Engenharia Electronica,4,27,F,15.3
20262089,Joao Alberto,Engenharia de Redes,4,23,M,7.8
20262090,Ana Manuel,Engenharia Telecomunicacoes,2,26,F,14.0
20262091,Manuel Sergio,Engenharia Informatica,3,26,F,7.5
20262092,Alberto Jaime,Engenharia Informatica,3,17,M,13.3
20262093,Fatima Luis,Engenharia Telecomunicacoes,4,22,F,7.6
20262094,Fatima Luis,Engenharia Electronica,2,21,F,18.4
20262095,Fatima Luis,Engenharia de Redes,4,20,M,19.8
20262096,Pedro Tomas,Engenharia de Redes,1,29,M,18.1
20262097,Pedro Tomas,Engenharia Telecomunicacoes,4,28,F,5.1
20262098,Carlos Jose,Engenharia de Redes,4,30,M,6.1
20262099,Manuel Sergio,Engenharia Electronica,1,28,F,11.6
20262100,Carlos Jose,Engenharia Electronica,4,30,F,10.5
20262101,Teresa Carlos,Engenharia de Redes,4,29,F,6.6
20262102,Sonia Armando,Engenharia Informatica,2,22,M,14.8
20262103,Celina Ernesto,Engenharia Telecomunicacoes,4,20,M,6.5
20262104,Marta Paulo,Engenharia de Redes,4,29,F,16.4
20262105,Lucia Joaquim,Engenharia Electronica,4,22,M,15.5
20262106,Helena Augusto,Engenharia Electronica,1,29,F,7.2
20262107,Edson Mateus,Engenharia Informatica,2,22,M,15.7
20262108,Edson Mateus,Engenharia Telecomunicacoes,3,24,M,15.1
20262109,Celina Ernesto,Engenharia Telecomunicacoes,2,26,M,17.9
20262110,Sonia Armando,Engenharia Telecomunicacoes,1,30,F,13.7
20262111,Celina Ernesto,Engenharia Informatica,3,22,M,12.2
20262112,Pedro Tomas,Engenharia Electronica,2,26,M,12.9
20262113,Elsa Domingos,Engenharia de Redes,2,30,M,7.6
20262114,Elsa Domingos,Engenharia Informatica,1,22,F,9.6
20262115,Nelson Mario,Engenharia Telecomunicacoes,3,26,F,14.7
20262116,Antonio Salvador,Engenharia de Redes,4,26,F,17.6
20262117,Teresa Carlos,Engenharia Telecomunicacoes,2,22,F,11.0
20262118,Joao Alberto,Engenharia Electronica,1,21,F,19.6
20262119,Carlos Jose,Engenharia de Redes,2,20,M,17.0
20262120,Pedro Tomas,Engenharia Telecomunicacoes,2,28,M,7.7
20262121,Samuel Ernesto,Engenharia Electronica,3,18,F,16.0
20262122,Marta Paulo,Engenharia Telecomunicacoes,3,17,F,8.4
20262123,Helena Augusto,Engenharia de Redes,4,18,F,9.8
20262124,Marta Paulo,Engenharia Telecomunicacoes,4,18,M,6.3
20262125,Fatima Luis,Engenharia Informatica,2,26,M,9.5
20262126,Ana Manuel,Engenharia de Redes,1,28,M,16.7
20262127,Fatima Luis,Engenharia de Redes,1,21,M,14.0
20262128,Alberto Jaime,Engenharia Telecomunicacoes,3,25,M,12.7
20262129,Edson Mateus,Engenharia Electronica,2,22,M,15.2
20262130,Teresa Carlos,Engenharia Electronica,4,18,F,12.3
20262131,Lucia Joaquim,Engenharia de Redes,4,19,F,6.0
20262132,Manuel Sergio,Engenharia Electronica,1,30,M,10.1
20262133,Dario Miguel,Engenharia Telecomunicacoes,2,29,F,16.4
20262134,Fatima Luis,Engenharia Electronica,3,22,M,6.5
20262135,Edson Mateus,Engenharia Telecomunicacoes,2,22,F,7.9
20262136,Elsa Domingos,Engenharia Telecomunicacoes,2,26,F,9.9
20262137,Teresa Carlos,Engenharia de Redes,4,29,M,8.4
20262138,Sonia Armando,Engenharia de Redes,3,22,F,9.6
20262139,Antonio Salvador,Engenharia Electronica,4,21,M,13.4
20262140,Manuel Sergio,Engenharia Informatica,4,17,M,10.3
20262141,Celina Ernesto,Engenharia de Redes,3,17,F,8.1
20262142,Sonia Armando,Engenharia Electronica,3,17,M,11.4
20262143,Elsa Domingos,Engenharia Electronica,2,29,F,14.3
20262144,Rosa Fernando,Engenharia Electronica,1,18,F,7.4
20262145,Alberto Jaime,Engenharia de Redes,1,29,M,15.3
20262146,Alberto Jaime,Engenharia Telecomunicacoes,3,26,M,5.9
20262147,Carlos Jose,Engenharia Electronica,3,25,M,11.6
20262148,Edson Mateus,Engenharia Informatica,4,19,F,9.9
20262149,Manuel Sergio,Engenharia Telecomunicacoes,2,26,M,13.6
20262150,Dario Miguel,Engenharia Informatica,4,20,M,13.6
20262151,Sonia Armando,Engenharia Electronica,1,19,F,18.1
20262152,Lucia Joaquim,Engenharia Electronica,4,28,F,7.8
20262153,Rosa Fernando,Engenharia Telecomunicacoes,4,22,M,8.0
20262154,Sonia Armando,Engenharia Electronica,1,19,F,14.6
20262155,Manuel Sergio,Engenharia de Redes,4,29,F,17.5
20262156,Carlos Jose,Engenharia Electronica,1,26,M,19.9
20262157,Teresa Carlos,Engenharia Electronica,4,21,M,14.5
20262158,Marta Paulo,Engenharia Informatica,1,25,F,17.0
20262159,Marta Paulo,Engenharia de Redes,2,29,F,16.5
20262160,Manuel Sergio,Engenharia Electronica,4,24,F,14.8
20262161,Marta Paulo,Engenharia Telecomunicacoes,3,24,M,18.3
20262162,Elsa Domingos,Engenharia Electronica,1,26,M,5.3
20262163,Nelson Mario,Engenharia Electronica,4,19,M,17.8
20262164,Helena Augusto,Engenharia Electronica,4,27,F,16.5
20262165,Helena Augusto,Engenharia Electronica,2,20,F,8.1
20262166,Pedro Tomas,Engenharia Informatica,1,25,F,16.7
20262167,Dario Miguel,Engenharia Electronica,1,22,M,18.9
20262168,Fatima Luis,Engenharia Telecomunicacoes,3,19,M,19.9
20262169,Nelson Mario,Engenharia Telecomunicacoes,3,17,F,18.2
20262170,Rosa Fernando,Engenharia Informatica,4,17,M,18.0
20262171,Fatima Luis,Engenharia de Redes,1,24,M,11.0
20262172,Fatima Luis,Engenharia de Redes,1,18,F,12.6
20262173,Helena Augusto,Engenharia Informatica,2,29,F,6.8
20262174,Alberto Jaime,Engenharia Electronica,3,23,F,8.2
20262175,Marta Paulo,Engenharia Electronica,4,21,F,19.2
20262176,Ana Manuel,Engenharia Informatica,4,29,M,11.0
20262177,Joao Alberto,Engenharia Electronica,3,21,F,11.5
20262178,Edson Mateus,Engenharia Telecomunicacoes,1,27,M,18.1
20262179,Ana Manuel,Engenharia Electronica,3,17,F,17.7
20262180,Pedro Tomas,Engenharia Informatica,2,25,F,7.1
20262181,Alberto Jaime,Engenharia Informatica,1,26,F,18.0
20262182,Edson Mateus,Engenharia Electronica,4,30,F,11.3
20262183,Pedro Tomas,Engenharia Telecomunicacoes,2,22,F,16.8
20262184,Ana Manuel,Engenharia de Redes,2,21,M,14.4
20262185,Sonia Armando,Engenharia Electronica,1,29,F,10.0
20262186,Alberto Jaime,Engenharia Informatica,2,23,F,13.1
20262187,Samuel Ernesto,Engenharia Telecomunicacoes,2,18,F,10.2
20262188,Nelson Mario,Engenharia Informatica,4,18,F,19.5
20262189,Rosa Fernando,Engenharia de Redes,4,19,F,9.7
20262190,Alberto Jaime,Engenharia Electronica,2,22,M,19.4
20262191,Joao Alberto,Engenharia de Redes,4,28,F,6.9
20262192,Teresa Carlos,Engenharia Telecomunicacoes,2,20,F,16.1
20262193,Elsa Domingos,Engenharia Electronica,1,20,F,8.8
20262194,Edson Mateus,Engenharia Electronica,4,27,M,16.4
20262195,Celina Ernesto,Engenharia Electronica,4,22,F,13.7
20262196,Carlos Jose,Engenharia de Redes,1,29,F,19.7
20262197,Ana Manuel,Engenharia Telecomunicacoes,1,30,F,7.4
20262198,Lucia Joaquim,Engenharia Informatica,4,24,M,7.8
20262199,Helena Augusto,Engenharia de Redes,4,20,M,14.3
20262200,Dario Miguel,Engenharia de Redes,1,28,M,14.8
20262201,Teresa Carlos,Engenharia Electronica,3,19,M,10.1
20262202,Alberto Jaime,Engenharia de Redes,1,27,M,16.4
20262203,Sonia Armando,Engenharia Informatica,3,23,F,19.5
20262204,Celina Ernesto,Engenharia Informatica,2,24,F,6.8
20262205,Edson Mateus,Engenharia Telecomunicacoes,3,21,M,11.5
20262206,Marta Paulo,Engenharia Telecomunicacoes,4,30,F,7.1
20262207,Nelson Mario,Engenharia Informatica,2,28,M,12.9
20262208,Celina Ernesto,Engenharia Informatica,3,25,F,15.4
20262209,Teresa Carlos,Engenharia Telecomunicacoes,3,19,F,15.2
20262210,Samuel Ernesto,Engenharia Telecomunicacoes,2,25,M,17.9
20262211,Sonia Armando,Engenharia Informatica,4,21,M,18.5
20262212,Manuel Sergio,Engenharia de Redes,4,22,F,15.8
20262213,Edson Mateus,Engenharia Informatica,1,21,M,8.1
20262214,Samuel Ernesto,Engenharia Informatica,1,29,M,7.1
20262215,Alberto Jaime,Engenharia Telecomunicacoes,2,23,F,14.7
20262216,Elsa Domingos,Engenharia Telecomunicacoes,2,30,M,6.1
20262217,Sonia Armando,Engenharia Telecomunicacoes,4,18,F,8.1
20262218,Celina Ernesto,Engenharia Electronica,3,17,F,12.8
20262219,Teresa Carlos,Engenharia Informatica,4,20,M,9.5
20262220,Joao Alberto,Engenharia de Redes,2,18,M,18.1
20262221,Carlos Jose,Engenharia de Redes,3,18,M,11.4
20262222,Pedro Tomas,Engenharia de Redes,3,20,F,6.3
20262223,Samuel Ernesto,Engenharia Electronica,2,30,M,17.6
20262224,Manuel Sergio,Engenharia de Redes,1,27,F,18.0
20262225,Sonia Armando,Engenharia Electronica,3,27,M,11.3
20262226,Sonia Armando,Engenharia Electronica,1,17,F,15.7
20262227,Alberto Jaime,Engenharia Telecomunicacoes,4,20,M,15.0
20262228,Joao Alberto,Engenharia de Redes,4,26,M,5.6
20262229,Joao Alberto,Engenharia Informatica,1,18,F,10.4
20262230,Samuel Ernesto,Engenharia de Redes,4,28,F,10.2
20262231,Rosa Fernando,Engenharia de Redes,1,23,M,15.0
20262232,Ana Manuel,Engenharia Telecomunicacoes,2,17,M,6.5
20262233,Manuel Sergio,Engenharia Informatica,4,30,M,10.4
20262234,Antonio Salvador,Engenharia Electronica,2,21,M,16.8
20262235,Lucia Joaquim,Engenharia de Redes,3,29,F,8.1
20262236,Dario Miguel,Engenharia Electronica,4,29,M,16.7
20262237,Pedro Tomas,Engenharia de Redes,1,22,M,14.2
20262238,Nelson Mario,Engenharia Electronica,3,18,F,14.6
20262239,Lucia Joaquim,Engenharia de Redes,2,29,M,8.0
20262240,Alberto Jaime,Engenharia Electronica,3,29,M,18.4
20262241,Pedro Tomas,Engenharia Telecomunicacoes,3,17,F,7.8
20262242,Edson Mateus,Engenharia Electronica,2,23,F,8.0
20262243,Marta Paulo,Engenharia de Redes,3,19,M,13.0
20262244,Elsa Domingos,Engenharia Telecomunicacoes,4,18,M,14.2
20262245,Marta Paulo,Engenharia Electronica,2,24,F,8.7
20262246,Celina Ernesto,Engenharia Electronica,1,24,F,17.5
20262247,Nelson Mario,Engenharia Telecomunicacoes,2,24,F,7.2
20262248,Edson Mateus,Engenharia Telecomunicacoes,1,30,M,17.6
20262249,Manuel Sergio,Engenharia Telecomunicacoes,4,19,M,14.4
20262250,Elsa Domingos,Engenharia Electronica,3,29,M,11.5
20262251,Antonio Salvador,Engenharia Telecomunicacoes,3,25,M,6.2
20262252,Celina Ernesto,Engenharia Electronica,2,29,F,6.4
20262253,Teresa Carlos,Engenharia de Redes,3,18,F,15.8
20262254,Dario Miguel,Engenharia Telecomunicacoes,4,21,F,11.9
20262255,Rosa Fernando,Engenharia de Redes,4,18,F,5.3
20262256,Rosa Fernando,Engenharia Informatica,3,24,F,6.0
20262257,Antonio Salvador,Engenharia Informatica,3,26,M,19.2
20262258,Ana Manuel,Engenharia de Redes,4,28,F,19.8
20262259,Fatima Luis,Engenharia de Redes,3,25,M,10.0
20262260,Helena Augusto,Engenharia de Redes,2,29,M,17.9
20262261,Samuel Ernesto,Engenharia Informatica,3,26,F,16.6
20262262,Marta Paulo,Engenharia Informatica,4,28,F,16.0
20262263,Nelson Mario,Engenharia Telecomunicacoes,2,17,M,15.9
20262264,Lucia Joaquim,Engenharia Informatica,1,23,M,17.1
20262265,Elsa Domingos,Engenharia de Redes,2,30,M,7.7
20262266,Edson Mateus,Engenharia Electronica,2,28,M,18.2
20262267,Alberto Jaime,Engenharia Informatica,2,21,M,8.0
20262268,Antonio Salvador,Engenharia Informatica,3,24,F,12.9
20262269,Ana Manuel,Engenharia Informatica,1,27,M,6.4
20262270,Ana Manuel,Engenharia Informatica,1,22,M,9.6
20262271,Helena Augusto,Engenharia Electronica,1,19,F,14.5
20262272,Alberto Jaime,Engenharia Telecomunicacoes,2,22,F,18.1
20262273,Celina Ernesto,Engenharia Electronica,2,24,F,12.6
20262274,Rosa Fernando,Engenharia Informatica,1,25,F,17.1
20262275,Edson Mateus,Engenharia Electronica,1,22,F,13.9
20262276,Pedro Tomas,Engenharia Informatica,4,20,F,20.0
20262277,Lucia Joaquim,Engenharia de Redes,4,29,M,19.2
20262278,Dario Miguel,Engenharia Informatica,3,20,M,7.1
20262279,Alberto Jaime,Engenharia Telecomunicacoes,4,17,M,5.9
20262280,Alberto Jaime,Engenharia Informatica,1,27,M,18.7
20262281,Helena Augusto,Engenharia de Redes,2,21,M,7.0
20262282,Fatima Luis,Engenharia Electronica,4,23,M,10.7
20262283,Alberto Jaime,Engenharia Informatica,4,18,M,13.4
20262284,Samuel Ernesto,Engenharia de Redes,3,24,M,16.6
20262285,Carlos Jose,Engenharia Informatica,2,18,M,18.4
20262286,Helena Augusto,Engenharia Telecomunicacoes,3,28,F,13.0
20262287,Carlos Jose,Engenharia Electronica,4,20,M,19.5
20262288,Carlos Jose,Engenharia de Redes,2,25,M,15.2
20262289,Carlos Jose,Engenharia Telecomunicacoes,1,24,F,18.4
20262290,Lucia Joaquim,Engenharia Informatica,2,24,F,13.6
20262291,Samuel Ernesto,Engenharia Informatica,1,23,F,18.5
20262292,Joao Alberto,Engenharia Electronica,1,20,M,19.8
20262293,Elsa Domingos,Engenharia Telecomunicacoes,3,30,M,5.7
20262294,Celina Ernesto,Engenharia Telecomunicacoes,3,23,M,8.1
20262295,Sonia Armando,Engenharia de Redes,1,23,M,10.7
20262296,Fatima Luis,Engenharia de Redes,3,26,F,14.4
20262297,Elsa Domingos,Engenharia Informatica,4,19,F,6.1
20262298,Joao Alberto,Engenharia Informatica,2,29,M,6.0
20262299,Dario Miguel,Engenharia Electronica,2,28,M,19.3
20262300,Elsa Domingos,Engenharia Electronica,3,21,M,6.6
20262301,Joao Alberto,Engenharia de Redes,2,18,M,8.0
20262302,Teresa Carlos,Engenharia Informatica,4,24,F,6.7
20262303,Carlos Jose,Engenharia de Redes,2,18,F,8.6
20262304,Samuel Ernesto,Engenharia Electronica,4,28,F,11.6
20262305,Carlos Jose,Engenharia Telecomunicacoes,2,28,M,5.7
20262306,Ana Manuel,Engenharia Telecomunicacoes,3,30,M,18.8
20262307,Antonio Salvador,Engenharia de Redes,2,27,F,10.9
20262308,Celina Ernesto,Engenharia Electronica,1,20,F,14.4
20262309,Lucia Joaquim,Engenharia de Redes,1,30,M,6.0
20262310,Nelson Mario,Engenharia Electronica,2,19,M,5.9
20262311,Marta Paulo,Engenharia de Redes,1,26,F,15.9
20262312,Lucia Joaquim,Engenharia Electronica,1,19,F,15.3
20262313,Ana Manuel,Engenharia de Redes,1,26,F,17.2
20262314,Helena Augusto,Engenharia Informatica,2,29,F,13.5
20262315,Marta Paulo,Engenharia Informatica,4,26,M,9.2
20262316,Samuel Ernesto,Engenharia de Redes,4,28,F,15.2
20262317,Samuel Ernesto,Engenharia Electronica,3,27,M,12.2
20262318,Celina Ernesto,Engenharia de Redes,3,20,F,9.3
20262319,Pedro Tomas,Engenharia de Redes,3,19,M,16.1
20262320,Manuel Sergio,Engenharia Electronica,2,17,M,11.2
20262321,Dario Miguel,Engenharia Telecomunicacoes,4,19,M,8.1
20262322,Elsa Domingos,Engenharia de Redes,4,24,M,11.7
20262323,Elsa Domingos,Engenharia de Redes,3,22,M,15.0
20262324,Celina Ernesto,Engenharia Telecomunicacoes,2,20,F,13.5
20262325,Samuel Ernesto,Engenharia Electronica,4,25,M,10.6
20262326,Edson Mateus,Engenharia Telecomunicacoes,4,19,M,6.6
20262327,Rosa Fernando,Engenharia Electronica,4,17,F,8.3
20262328,Dario Miguel,Engenharia Telecomunicacoes,4,25,M,7.7
20262329,Rosa Fernando,Engenharia Informatica,2,23,F,9.1
20262330,Helena Augusto,Engenharia Telecomunicacoes,4,26,F,7.3
20262331,Lucia Joaquim,Engenharia de Redes,2,30,F,16.4
20262332,Alberto Jaime,Engenharia Electronica,1,27,F,16.8
20262333,Marta Paulo,Engenharia Informatica,1,30,F,10.0
20262334,Marta Paulo,Engenharia Electronica,3,20,F,19.4
20262335,Edson Mateus,Engenharia Informatica,3,26,M,13.8
20262336,Rosa Fernando,Engenharia de Redes,3,28,F,9.3
20262337,Joao Alberto,Engenharia Telecomunicacoes,2,19,M,6.8
20262338,Samuel Ernesto,Engenharia de Redes,2,25,M,15.5
20262339,Sonia Armando,Engenharia Telecomunicacoes,1,27,F,18.6
20262340,Joao Alberto,Engenharia Informatica,2,23,M,10.7
20262341,Pedro Tomas,Engenharia Informatica,3,24,F,11.7
20262342,Ana Manuel,Engenharia de Redes,3,22,F,18.3
20262343,Marta Paulo,Engenharia Telecomunicacoes,2,26,M,15.2
20262344,Celina Ernesto,Engenharia Informatica,2,27,M,9.4
20262345,Marta Paulo,Engenharia Electronica,4,17,M,19.9
20262346,Antonio Salvador,Engenharia Electronica,2,25,M,19.7
20262347,Ana Manuel,Engenharia de Redes,3,19,F,14.7
20262348,Edson Mateus,Engenharia Electronica,4,23,M,5.6
20262349,Rosa Fernando,Engenharia Informatica,3,25,F,7.0
20262350,Samuel Ernesto,Engenharia Informatica,1,21,M,8.0
20262351,Alberto Jaime,Engenharia de Redes,4,17,M,15.5
20262352,Lucia Joaquim,Engenharia Electronica,4,23,M,7.0
20262353,Antonio Salvador,Engenharia Electronica,2,24,M,9.0
20262354,Rosa Fernando,Engenharia Informatica,3,30,F,5.3
20262355,Celina Ernesto,Engenharia Informatica,2,18,F,10.6
20262356,Celina Ernesto,Engenharia Telecomunicacoes,1,30,F,5.1
20262357,Ana Manuel,Engenharia Electronica,1,19,M,14.5
20262358,Lucia Joaquim,Engenharia Informatica,1,17,F,8.0
20262359,Marta Paulo,Engenharia Telecomunicacoes,1,28,F,5.1
20262360,Nelson Mario,Engenharia Telecomunicacoes,1,28,F,10.8
20262361,Teresa Carlos,Engenharia Telecomunicacoes,4,30,F,15.6
20262362,Alberto Jaime,Engenharia Telecomunicacoes,4,21,F,11.6
20262363,Teresa Carlos,Engenharia Informatica,1,19,F,8.9
20262364,Dario Miguel,Engenharia Telecomunicacoes,1,28,F,7.8
20262365,Lucia Joaquim,Engenharia Telecomunicacoes,2,23,M,14.0
20262366,Teresa Carlos,Engenharia Electronica,2,23,M,17.4
20262367,Nelson Mario,Engenharia Informatica,3,21,F,6.0
20262368,Marta Paulo,Engenharia de Redes,3,28,F,14.3
20262369,Manuel Sergio,Engenharia Informatica,4,17,F,9.8
20262370,Antonio Salvador,Engenharia Informatica,3,28,M,11.8
20262371,Alberto Jaime,Engenharia Electronica,4,21,M,9.7
20262372,Fatima Luis,Engenharia Telecomunicacoes,2,17,M,11.1
20262373,Rosa Fernando,Engenharia Electronica,4,24,M,11.8
20262374,Celina Ernesto,Engenharia de Redes,4,17,F,16.8
20262375,Elsa Domingos,Engenharia Telecomunicacoes,4,22,F,11.5
20262376,Pedro Tomas,Engenharia Telecomunicacoes,2,20,F,5.2
20262377,Alberto Jaime,Engenharia Telecomunicacoes,3,22,F,5.3
20262378,Elsa Domingos,Engenharia Telecomunicacoes,3,30,M,8.4
20262379,Alberto Jaime,Engenharia de Redes,4,23,F,12.3
20262380,Carlos Jose,Engenharia Electronica,1,18,M,15.6
20262381,Samuel Ernesto,Engenharia Electronica,2,20,M,17.1
20262382,Manuel Sergio,Engenharia de Redes,1,21,F,10.1
20262383,Edson Mateus,Engenharia de Redes,1,26,F,12.9
20262384,Lucia Joaquim,Engenharia Electronica,2,22,M,5.9
20262385,Rosa Fernando,Engenharia Electronica,4,20,F,19.2
20262386,Nelson Mario,Engenharia Electronica,4,29,M,13.3
20262387,Helena Augusto,Engenharia Electronica,2,19,M,16.7
20262388,Helena Augusto,Engenharia Telecomunicacoes,2,30,F,12.3
20262389,Alberto Jaime,Engenharia Informatica,3,25,F,10.8
20262390,Celina Ernesto,Engenharia Electronica,1,25,M,11.9
20262391,Sonia Armando,Engenharia Informatica,4,23,F,16.9
20262392,Sonia Armando,Engenharia Telecomunicacoes,3,30,F,12.1
20262393,Nelson Mario,Engenharia Informatica,3,22,M,13.4
20262394,Sonia Armando,Engenharia Electronica,4,22,F,17.4
20262395,Fatima Luis,Engenharia Informatica,3,28,F,16.0
20262396,Fatima Luis,Engenharia Electronica,2,29,M,11.3
20262397,Ana Manuel,Engenharia Electronica,3,20,F,9.4
20262398,Ana Manuel,Engenharia de Redes,1,22,M,16.6
20262399,Celina Ernesto,Engenharia de Redes,4,25,F,13.9
20262400,Lucia Joaquim,Engenharia Informatica,3,24,M,8.0
20262401,Samuel Ernesto,Engenharia de Redes,3,19,F,9.8
20262402,Ana Manuel,Engenharia Informatica,1,30,M,13.3
20262403,Antonio Salvador,Engenharia Telecomunicacoes,3,30,M,13.3
20262404,Manuel Sergio,Engenharia Electronica,4,19,M,14.2
20262405,Carlos Jose,Engenharia Electronica,3,26,F,18.2
20262406,Carlos Jose,Engenharia Telecomunicacoes,4,18,F,7.1
20262407,Joao Alberto,Engenharia Telecomunicacoes,2,18,M,19.6
20262408,Lucia Joaquim,Engenharia Informatica,4,22,F,12.4
20262409,Dario Miguel,Engenharia Informatica,4,27,M,15.4
20262410,Dario Miguel,Engenharia Informatica,2,24,F,6.7
20262411,Sonia Armando,Engenharia Telecomunicacoes,2,17,F,5.8
20262412,Nelson Mario,Engenharia de Redes,1,17,F,16.4
20262413,Celina Ernesto,Engenharia Telecomunicacoes,3,22,M,16.3
20262414,Elsa Domingos,Engenharia Informatica,3,24,F,15.0
20262415,Manuel Sergio,Engenharia Informatica,1,20,F,8.1
20262416,Helena Augusto,Engenharia de Redes,1,22,F,13.7
20262417,Antonio Salvador,Engenharia Telecomunicacoes,4,20,F,13.0
20262418,Samuel Ernesto,Engenharia Electronica,3,25,M,12.7
20262419,Pedro Tomas,Engenharia Telecomunicacoes,3,22,F,9.9
20262420,Sonia Armando,Engenharia de Redes,1,27,M,11.8
20262421,Rosa Fernando,Engenharia de Redes,2,19,F,5.6
20262422,Joao Alberto,Engenharia Telecomunicacoes,2,29,M,17.5
20262423,Fatima Luis,Engenharia Electronica,3,24,F,14.7
20262424,Nelson Mario,Engenharia Electronica,2,25,F,9.6
20262425,Fatima Luis,Engenharia Telecomunicacoes,3,20,M,19.2
20262426,Elsa Domingos,Engenharia Electronica,4,23,F,18.8
20262427,Alberto Jaime,Engenharia Electronica,2,18,F,18.3
20262428,Ana Manuel,Engenharia Informatica,1,21,F,9.6
20262429,Elsa Domingos,Engenharia Telecomunicacoes,1,17,M,8.2
20262430,Fatima Luis,Engenharia de Redes,3,18,M,11.3
20262431,Ana Manuel,Engenharia Electronica,1,18,M,7.1
20262432,Rosa Fernando,Engenharia Telecomunicacoes,1,27,F,18.2
20262433,Alberto Jaime,Engenharia Telecomunicacoes,1,18,F,15.9
20262434,Rosa Fernando,Engenharia Electronica,3,17,M,5.9
20262435,Celina Ernesto,Engenharia Telecomunicacoes,1,23,M,5.4
20262436,Alberto Jaime,Engenharia de Redes,4,23,F,19.6
20262437,Helena Augusto,Engenharia Informatica,1,29,M,15.6
20262438,Alberto Jaime,Engenharia Telecomunicacoes,3,17,M,19.4
20262439,Fatima Luis,Engenharia Telecomunicacoes,4,29,F,19.9
20262440,Carlos Jose,Engenharia de Redes,4,29,F,15.7
20262441,Carlos Jose,Engenharia Electronica,3,18,M,11.8
20262442,Alberto Jaime,Engenharia Telecomunicacoes,3,27,M,15.9
20262443,Dario Miguel,Engenharia Telecomunicacoes,3,28,M,11.1
20262444,Helena Augusto,Engenharia de Redes,3,24,M,16.5
20262445,Celina Ernesto,Engenharia de Redes,4,22,M,6.3
20262446,Sonia Armando,Engenharia Telecomunicacoes,3,22,M,11.8
20262447,Dario Miguel,Engenharia Telecomunicacoes,1,22,F,14.0
20262448,Dario Miguel,Engenharia Telecomunicacoes,2,30,F,17.4
20262449,Elsa Domingos,Engenharia Informatica,4,18,F,12.8
20262450,Helena Augusto,Engenharia Informatica,3,25,F,16.1
20262451,Lucia Joaquim,Engenharia de Redes,1,22,M,13.2
20262452,Elsa Domingos,Engenharia de Redes,2,26,M,16.2
20262453,Joao Alberto,Engenharia Telecomunicacoes,4,19,F,15.7
20262454,Teresa Carlos,Engenharia Informatica,4,19,F,15.4
20262455,Edson Mateus,Engenharia Telecomunicacoes,4,21,F,13.1
20262456,Joao Alberto,Engenharia Telecomunicacoes,1,17,F,9.4
20262457,Fatima Luis,Engenharia Telecomunicacoes,1,18,M,11.8
20262458,Joao Alberto,Engenharia de Redes,3,27,M,5.2
20262459,Samuel Ernesto,Engenharia Electronica,3,23,M,8.1
20262460,Manuel Sergio,Engenharia de Redes,1,27,M,19.7
20262461,Alberto Jaime,Engenharia Electronica,3,17,M,15.5
20262462,Elsa Domingos,Engenharia Informatica,4,28,M,19.2
20262463,Alberto Jaime,Engenharia Informatica,4,17,M,16.4
20262464,Marta Paulo,Engenharia de Redes,3,25,F,6.2
20262465,Joao Alberto,Engenharia de Redes,4,28,M,8.6
20262466,Alberto Jaime,Engenharia Informatica,3,21,M,8.2
20262467,Manuel Sergio,Engenharia Informatica,1,27,F,13.9
20262468,Ana Manuel,Engenharia de Redes,1,25,F,11.9
20262469,Helena Augusto,Engenharia de Redes,1,21,F,15.5
20262470,Alberto Jaime,Engenharia Telecomunicacoes,4,21,F,5.6
20262471,Samuel Ernesto,Engenharia Electronica,4,18,F,19.5
20262472,Marta Paulo,Engenharia Telecomunicacoes,4,24,F,5.1
20262473,Pedro Tomas,Engenharia de Redes,1,21,F,8.4
20262474,Helena Augusto,Engenharia de Redes,2,28,M,17.1
20262475,Joao Alberto,Engenharia Informatica,2,19,F,16.1
20262476,Samuel Ernesto,Engenharia Informatica,4,24,M,16.9
20262477,Manuel Sergio,Engenharia Informatica,3,27,F,11.3
20262478,Carlos Jose,Engenharia Electronica,4,25,M,6.0
20262479,Marta Paulo,Engenharia Electronica,3,24,M,12.6
20262480,Nelson Mario,Engenharia Telecomunicacoes,1,17,F,6.3
20262481,Pedro Tomas,Engenharia Telecomunicacoes,4,27,M,13.4
20262482,Alberto Jaime,Engenharia Informatica,2,26,M,6.7
20262483,Carlos Jose,Engenharia Telecomunicacoes,2,19,M,7.0
20262484,Elsa Domingos,Engenharia Informatica,3,17,F,6.7
20262485,Sonia Armando,Engenharia Informatica,3,29,F,9.8
20262486,Nelson Mario,Engenharia de Redes,2,20,M,12.2
20262487,Fatima Luis,Engenharia Informatica,2,23,F,7.2
20262488,Celina Ernesto,Engenharia Telecomunicacoes,1,24,F,13.5
20262489,Nelson Mario,Engenharia de Redes,3,20,M,11.1
20262490,Manuel Sergio,Engenharia Informatica,3,29,M,5.4
20262491,Antonio Salvador,Engenharia de Redes,4,26,F,16.2
20262492,Celina Ernesto,Engenharia de Redes,4,27,F,8.6
20262493,Teresa Carlos,Engenharia Electronica,4,29,F,11.5
20262494,Ana Manuel,Engenharia de Redes,1,25,F,15.6
20262495,Celina Ernesto,Engenharia Informatica,3,21,M,9.2
20262496,Lucia Joaquim,Engenharia Electronica,3,21,M,12.7
20262497,Elsa Domingos,Engenharia Telecomunicacoes,4,22,F,15.4
20262498,Lucia Joaquim,Engenharia Informatica,3,27,M,19.0
20262499,Edson Mateus,Engenharia Telecomunicacoes,3,22,F,13.5
20262500,Antonio Salvador,Engenharia Electronica,2,30,M,12.8
20262501,Manuel Sergio,Engenharia Electronica,3,26,M,15.0
20262502,Fatima Luis,Engenharia Telecomunicacoes,3,20,M,15.7
20262503,Dario Miguel,Engenharia Electronica,2,29,M,13.7
20262504,Pedro Tomas,Engenharia Informatica,3,27,F,8.1
20262505,Lucia Joaquim,Engenharia Telecomunicacoes,4,22,F,10.9
20262506,Sonia Armando,Engenharia de Redes,3,19,M,14.1
20262507,Sonia Armando,Engenharia Informatica,4,30,M,5.0
20262508,Fatima Luis,Engenharia Electronica,4,24,M,12.7
20262509,Manuel Sergio,Engenharia Telecomunicacoes,3,17,M,14.4
20262510,Alberto Jaime,Engenharia Informatica,4,23,M,9.7
20262511,Celina Ernesto,Engenharia Telecomunicacoes,1,22,F,5.6
20262512,Marta Paulo,Engenharia Electronica,1,25,M,6.9
20262513,Joao Alberto,Engenharia de Redes,2,17,F,5.1
20262514,Lucia Joaquim,Engenharia Electronica,3,23,F,8.5
20262515,Samuel Ernesto,Engenharia Electronica,3,30,F,7.3
20262516,Dario Miguel,Engenharia Electronica,2,19,M,8.0
20262517,Samuel Ernesto,Engenharia Informatica,2,18,M,17.1
20262518,Joao Alberto,Engenharia Informatica,2,30,M,8.3
20262519,Rosa Fernando,Engenharia Telecomunicacoes,2,20,M,6.6
20262520,Nelson Mario,Engenharia Electronica,4,26,M,11.7
20262521,Nelson Mario,Engenharia Informatica,1,23,M,11.6
20262522,Elsa Domingos,Engenharia de Redes,1,25,M,8.1
20262523,Alberto Jaime,Engenharia de Redes,3,22,F,12.5
20262524,Samuel Ernesto,Engenharia de Redes,4,26,F,10.6
20262525,Marta Paulo,Engenharia de Redes,2,29,M,8.1
20262526,Lucia Joaquim,Engenharia Electronica,4,21,F,15.7
20262527,Nelson Mario,Engenharia de Redes,4,17,F,14.7
20262528,Marta Paulo,Engenharia de Redes,1,23,M,10.4
20262529,Ana Manuel,Engenharia de Redes,4,28,M,18.6
20262530,Marta Paulo,Engenharia de Redes,3,22,F,9.0
20262531,Sonia Armando,Engenharia de Redes,2,19,F,17.8
20262532,Teresa Carlos,Engenharia Telecomunicacoes,1,23,M,5.7
20262533,Nelson Mario,Engenharia Informatica,2,18,F,8.8
20262534,Teresa Carlos,Engenharia Electronica,4,19,M,7.1
20262535,Manuel Sergio,Engenharia Electronica,2,20,M,9.7
20262536,Teresa Carlos,Engenharia Informatica,2,30,F,14.3
20262537,Helena Augusto,Engenharia Telecomunicacoes,3,25,M,19.1
20262538,Pedro Tomas,Engenharia Telecomunicacoes,1,29,F,14.0
20262539,Marta Paulo,Engenharia Informatica,1,21,F,13.0
20262540,Rosa Fernando,Engenharia Electronica,2,19,F,8.7
20262541,Ana Manuel,Engenharia Electronica,2,29,M,12.7
20262542,Ana Manuel,Engenharia Informatica,4,19,F,5.7
20262543,Celina Ernesto,Engenharia Telecomunicacoes,2,30,M,13.6
20262544,Sonia Armando,Engenharia de Redes,2,24,F,15.7
20262545,Nelson Mario,Engenharia Telecomunicacoes,1,18,M,7.0
20262546,Edson Mateus,Engenharia de Redes,4,27,M,13.3
20262547,Elsa Domingos,Engenharia de Redes,3,29,M,16.3
20262548,Teresa Carlos,Engenharia de Redes,2,25,M,6.9
20262549,Carlos Jose,Engenharia Telecomunicacoes,1,26,M,17.6
20262550,Joao Alberto,Engenharia de Redes,4,23,M,10.6
20262551,Lucia Joaquim,Engenharia de Redes,2,29,F,8.2
20262552,Celina Ernesto,Engenharia de Redes,2,27,M,10.9
20262553,Celina Ernesto,Engenharia Informatica,2,24,M,12.3
20262554,Rosa Fernando,Engenharia de Redes,3,20,M,7.0
20262555,Carlos Jose,Engenharia Telecomunicacoes,2,27,F,9.4
20262556,Carlos Jose,Engenharia Electronica,4,23,M,6.2
20262557,Edson Mateus,Engenharia Electronica,4,17,M,6.0
20262558,Lucia Joaquim,Engenharia Telecomunicacoes,3,25,F,5.2
20262559,Joao Alberto,Engenharia Telecomunicacoes,3,17,F,12.6
20262560,Teresa Carlos,Engenharia Electronica,1,24,M,10.0
20262561,Samuel Ernesto,Engenharia de Redes,3,26,M,9.3
20262562,Carlos Jose,Engenharia Informatica,4,29,M,11.5
20262563,Teresa Carlos,Engenharia Informatica,1,19,M,10.0
20262564,Rosa Fernando,Engenharia Electronica,2,19,F,6.4
20262565,Elsa Domingos,Engenharia Electronica,4,20,F,5.7
20262566,Ana Manuel,Engenharia Telecomunicacoes,2,23,F,11.3
20262567,Celina Ernesto,Engenharia de Redes,3,20,F,19.9
20262568,Pedro Tomas,Engenharia Informatica,3,28,M,16.8
20262569,Nelson Mario,Engenharia de Redes,2,27,M,6.7
20262570,Rosa Fernando,Engenharia Electronica,3,30,M,19.3
20262571,Sonia Armando,Engenharia Electronica,3,25,F,15.0
20262572,Helena Augusto,Engenharia Electronica,2,20,F,11.5
20262573,Sonia Armando,Engenharia Electronica,3,24,M,5.8
20262574,Helena Augusto,Engenharia Electronica,3,18,F,13.3
20262575,Nelson Mario,Engenharia Telecomunicacoes,4,19,F,15.5
20262576,Teresa Carlos,Engenharia Electronica,4,28,M,11.3
20262577,Lucia Joaquim,Engenharia Electronica,1,20,F,14.3
20262578,Marta Paulo,Engenharia Electronica,1,23,M,17.2
20262579,Celina Ernesto,Engenharia de Redes,4,17,M,19.1
20262580,Joao Alberto,Engenharia Electronica,2,24,M,18.9
20262581,Elsa Domingos,Engenharia Telecomunicacoes,4,23,F,9.3
20262582,Samuel Ernesto,Engenharia Telecomunicacoes,3,19,M,13.9
20262583,Marta Paulo,Engenharia Informatica,1,18,F,7.3
20262584,Manuel Sergio,Engenharia de Redes,1,29,F,19.9
20262585,Ana Manuel,Engenharia de Redes,2,17,F,9.4
20262586,Antonio Salvador,Engenharia Electronica,1,17,F,18.4
20262587,Lucia Joaquim,Engenharia Informatica,1,26,F,19.8
20262588,Samuel Ernesto,Engenharia Informatica,2,29,F,18.5
20262589,Alberto Jaime,Engenharia Informatica,3,26,M,14.2
20262590,Teresa Carlos,Engenharia Informatica,3,19,F,11.9
20262591,Sonia Armando,Engenharia Telecomunicacoes,1,24,F,15.3
20262592,Carlos Jose,Engenharia de Redes,3,27,F,15.4
20262593,Rosa Fernando,Engenharia Electronica,3,21,M,11.3
20262594,Nelson Mario,Engenharia Electronica,3,20,F,11.9
20262595,Celina Ernesto,Engenharia Informatica,1,17,F,7.2
20262596,Rosa Fernando,Engenharia Telecomunicacoes,2,28,F,9.2
20262597,Lucia Joaquim,Engenharia Electronica,2,28,M,11.5
20262598,Joao Alberto,Engenharia Electronica,2,24,F,10.5
20262599,Elsa Domingos,Engenharia Telecomunicacoes,3,18,F,5.5
20262600,Sonia Armando,Engenharia de Redes,2,30,M,12.0
20262601,Elsa Domingos,Engenharia Electronica,4,19,M,16.2
20262602,Manuel Sergio,Engenharia Electronica,2,17,F,19.3
20262603,Manuel Sergio,Engenharia Informatica,4,22,F,5.6
20262604,Celina Ernesto,Engenharia Telecomunicacoes,4,21,F,15.8
20262605,Manuel Sergio,Engenharia Informatica,1,27,M,15.7
20262606,Samuel Ernesto,Engenharia Electronica,3,17,F,12.2
20262607,Teresa Carlos,Engenharia Telecomunicacoes,2,19,M,15.2
20262608,Teresa Carlos,Engenharia Electronica,4,25,F,11.5
20262609,Carlos Jose,Engenharia de Redes,3,25,M,5.7
20262610,Lucia Joaquim,Engenharia Informatica,4,26,F,12.1
20262611,Manuel Sergio,Engenharia de Redes,2,22,F,11.7
20262612,Edson Mateus,Engenharia Informatica,2,27,M,10.9
20262613,Ana Manuel,Engenharia Telecomunicacoes,1,20,M,8.6
20262614,Ana Manuel,Engenharia de Redes,1,18,M,13.0
20262615,Dario Miguel,Engenharia de Redes,1,25,M,16.5
20262616,Carlos Jose,Engenharia de Redes,2,25,M,16.7
20262617,Nelson Mario,Engenharia de Redes,3,19,F,5.2
20262618,Manuel Sergio,Engenharia Informatica,3,27,F,19.2
20262619,Ana Manuel,Engenharia Informatica,2,28,M,7.5
20262620,Edson Mateus,Engenharia Electronica,4,19,M,8.1
20262621,Pedro Tomas,Engenharia Electronica,1,29,M,9.6
20262622,Dario Miguel,Engenharia Informatica,1,19,F,17.8
20262623,Ana Manuel,Engenharia Telecomunicacoes,1,29,M,19.5
20262624,Joao Alberto,Engenharia de Redes,3,18,M,12.7
20262625,Alberto Jaime,Engenharia Electronica,1,22,F,10.3
20262626,Elsa Domingos,Engenharia Telecomunicacoes,3,28,F,18.7
20262627,Samuel Ernesto,Engenharia Informatica,1,19,F,10.1
20262628,Teresa Carlos,Engenharia Telecomunicacoes,4,29,M,5.4
20262629,Elsa Domingos,Engenharia de Redes,1,29,M,8.2
20262630,Fatima Luis,Engenharia de Redes,1,28,F,17.5
20262631,Alberto Jaime,Engenharia de Redes,4,22,M,8.0
20262632,Carlos Jose,Engenharia Informatica,4,20,F,13.6
20262633,Ana Manuel,Engenharia Electronica,3,23,F,19.5
20262634,Rosa Fernando,Engenharia Informatica,2,30,F,13.9
20262635,Dario Miguel,Engenharia Informatica,2,24,M,13.3
20262636,Dario Miguel,Engenharia Electronica,1,26,F,16.8
20262637,Lucia Joaquim,Engenharia Telecomunicacoes,3,25,M,9.4
20262638,Joao Alberto,Engenharia Informatica,3,27,F,15.4
20262639,Elsa Domingos,Engenharia Telecomunicacoes,3,22,M,19.7
20262640,Teresa Carlos,Engenharia Electronica,1,24,M,16.1
20262641,Manuel Sergio,Engenharia Informatica,1,21,M,7.8
20262642,Marta Paulo,Engenharia Telecomunicacoes,1,22,F,6.4
20262643,Sonia Armando,Engenharia Electronica,3,18,F,13.6
20262644,Helena Augusto,Engenharia Informatica,2,17,M,9.7
20262645,Dario Miguel,Engenharia Informatica,3,25,M,6.5
20262646,Elsa Domingos,Engenharia Informatica,3,23,F,14.9
20262647,Sonia Armando,Engenharia Informatica,2,18,F,19.2
20262648,Helena Augusto,Engenharia Informatica,1,24,F,12.0
20262649,Antonio Salvador,Engenharia de Redes,1,21,F,13.9
20262650,Dario Miguel,Engenharia Telecomunicacoes,1,22,F,7.8
20262651,Helena Augusto,Engenharia Informatica,1,24,F,15.9
20262652,Celina Ernesto,Engenharia Telecomunicacoes,2,23,F,15.2
20262653,Sonia Armando,Engenharia Telecomunicacoes,4,25,F,5.9
20262654,Fatima Luis,Engenharia de Redes,2,30,M,10.2
20262655,Elsa Domingos,Engenharia de Redes,3,21,F,14.2
20262656,Joao Alberto,Engenharia de Redes,3,27,M,5.0
20262657,Joao Alberto,Engenharia de Redes,2,28,M,15.4
20262658,Helena Augusto,Engenharia Telecomunicacoes,1,27,F,7.0
20262659,Carlos Jose,Engenharia Telecomunicacoes,2,28,F,16.0
20262660,Elsa Domingos,Engenharia Telecomunicacoes,2,21,F,13.6
20262661,Fatima Luis,Engenharia Informatica,1,23,F,10.1
20262662,Rosa Fernando,Engenharia Telecomunicacoes,2,28,F,18.0
20262663,Lucia Joaquim,Engenharia de Redes,4,27,M,11.7
20262664,Fatima Luis,Engenharia Telecomunicacoes,2,23,M,7.8
20262665,Nelson Mario,Engenharia de Redes,4,21,M,5.7
20262666,Ana Manuel,Engenharia de Redes,4,19,F,16.7
20262667,Carlos Jose,Engenharia de Redes,3,20,M,6.7
20262668,Edson Mateus,Engenharia Telecomunicacoes,3,21,F,11.4
20262669,Ana Manuel,Engenharia de Redes,1,26,M,10.2
20262670,Nelson Mario,Engenharia de Redes,2,28,M,17.6
20262671,Elsa Domingos,Engenharia Electronica,2,24,F,11.6
20262672,Celina Ernesto,Engenharia Informatica,2,27,M,10.8
20262673,Dario Miguel,Engenharia Telecomunicacoes,1,21,M,12.8
20262674,Joao Alberto,Engenharia Electronica,3,28,M,5.3
20262675,Helena Augusto,Engenharia Informatica,2,21,M,17.1
20262676,Dario Miguel,Engenharia Telecomunicacoes,4,25,F,7.2
20262677,Ana Manuel,Engenharia Electronica,4,26,M,5.0
20262678,Fatima Luis,Engenharia Telecomunicacoes,1,28,M,15.8
20262679,Manuel Sergio,Engenharia Electronica,3,26,F,14.4
20262680,Samuel Ernesto,Engenharia Electronica,1,23,M,14.4
20262681,Nelson Mario,Engenharia Electronica,1,30,M,10.4
20262682,Nelson Mario,Engenharia Electronica,4,20,M,19.4
20262683,Ana Manuel,Engenharia Informatica,1,26,F,8.5
20262684,Carlos Jose,Engenharia Telecomunicacoes,4,23,F,6.5
20262685,Dario Miguel,Engenharia de Redes,2,20,F,8.3
20262686,Joao Alberto,Engenharia Informatica,3,17,M,6.8
20262687,Sonia Armando,Engenharia de Redes,2,18,M,18.9
20262688,Samuel Ernesto,Engenharia Informatica,1,29,M,16.9
20262689,Dario Miguel,Engenharia Telecomunicacoes,1,24,M,13.1
20262690,Ana Manuel,Engenharia de Redes,2,29,M,18.3
20262691,Joao Alberto,Engenharia Informatica,2,26,M,5.0
20262692,Antonio Salvador,Engenharia Electronica,4,25,F,5.4
20262693,Joao Alberto,Engenharia Informatica,3,20,F,17.3
20262694,Nelson Mario,Engenharia Informatica,2,20,F,8.0
20262695,Edson Mateus,Engenharia de Redes,1,27,M,8.4
20262696,Celina Ernesto,Engenharia Informatica,1,28,F,10.5
20262697,Edson Mateus,Engenharia de Redes,2,28,F,17.5
20262698,Pedro Tomas,Engenharia de Redes,4,17,F,10.6
20262699,Dario Miguel,Engenharia Telecomunicacoes,4,18,F,16.5
20262700,Fatima Luis,Engenharia Informatica,2,23,F,11.5
20262701,Pedro Tomas,Engenharia Electronica,3,24,F,17.4
20262702,Samuel Ernesto,Engenharia Telecomunicacoes,4,23,F,14.2
20262703,Rosa Fernando,Engenharia Electronica,3,21,F,18.9
20262704,Ana Manuel,Engenharia Telecomunicacoes,4,21,M,16.6
20262705,Rosa Fernando,Engenharia Informatica,1,29,F,18.5
20262706,Nelson Mario,Engenharia Informatica,4,23,F,5.8
20262707,Pedro Tomas,Engenharia Telecomunicacoes,2,20,F,12.6
20262708,Samuel Ernesto,Engenharia Informatica,2,25,F,10.1
20262709,Dario Miguel,Engenharia Informatica,3,21,M,13.2
20262710,Pedro Tomas,Engenharia Informatica,4,24,F,7.1
20262711,Nelson Mario,Engenharia Informatica,2,26,M,6.1
20262712,Dario Miguel,Engenharia Informatica,3,24,F,15.2
20262713,Lucia Joaquim,Engenharia Informatica,1,29,F,16.7
20262714,Ana Manuel,Engenharia Informatica,1,22,F,16.4
20262715,Helena Augusto,Engenharia Informatica,1,28,F,12.2
20262716,Joao Alberto,Engenharia de Redes,3,17,F,15.8
20262717,Antonio Salvador,Engenharia Electronica,4,27,F,16.9
20262718,Teresa Carlos,Engenharia Electronica,3,21,F,6.3
20262719,Celina Ernesto,Engenharia de Redes,3,24,F,7.3
20262720,Edson Mateus,Engenharia Informatica,3,23,M,5.6
20262721,Manuel Sergio,Engenharia de Redes,1,17,F,5.0
20262722,Sonia Armando,Engenharia Telecomunicacoes,4,22,M,6.3
20262723,Teresa Carlos,Engenharia Electronica,2,23,M,13.4
20262724,Nelson Mario,Engenharia de Redes,2,29,M,12.7
20262725,Lucia Joaquim,Engenharia Electronica,1,22,M,17.3
20262726,Helena Augusto,Engenharia de Redes,1,25,F,14.4
20262727,Carlos Jose,Engenharia de Redes,2,20,M,14.0
20262728,Samuel Ernesto,Engenharia de Redes,3,29,F,16.6
20262729,Teresa Carlos,Engenharia Telecomunicacoes,2,18,F,9.0
20262730,Carlos Jose,Engenharia Informatica,4,21,F,18.4
20262731,Teresa Carlos,Engenharia Informatica,3,27,M,19.4
20262732,Pedro Tomas,Engenharia de Redes,4,20,F,10.7
20262733,Fatima Luis,Engenharia Informatica,4,21,F,7.3
20262734,Marta Paulo,Engenharia Telecomunicacoes,4,26,M,15.9
20262735,Teresa Carlos,Engenharia Electronica,4,21,F,5.3
20262736,Manuel Sergio,Engenharia Telecomunicacoes,3,28,M,8.2
20262737,Edson Mateus,Engenharia Electronica,1,24,F,17.3
20262738,Edson Mateus,Engenharia de Redes,2,22,M,16.4
20262739,Carlos Jose,Engenharia Telecomunicacoes,4,29,F,15.8
20262740,Antonio Salvador,Engenharia Electronica,2,21,F,19.4
20262741,Ana Manuel,Engenharia Informatica,4,23,M,11.2
20262742,Sonia Armando,Engenharia Electronica,1,29,F,16.0
20262743,Antonio Salvador,Engenharia Telecomunicacoes,2,30,M,10.0
20262744,Celina Ernesto,Engenharia de Redes,1,27,M,5.6
20262745,Carlos Jose,Engenharia Electronica,2,20,F,8.1
20262746,Antonio Salvador,Engenharia Telecomunicacoes,3,26,M,18.3
20262747,Joao Alberto,Engenharia de Redes,2,29,F,17.1
20262748,Marta Paulo,Engenharia Informatica,4,25,M,15.8
20262749,Joao Alberto,Engenharia Informatica,2,20,F,14.5
20262750,Fatima Luis,Engenharia de Redes,2,19,M,14.7
20262751,Nelson Mario,Engenharia Informatica,4,30,F,15.9
20262752,Marta Paulo,Engenharia de Redes,3,23,F,11.9
20262753,Teresa Carlos,Engenharia de Redes,1,17,F,8.1
20262754,Ana Manuel,Engenharia Informatica,1,22,M,6.7
20262755,Celina Ernesto,Engenharia Informatica,2,28,M,10.0
20262756,Alberto Jaime,Engenharia Electronica,3,30,F,19.4
20262757,Manuel Sergio,Engenharia Informatica,2,23,M,14.1
20262758,Antonio Salvador,Engenharia Telecomunicacoes,1,18,M,14.1
20262759,Joao Alberto,Engenharia Electronica,1,25,M,8.4
20262760,Elsa Domingos,Engenharia de Redes,3,30,F,13.8
20262761,Manuel Sergio,Engenharia Telecomunicacoes,2,30,F,19.1
20262762,Samuel Ernesto,Engenharia Telecomunicacoes,1,20,M,9.1
20262763,Lucia Joaquim,Engenharia de Redes,1,18,M,19.0
20262764,Edson Mateus,Engenharia Telecomunicacoes,4,28,F,17.4
20262765,Ana Manuel,Engenharia Electronica,2,24,M,11.4
20262766,Carlos Jose,Engenharia Informatica,1,28,F,11.4
20262767,Ana Manuel,Engenharia Informatica,2,30,F,12.8
20262768,Fatima Luis,Engenharia Electronica,4,23,F,17.3
20262769,Ana Manuel,Engenharia de Redes,2,27,M,6.1
20262770,Fatima Luis,Engenharia Informatica,2,29,F,8.8
20262771,Lucia Joaquim,Engenharia Electronica,1,30,M,12.6
20262772,Pedro Tomas,Engenharia de Redes,1,24,M,11.4
20262773,Dario Miguel,Engenharia Telecomunicacoes,2,25,M,9.4
20262774,Carlos Jose,Engenharia Informatica,2,21,F,16.9
20262775,Rosa Fernando,Engenharia Telecomunicacoes,3,21,F,12.2
20262776,Dario Miguel,Engenharia Telecomunicacoes,4,17,F,8.5
20262777,Antonio Salvador,Engenharia Informatica,1,18,M,11.8
20262778,Ana Manuel,Engenharia Informatica,3,26,F,17.0
20262779,Edson Mateus,Engenharia Telecomunicacoes,1,28,M,19.9
20262780,Helena Augusto,Engenharia Telecomunicacoes,4,29,M,16.5
20262781,Helena Augusto,Engenharia de Redes,3,30,M,6.3
20262782,Teresa Carlos,Engenharia Electronica,2,25,M,13.7
20262783,Helena Augusto,Engenharia Telecomunicacoes,2,22,F,9.4
20262784,Teresa Carlos,Engenharia Electronica,2,19,F,6.6
20262785,Nelson Mario,Engenharia Electronica,2,29,M,11.1
20262786,Dario Miguel,Engenharia Informatica,4,26,F,19.9
20262787,Alberto Jaime,Engenharia Telecomunicacoes,4,27,F,11.9
20262788,Manuel Sergio,Engenharia Informatica,4,19,F,9.6
20262789,Nelson Mario,Engenharia Telecomunicacoes,3,27,M,14.8
20262790,Teresa Carlos,Engenharia Telecomunicacoes,1,30,M,17.4
20262791,Antonio Salvador,Engenharia de Redes,1,19,M,10.1
20262792,Dario Miguel,Engenharia Telecomunicacoes,4,26,M,13.2
20262793,Celina Ernesto,Engenharia de Redes,3,18,M,13.6
20262794,Antonio Salvador,Engenharia de Redes,1,30,F,5.2
20262795,Alberto Jaime,Engenharia de Redes,1,27,F,16.5
20262796,Teresa Carlos,Engenharia Electronica,3,29,F,8.8
20262797,Fatima Luis,Engenharia Electronica,4,25,F,8.6
20262798,Edson Mateus,Engenharia Electronica,1,30,F,17.5
20262799,Pedro Tomas,Engenharia de Redes,2,17,F,15.0
20262800,Teresa Carlos,Engenharia de Redes,4,23,F,20.0
20262801,Joao Alberto,Engenharia de Redes,2,18,F,15.0
20262802,Samuel Ernesto,Engenharia Electronica,1,17,F,10.6
20262803,Carlos Jose,Engenharia Electronica,1,21,F,17.9
20262804,Lucia Joaquim,Engenharia Informatica,4,23,F,17.9
20262805,Teresa Carlos,Engenharia Telecomunicacoes,4,27,M,14.4
20262806,Carlos Jose,Engenharia Electronica,2,27,M,9.1
20262807,Alberto Jaime,Engenharia de Redes,4,26,M,10.9
20262808,Carlos Jose,Engenharia de Redes,2,28,M,16.4
20262809,Manuel Sergio,Engenharia Telecomunicacoes,2,22,F,13.3
20262810,Marta Paulo,Engenharia de Redes,4,23,F,19.7
20262811,Helena Augusto,Engenharia Informatica,3,17,M,19.0
20262812,Dario Miguel,Engenharia Electronica,1,20,F,8.0
20262813,Nelson Mario,Engenharia Informatica,2,22,M,15.7
20262814,Pedro Tomas,Engenharia Telecomunicacoes,3,23,F,12.0
20262815,Marta Paulo,Engenharia de Redes,1,20,F,15.2
20262816,Marta Paulo,Engenharia Telecomunicacoes,1,23,F,8.3
20262817,Manuel Sergio,Engenharia Telecomunicacoes,3,19,M,12.4
20262818,Helena Augusto,Engenharia Electronica,4,18,F,8.3
20262819,Marta Paulo,Engenharia Electronica,3,21,F,15.9
20262820,Pedro Tomas,Engenharia Electronica,1,19,M,9.4
20262821,Carlos Jose,Engenharia Informatica,4,21,M,19.9
20262822,Nelson Mario,Engenharia de Redes,2,27,M,17.5
20262823,Elsa Domingos,Engenharia de Redes,1,19,M,16.1
20262824,Alberto Jaime,Engenharia Telecomunicacoes,2,18,F,17.5
20262825,Marta Paulo,Engenharia de Redes,2,18,F,8.9
20262826,Manuel Sergio,Engenharia Telecomunicacoes,3,28,M,16.8
20262827,Samuel Ernesto,Engenharia de Redes,2,29,M,18.0
20262828,Nelson Mario,Engenharia Telecomunicacoes,1,30,F,13.2
20262829,Lucia Joaquim,Engenharia de Redes,1,22,F,13.6
20262830,Rosa Fernando,Engenharia Informatica,4,29,M,11.0
20262831,Joao Alberto,Engenharia de Redes,4,28,F,11.0
20262832,Alberto Jaime,Engenharia Telecomunicacoes,4,25,F,17.9
20262833,Ana Manuel,Engenharia Electronica,1,23,F,6.3
20262834,Pedro Tomas,Engenharia Telecomunicacoes,2,27,M,9.9
20262835,Pedro Tomas,Engenharia Informatica,4,27,M,5.2
20262836,Lucia Joaquim,Engenharia de Redes,1,27,M,11.1
20262837,Celina Ernesto,Engenharia Informatica,2,18,F,9.9
20262838,Elsa Domingos,Engenharia de Redes,1,25,M,8.5
20262839,Samuel Ernesto,Engenharia Electronica,1,19,F,18.4
20262840,Carlos Jose,Engenharia Electronica,1,26,F,14.9
20262841,Dario Miguel,Engenharia de Redes,3,25,M,14.7
20262842,Edson Mateus,Engenharia Electronica,1,27,F,9.3
20262843,Rosa Fernando,Engenharia de Redes,1,28,M,6.4
20262844,Pedro Tomas,Engenharia Telecomunicacoes,4,24,M,12.2
20262845,Dario Miguel,Engenharia Telecomunicacoes,1,26,M,9.1
20262846,Marta Paulo,Engenharia Informatica,4,24,M,10.8
20262847,Celina Ernesto,Engenharia de Redes,4,28,F,17.6
20262848,Celina Ernesto,Engenharia Electronica,2,24,F,16.9
20262849,Dario Miguel,Engenharia Electronica,1,23,F,15.2
20262850,Nelson Mario,Engenharia Electronica,1,28,M,18.2
20262851,Antonio Salvador,Engenharia de Redes,4,28,M,15.3
20262852,Helena Augusto,Engenharia Informatica,1,27,F,7.5
20262853,Dario Miguel,Engenharia Telecomunicacoes,3,30,M,9.0
20262854,Pedro Tomas,Engenharia de Redes,4,26,M,7.9
20262855,Antonio Salvador,Engenharia Electronica,2,27,F,14.5
20262856,Celina Ernesto,Engenharia Electronica,4,30,F,18.0
20262857,Fatima Luis,Engenharia Informatica,3,23,F,8.9
20262858,Lucia Joaquim,Engenharia Telecomunicacoes,3,28,M,7.7
20262859,Lucia Joaquim,Engenharia de Redes,2,26,F,11.1
20262860,Helena Augusto,Engenharia Telecomunicacoes,2,22,M,6.5
20262861,Teresa Carlos,Engenharia Informatica,4,22,M,5.4
20262862,Alberto Jaime,Engenharia Electronica,4,30,M,5.2
20262863,Lucia Joaquim,Engenharia de Redes,3,30,M,8.4
20262864,Fatima Luis,Engenharia Electronica,1,27,F,18.9
20262865,Joao Alberto,Engenharia de Redes,4,19,F,8.0
20262866,Lucia Joaquim,Engenharia Telecomunicacoes,3,29,F,6.3
20262867,Antonio Salvador,Engenharia Telecomunicacoes,4,21,F,9.9
20262868,Rosa Fernando,Engenharia Informatica,3,30,M,8.0
20262869,Fatima Luis,Engenharia Telecomunicacoes,3,26,F,17.3
20262870,Alberto Jaime,Engenharia Informatica,2,29,M,11.7
20262871,Lucia Joaquim,Engenharia Informatica,1,26,M,19.3
20262872,Celina Ernesto,Engenharia Informatica,3,29,F,5.5
20262873,Antonio Salvador,Engenharia Telecomunicacoes,4,23,F,15.4
20262874,Teresa Carlos,Engenharia de Redes,1,26,F,16.4
20262875,Ana Manuel,Engenharia Electronica,3,19,F,17.7
20262876,Teresa Carlos,Engenharia Electronica,4,19,F,19.0
20262877,Dario Miguel,Engenharia de Redes,4,17,M,18.0
20262878,Helena Augusto,Engenharia de Redes,4,25,M,9.2
20262879,Pedro Tomas,Engenharia Telecomunicacoes,4,28,M,12.7
20262880,Sonia Armando,Engenharia Electronica,4,22,M,16.8
20262881,Samuel Ernesto,Engenharia Electronica,2,25,F,9.6
20262882,Samuel Ernesto,Engenharia Informatica,1,29,M,19.8
20262883,Ana Manuel,Engenharia Telecomunicacoes,1,17,F,7.3
20262884,Edson Mateus,Engenharia Electronica,2,26,F,6.1
20262885,Nelson Mario,Engenharia Telecomunicacoes,1,29,M,18.0
20262886,Marta Paulo,Engenharia Telecomunicacoes,1,22,M,12.2
20262887,Teresa Carlos,Engenharia Telecomunicacoes,4,25,F,15.2
20262888,Edson Mateus,Engenharia Electronica,3,30,M,10.8
20262889,Samuel Ernesto,Engenharia de Redes,2,24,F,11.3
20262890,Rosa Fernando,Engenharia Electronica,4,19,F,6.9
20262891,Teresa Carlos,Engenharia Telecomunicacoes,3,21,F,19.2
20262892,Marta Paulo,Engenharia Telecomunicacoes,2,28,F,16.1
20262893,Fatima Luis,Engenharia Informatica,2,20,F,18.2
20262894,Ana Manuel,Engenharia Electronica,1,17,M,16.1
20262895,Marta Paulo,Engenharia Telecomunicacoes,4,21,M,7.4
20262896,Dario Miguel,Engenharia de Redes,3,17,F,16.5
20262897,Elsa Domingos,Engenharia Informatica,4,19,F,18.5
20262898,Alberto Jaime,Engenharia de Redes,3,21,M,13.4
20262899,Sonia Armando,Engenharia de Redes,2,23,F,17.9
20262900,Carlos Jose,Engenharia Electronica,2,26,F,12.7
20262901,Rosa Fernando,Engenharia de Redes,2,28,F,10.9
20262902,Dario Miguel,Engenharia Telecomunicacoes,4,18,M,7.6
20262903,Rosa Fernando,Engenharia Telecomunicacoes,2,24,F,18.9
20262904,Helena Augusto,Engenharia Telecomunicacoes,1,22,F,7.6
20262905,Helena Augusto,Engenharia Telecomunicacoes,4,19,F,16.0
20262906,Lucia Joaquim,Engenharia Informatica,3,20,F,8.5
20262907,Pedro Tomas,Engenharia Electronica,3,28,F,16.8
20262908,Dario Miguel,Engenharia Telecomunicacoes,3,25,M,9.0
20262909,Joao Alberto,Engenharia de Redes,4,28,M,8.3
20262910,Elsa Domingos,Engenharia Electronica,2,17,M,8.9
20262911,Sonia Armando,Engenharia de Redes,1,19,M,14.1
20262912,Helena Augusto,Engenharia de Redes,1,19,F,11.6
20262913,Pedro Tomas,Engenharia Informatica,3,20,M,16.4
20262914,Alberto Jaime,Engenharia Informatica,2,24,M,7.1
20262915,Dario Miguel,Engenharia Telecomunicacoes,2,19,F,17.2
20262916,Joao Alberto,Engenharia Telecomunicacoes,3,23,F,13.2
20262917,Pedro Tomas,Engenharia Informatica,1,21,M,14.1
20262918,Rosa Fernando,Engenharia de Redes,3,27,F,15.4
20262919,Antonio Salvador,Engenharia Electronica,2,20,M,18.9
20262920,Carlos Jose,Engenharia Telecomunicacoes,1,21,M,8.5
20262921,Elsa Domingos,Engenharia Informatica,3,18,M,6.0
20262922,Pedro Tomas,Engenharia Telecomunicacoes,1,17,F,14.6
20262923,Pedro Tomas,Engenharia Electronica,1,18,M,8.0
20262924,Sonia Armando,Engenharia Telecomunicacoes,1,26,F,18.7
20262925,Helena Augusto,Engenharia de Redes,4,18,F,15.3
20262926,Alberto Jaime,Engenharia Informatica,1,19,M,5.7
20262927,Celina Ernesto,Engenharia Telecomunicacoes,1,20,F,6.8
20262928,Rosa Fernando,Engenharia de Redes,4,29,F,5.8
20262929,Samuel Ernesto,Engenharia Informatica,1,18,M,11.0
20262930,Celina Ernesto,Engenharia Telecomunicacoes,1,18,F,11.7
20262931,Lucia Joaquim,Engenharia de Redes,2,20,F,5.6
20262932,Helena Augusto,Engenharia Telecomunicacoes,4,23,M,8.1
20262933,Ana Manuel,Engenharia Telecomunicacoes,4,27,M,16.6
20262934,Joao Alberto,Engenharia Telecomunicacoes,3,19,F,6.4
20262935,Ana Manuel,Engenharia de Redes,2,22,F,13.6
20262936,Lucia Joaquim,Engenharia Telecomunicacoes,2,26,M,10.6
20262937,Ana Manuel,Engenharia Telecomunicacoes,3,22,M,17.6
20262938,Marta Paulo,Engenharia Informatica,2,28,M,6.9
20262939,Helena Augusto,Engenharia de Redes,1,29,F,8.4
20262940,Rosa Fernando,Engenharia Informatica,2,21,F,11.4
20262941,Antonio Salvador,Engenharia Electronica,3,23,M,16.4
20262942,Celina Ernesto,Engenharia Telecomunicacoes,1,21,F,18.3
20262943,Celina Ernesto,Engenharia Informatica,2,24,F,11.3
20262944,Antonio Salvador,Engenharia Telecomunicacoes,4,20,M,9.2
20262945,Pedro Tomas,Engenharia Informatica,4,28,F,11.5
20262946,Helena Augusto,Engenharia Informatica,4,20,F,6.9
20262947,Edson Mateus,Engenharia Informatica,3,22,M,19.3
20262948,Pedro Tomas,Engenharia Informatica,2,28,M,5.5
20262949,Carlos Jose,Engenharia Informatica,1,26,M,18.6
20262950,Elsa Domingos,Engenharia de Redes,4,22,M,18.4
20262951,Edson Mateus,Engenharia Informatica,3,24,M,10.6
20262952,Manuel Sergio,Engenharia Telecomunicacoes,2,21,M,17.6
20262953,Celina Ernesto,Engenharia Electronica,4,23,F,6.7
20262954,Dario Miguel,Engenharia Informatica,1,29,F,5.6
20262955,Ana Manuel,Engenharia de Redes,2,18,M,11.0
20262956,Marta Paulo,Engenharia de Redes,2,23,F,13.2
20262957,Teresa Carlos,Engenharia Informatica,3,24,F,7.2
20262958,Ana Manuel,Engenharia Informatica,3,28,F,12.0
20262959,Fatima Luis,Engenharia Informatica,4,24,F,8.7
20262960,Rosa Fernando,Engenharia Telecomunicacoes,3,18,F,17.2
20262961,Edson Mateus,Engenharia Electronica,3,24,M,8.0
20262962,Elsa Domingos,Engenharia Telecomunicacoes,1,28,F,5.4
20262963,Helena Augusto,Engenharia de Redes,2,22,M,11.7
20262964,Manuel Sergio,Engenharia Electronica,4,17,F,6.8
20262965,Ana Manuel,Engenharia Electronica,2,27,F,14.1
20262966,Pedro Tomas,Engenharia de Redes,3,30,M,18.3
20262967,Manuel Sergio,Engenharia Telecomunicacoes,1,22,F,12.9
20262968,Celina Ernesto,Engenharia de Redes,1,17,F,19.7
20262969,Elsa Domingos,Engenharia de Redes,4,18,M,19.5
20262970,Helena Augusto,Engenharia Informatica,1,29,F,5.8
20262971,Helena Augusto,Engenharia de Redes,4,18,M,5.6
20262972,Sonia Armando,Engenharia Telecomunicacoes,1,30,M,13.6
20262973,Lucia Joaquim,Engenharia Telecomunicacoes,1,22,F,5.6
20262974,Samuel Ernesto,Engenharia Informatica,3,27,M,18.9
20262975,Elsa Domingos,Engenharia de Redes,2,27,F,8.0
20262976,Helena Augusto,Engenharia de Redes,1,30,M,10.7
20262977,Dario Miguel,Engenharia Electronica,1,23,M,19.3
20262978,Celina Ernesto,Engenharia Telecomunicacoes,4,21,F,12.3
20262979,Helena Augusto,Engenharia Electronica,2,20,F,16.4
20262980,Manuel Sergio,Engenharia Telecomunicacoes,2,28,M,13.7
20262981,Joao Alberto,Engenharia de Redes,1,18,M,7.5
20262982,Manuel Sergio,Engenharia Telecomunicacoes,1,20,M,5.8
20262983,Rosa Fernando,Engenharia Telecomunicacoes,1,18,M,5.8
20262984,Pedro Tomas,Engenharia Informatica,3,18,F,8.5
20262985,Samuel Ernesto,Engenharia de Redes,2,18,F,19.6
20262986,Ana Manuel,Engenharia Electronica,1,30,F,19.6
20262987,Elsa Domingos,Engenharia Electronica,3,25,F,7.4
20262988,Joao Alberto,Engenharia de Redes,3,25,F,13.6
20262989,Rosa Fernando,Engenharia Electronica,4,17,F,5.9
20262990,Ana Manuel,Engenharia Electronica,1,23,M,9.8
20262991,Marta Paulo,Engenharia Telecomunicacoes,2,23,F,9.5
20262992,Elsa Domingos,Engenharia Informatica,1,19,M,15.1
20262993,Helena Augusto,Engenharia Electronica,2,26,M,13.4
20262994,Teresa Carlos,Engenharia Telecomunicacoes,4,28,M,13.7
20262995,Alberto Jaime,Engenharia Informatica,3,17,M,8.4
20262996,Joao Alberto,Engenharia Electronica,1,29,M,6.7
20262997,Manuel Sergio,Engenharia Informatica,4,25,F,7.7
20262998,Edson Mateus,Engenharia Telecomunicacoes,3,28,M,10.3
20262999,Rosa Fernando,Engenharia de Redes,2,21,F,18.3
20263000,Manuel Sergio,Engenharia Electronica,4,23,F,15.8
20263001,Samuel Ernesto,Engenharia de Redes,1,21,M,12.7
20263002,Celina Ernesto,Engenharia Informatica,4,17,F,13.4
20263003,Joao Alberto,Engenharia de Redes,2,19,M,13.7
20263004,Nelson Mario,Engenharia de Redes,3,25,F,5.0
20263005,Helena Augusto,Engenharia Telecomunicacoes,3,25,M,13.0
20263006,Teresa Carlos,Engenharia Telecomunicacoes,1,23,F,19.8
20263007,Elsa Domingos,Engenharia de Redes,2,29,M,14.0
20263008,Marta Paulo,Engenharia de Redes,1,26,F,6.3
20263009,Marta Paulo,Engenharia Telecomunicacoes,1,26,F,10.4
20263010,Samuel Ernesto,Engenharia Telecomunicacoes,2,28,M,6.6
20263011,Fatima Luis,Engenharia de Redes,4,17,M,7.8
20263012,Nelson Mario,Engenharia Informatica,3,22,F,11.0
20263013,Ana Manuel,Engenharia Telecomunicacoes,3,21,M,12.4
20263014,Sonia Armando,Engenharia Informatica,1,23,M,14.8
20263015,Fatima Luis,Engenharia Electronica,3,17,M,11.0
20263016,Marta Paulo,Engenharia de Redes,4,28,F,16.6
20263017,Celina Ernesto,Engenharia Electronica,1,25,F,18.0
20263018,Rosa Fernando,Engenharia Telecomunicacoes,1,21,F,11.6
20263019,Manuel Sergio,Engenharia Informatica,2,30,M,14.3
20263020,Elsa Domingos,Engenharia de Redes,3,25,M,14.2
20263021,Dario Miguel,Engenharia Telecomunicacoes,4,28,M,9.7
20263022,Teresa Carlos,Engenharia de Redes,3,28,F,9.9
20263023,Helena Augusto,Engenharia Electronica,3,29,F,6.7
20263024,Samuel Ernesto,Engenharia Telecomunicacoes,2,17,M,19.9
20263025,Nelson Mario,Engenharia de Redes,1,22,F,6.1
20263026,Marta Paulo,Engenharia de Redes,1,20,M,8.1
20263027,Lucia Joaquim,Engenharia Telecomunicacoes,4,28,F,6.5
20263028,Helena Augusto,Engenharia Electronica,3,22,F,10.7
20263029,Ana Manuel,Engenharia Informatica,1,26,M,17.1
20263030,Edson Mateus,Engenharia Electronica,2,17,M,18.8
20263031,Elsa Domingos,Engenharia Electronica,4,23,M,11.2
20263032,Lucia Joaquim,Engenharia de Redes,3,19,F,17.3
20263033,Edson Mateus,Engenharia Electronica,4,30,M,12.4
20263034,Rosa Fernando,Engenharia Electronica,1,26,M,16.7
20263035,Edson Mateus,Engenharia Electronica,2,20,F,11.4
20263036,Nelson Mario,Engenharia Electronica,3,29,M,18.1
20263037,Celina Ernesto,Engenharia Telecomunicacoes,4,22,M,5.8
20263038,Elsa Domingos,Engenharia Electronica,3,20,F,5.1
20263039,Manuel Sergio,Engenharia Telecomunicacoes,2,18,F,7.3
20263040,Pedro Tomas,Engenharia de Redes,4,24,M,9.7
20263041,Celina Ernesto,Engenharia Electronica,1,23,F,6.6
20263042,Pedro Tomas,Engenharia Electronica,1,18,M,18.7
20263043,Teresa Carlos,Engenharia Electronica,4,17,F,16.4
20263044,Dario Miguel,Engenharia Informatica,1,24,M,12.2
20263045,Alberto Jaime,Engenharia Telecomunicacoes,2,30,F,7.6
20263046,Samuel Ernesto,Engenharia Electronica,4,29,F,19.0
20263047,Sonia Armando,Engenharia de Redes,2,28,M,16.9
20263048,Pedro Tomas,Engenharia de Redes,1,19,F,18.8
20263049,Carlos Jose,Engenharia Telecomunicacoes,3,20,M,10.1
20263050,Manuel Sergio,Engenharia Electronica,4,30,F,11.9
20263051,Antonio Salvador,Engenharia Telecomunicacoes,3,21,F,9.6
20263052,Joao Alberto,Engenharia Telecomunicacoes,3,21,M,17.0
20263053,Sonia Armando,Engenharia Informatica,1,27,M,8.8
20263054,Antonio Salvador,Engenharia Electronica,4,22,F,18.0
20263055,Marta Paulo,Engenharia Informatica,2,20,F,19.0
20263056,Rosa Fernando,Engenharia Electronica,4,27,F,11.8
20263057,Elsa Domingos,Engenharia Telecomunicacoes,2,27,M,14.7
20263058,Pedro Tomas,Engenharia de Redes,2,17,F,18.0
20263059,Dario Miguel,Engenharia de Redes,2,30,F,18.5
20263060,Antonio Salvador,Engenharia Informatica,1,29,F,14.1
20263061,Elsa Domingos,Engenharia Telecomunicacoes,1,21,M,15.7
20263062,Fatima Luis,Engenharia Informatica,4,26,F,9.9
20263063,Dario Miguel,Engenharia Telecomunicacoes,3,26,F,10.0
20263064,Nelson Mario,Engenharia Electronica,1,17,F,12.7
20263065,Elsa Domingos,Engenharia de Redes,4,25,M,12.7
20263066,Marta Paulo,Engenharia de Redes,3,19,M,8.8
20263067,Antonio Salvador,Engenharia Electronica,3,23,F,17.4
20263068,Fatima Luis,Engenharia Electronica,1,24,F,11.8
20263069,Dario Miguel,Engenharia Informatica,1,27,M,8.6
20263070,Samuel Ernesto,Engenharia Informatica,2,25,M,19.4
20263071,Teresa Carlos,Engenharia Electronica,4,29,M,19.8
20263072,Teresa Carlos,Engenharia Telecomunicacoes,1,21,M,12.2
20263073,Celina Ernesto,Engenharia de Redes,1,21,M,15.2
20263074,Sonia Armando,Engenharia de Redes,2,17,F,17.9
20263075,Samuel Ernesto,Engenharia de Redes,3,19,M,7.0
20263076,Fatima Luis,Engenharia Telecomunicacoes,4,19,F,8.6
20263077,Joao Alberto,Engenharia Telecomunicacoes,1,27,M,5.5
20263078,Pedro Tomas,Engenharia Telecomunicacoes,2,25,F,15.7
20263079,Dario Miguel,Engenharia Telecomunicacoes,2,19,F,5.7
20263080,Joao Alberto,Engenharia Informatica,2,20,F,18.3
20263081,Ana Manuel,Engenharia Informatica,4,24,M,10.7
20263082,Carlos Jose,Engenharia Informatica,4,28,M,6.8
20263083,Dario Miguel,Engenharia Informatica,3,20,M,10.8
20263084,Marta Paulo,Engenharia Electronica,1,28,F,18.5
20263085,Edson Mateus,Engenharia Electronica,2,27,F,13.8
20263086,Carlos Jose,Engenharia de Redes,3,23,F,7.9
20263087,Edson Mateus,Engenharia de Redes,3,30,F,5.5
20263088,Fatima Luis,Engenharia Informatica,4,30,M,18.7
20263089,Ana Manuel,Engenharia Electronica,3,22,M,11.6
20263090,Marta Paulo,Engenharia Electronica,1,28,F,11.5
20263091,Elsa Domingos,Engenharia de Redes,3,18,F,5.2
20263092,Elsa Domingos,Engenharia Electronica,3,30,F,15.6
20263093,Nelson Mario,Engenharia Electronica,1,29,M,13.1
20263094,Joao Alberto,Engenharia de Redes,3,29,M,5.6
20263095,Samuel Ernesto,Engenharia Informatica,3,29,F,11.4
20263096,Dario Miguel,Engenharia Telecomunicacoes,3,25,F,10.7
20263097,Helena Augusto,Engenharia de Redes,2,23,M,16.8
20263098,Teresa Carlos,Engenharia Telecomunicacoes,4,25,F,12.1
20263099,Alberto Jaime,Engenharia Informatica,3,17,M,17.0
20263100,Manuel Sergio,Engenharia Telecomunicacoes,3,24,F,13.5
20263101,Elsa Domingos,Engenharia Informatica,2,19,F,19.1
20263102,Celina Ernesto,Engenharia de Redes,3,24,F,10.7
20263103,Edson Mateus,Engenharia Informatica,1,29,M,19.0
20263104,Marta Paulo,Engenharia de Redes,3,22,M,19.6
20263105,Joao Alberto,Engenharia de Redes,4,24,M,15.6
20263106,Celina Ernesto,Engenharia de Redes,3,23,F,16.8
20263107,Joao Alberto,Engenharia Telecomunicacoes,3,18,M,19.1
20263108,Manuel Sergio,Engenharia Electronica,2,19,F,14.0
20263109,Alberto Jaime,Engenharia Electronica,1,24,F,17.2
20263110,Sonia Armando,Engenharia Electronica,3,19,F,17.3
20263111,Antonio Salvador,Engenharia Electronica,3,24,F,9.8
20263112,Teresa Carlos,Engenharia Telecomunicacoes,1,30,F,6.9
20263113,Antonio Salvador,Engenharia de Redes,1,28,F,19.1
20263114,Carlos Jose,Engenharia Informatica,4,20,M,11.2
20263115,Carlos Jose,Engenharia de Redes,2,20,F,9.2
20263116,Alberto Jaime,Engenharia Telecomunicacoes,2,25,M,18.3
20263117,Sonia Armando,Engenharia Informatica,1,18,M,12.8
20263118,Teresa Carlos,Engenharia Telecomunicacoes,2,28,M,15.8
20263119,Nelson Mario,Engenharia Informatica,2,23,F,10.8
20263120,Dario Miguel,Engenharia Electronica,1,24,F,5.9
20263121,Antonio Salvador,Engenharia Informatica,1,18,M,19.6
20263122,Samuel Ernesto,Engenharia Telecomunicacoes,4,29,F,19.7
20263123,Marta Paulo,Engenharia Electronica,2,23,F,16.2
20263124,Carlos Jose,Engenharia Electronica,2,30,M,5.8
20263125,Helena Augusto,Engenharia Telecomunicacoes,2,17,F,11.9
20263126,Manuel Sergio,Engenharia Electronica,1,17,M,8.8
20263127,Marta Paulo,Engenharia Electronica,3,28,M,8.4
20263128,Celina Ernesto,Engenharia de Redes,4,26,F,18.0
20263129,Manuel Sergio,Engenharia Electronica,2,26,M,9.2
20263130,Alberto Jaime,Engenharia Informatica,4,30,F,19.4
20263131,Teresa Carlos,Engenharia Telecomunicacoes,4,20,M,17.2
20263132,Marta Paulo,Engenharia Telecomunicacoes,1,17,M,10.0
20263133,Celina Ernesto,Engenharia Electronica,4,20,F,6.0
20263134,Edson Mateus,Engenharia Telecomunicacoes,3,24,M,12.9
20263135,Nelson Mario,Engenharia Electronica,2,23,F,11.1
20263136,Sonia Armando,Engenharia de Redes,1,28,M,11.7
20263137,Helena Augusto,Engenharia Telecomunicacoes,3,21,F,13.2
20263138,Pedro Tomas,Engenharia Electronica,2,23,M,11.1
20263139,Celina Ernesto,Engenharia Informatica,3,22,F,11.7
20263140,Rosa Fernando,Engenharia Electronica,1,23,M,11.7
20263141,Lucia Joaquim,Engenharia Electronica,1,22,M,7.4
20263142,Helena Augusto,Engenharia Telecomunicacoes,1,26,F,13.1
20263143,Lucia Joaquim,Engenharia Electronica,1,17,M,14.4
20263144,Edson Mateus,Engenharia Informatica,1,20,F,19.3
20263145,Joao Alberto,Engenharia de Redes,4,18,F,7.1
20263146,Edson Mateus,Engenharia de Redes,4,17,F,7.5
20263147,Ana Manuel,Engenharia de Redes,3,20,M,17.3
20263148,Sonia Armando,Engenharia Informatica,2,17,F,15.0
20263149,Pedro Tomas,Engenharia de Redes,3,29,M,18.1
20263150,Carlos Jose,Engenharia Informatica,2,30,M,16.4
20263151,Carlos Jose,Engenharia Informatica,3,18,M,8.2
20263152,Pedro Tomas,Engenharia Electronica,3,24,M,5.5
20263153,Edson Mateus,Engenharia Informatica,4,18,M,15.6
20263154,Celina Ernesto,Engenharia de Redes,1,22,M,14.7
20263155,Nelson Mario,Engenharia Informatica,1,17,M,9.3
20263156,Samuel Ernesto,Engenharia Telecomunicacoes,3,29,F,8.0
20263157,Helena Augusto,Engenharia Informatica,1,21,M,6.9
20263158,Carlos Jose,Engenharia Telecomunicacoes,4,17,M,6.0
20263159,Dario Miguel,Engenharia Electronica,1,20,M,18.2
20263160,Samuel Ernesto,Engenharia Telecomunicacoes,3,22,F,18.6
20263161,Helena Augusto,Engenharia Electronica,2,17,M,10.8
20263162,Carlos Jose,Engenharia Informatica,4,24,F,14.7
20263163,Elsa Domingos,Engenharia de Redes,1,18,M,15.8
20263164,Alberto Jaime,Engenharia Electronica,1,29,F,19.9
20263165,Teresa Carlos,Engenharia Electronica,2,28,F,14.9
20263166,Helena Augusto,Engenharia Electronica,3,26,M,17.9
20263167,Ana Manuel,Engenharia Informatica,4,24,M,10.7
20263168,Pedro Tomas,Engenharia Electronica,3,17,F,7.4
20263169,Antonio Salvador,Engenharia Informatica,1,24,F,19.8
20263170,Lucia Joaquim,Engenharia Electronica,2,23,F,9.3
20263171,Rosa Fernando,Engenharia Electronica,2,26,F,14.4
20263172,Helena Augusto,Engenharia Telecomunicacoes,2,29,F,9.6
20263173,Joao Alberto,Engenharia Informatica,1,28,F,13.6
20263174,Manuel Sergio,Engenharia Informatica,3,20,F,14.6
20263175,Dario Miguel,Engenharia de Redes,3,20,F,7.3
20263176,Joao Alberto,Engenharia Informatica,4,23,M,8.3
20263177,Celina Ernesto,Engenharia Informatica,3,27,M,19.4
20263178,Rosa Fernando,Engenharia Electronica,4,22,F,6.3
20263179,Helena Augusto,Engenharia de Redes,3,19,M,5.7
20263180,Nelson Mario,Engenharia de Redes,2,29,F,18.3
20263181,Celina Ernesto,Engenharia de Redes,3,22,F,6.2
20263182,Rosa Fernando,Engenharia de Redes,1,28,F,5.0
20263183,Rosa Fernando,Engenharia Informatica,1,29,M,17.6
20263184,Nelson Mario,Engenharia Informatica,2,20,M,15.5
20263185,Pedro Tomas,Engenharia Informatica,2,18,M,18.6
20263186,Teresa Carlos,Engenharia Informatica,4,28,F,15.3
20263187,Helena Augusto,Engenharia Informatica,4,18,F,12.5
20263188,Fatima Luis,Engenharia Electronica,3,25,F,16.0
20263189,Lucia Joaquim,Engenharia de Redes,4,19,F,10.7
20263190,Teresa Carlos,Engenharia Informatica,1,29,M,18.8
20263191,Alberto Jaime,Engenharia Telecomunicacoes,1,25,M,14.1
20263192,Celina Ernesto,Engenharia de Redes,2,29,M,10.0
20263193,Edson Mateus,Engenharia Informatica,1,25,F,7.5
20263194,Alberto Jaime,Engenharia Telecomunicacoes,1,17,F,13.3
20263195,Samuel Ernesto,Engenharia Electronica,2,27,F,7.0
20263196,Celina Ernesto,Engenharia Informatica,3,18,M,9.2
20263197,Sonia Armando,Engenharia Telecomunicacoes,2,28,F,6.0
20263198,Antonio Salvador,Engenharia Telecomunicacoes,1,27,F,16.0
20263199,Ana Manuel,Engenharia Telecomunicacoes,1,27,F,19.7
20263200,Sonia Armando,Engenharia Telecomunicacoes,2,30,F,7.0
20263201,Rosa Fernando,Engenharia de Redes,3,30,F,15.4
20263202,Joao Alberto,Engenharia Telecomunicacoes,3,28,F,5.6
20263203,Celina Ernesto,Engenharia Informatica,4,22,F,11.1
20263204,Elsa Domingos,Engenharia Telecomunicacoes,1,27,F,10.2
20263205,Samuel Ernesto,Engenharia Telecomunicacoes,4,24,M,10.3
20263206,Helena Augusto,Engenharia Informatica,2,19,F,15.3
20263207,Pedro Tomas,Engenharia Informatica,4,27,F,12.0
20263208,Elsa Domingos,Engenharia Informatica,2,26,F,6.8
20263209,Ana Manuel,Engenharia Electronica,2,30,M,6.0
20263210,Elsa Domingos,Engenharia de Redes,2,19,F,17.0
20263211,Fatima Luis,Engenharia Informatica,4,24,F,12.5
20263212,Antonio Salvador,Engenharia de Redes,3,30,M,17.6
20263213,Elsa Domingos,Engenharia de Redes,1,23,F,15.5
20263214,Celina Ernesto,Engenharia Informatica,4,22,M,5.9
20263215,Helena Augusto,Engenharia Electronica,3,21,F,11.6
20263216,Manuel Sergio,Engenharia de Redes,2,27,M,14.1
20263217,Fatima Luis,Engenharia Telecomunicacoes,4,22,F,9.5
20263218,Samuel Ernesto,Engenharia de Redes,2,24,F,6.9
20263219,Pedro Tomas,Engenharia de Redes,2,23,F,6.3
20263220,Celina Ernesto,Engenharia Electronica,2,29,M,15.0
20263221,Lucia Joaquim,Engenharia Electronica,3,27,F,6.5
20263222,Teresa Carlos,Engenharia Informatica,4,26,F,16.1
20263223,Manuel Sergio,Engenharia Telecomunicacoes,2,28,M,18.6
20263224,Marta Paulo,Engenharia de Redes,3,20,F,13.4
20263225,Nelson Mario,Engenharia Telecomunicacoes,3,24,F,18.3
20263226,Carlos Jose,Engenharia Electronica,2,20,F,8.9
20263227,Fatima Luis,Engenharia Informatica,2,18,F,15.6
20263228,Antonio Salvador,Engenharia de Redes,4,17,M,19.7
20263229,Sonia Armando,Engenharia Electronica,4,29,M,18.7
20263230,Helena Augusto,Engenharia Electronica,4,22,M,11.0
20263231,Sonia Armando,Engenharia Electronica,2,22,F,11.5
20263232,Helena Augusto,Engenharia de Redes,3,23,M,19.0
20263233,Samuel Ernesto,Engenharia de Redes,1,23,F,18.6
20263234,Celina Ernesto,Engenharia Informatica,2,22,M,10.5
20263235,Dario Miguel,Engenharia Informatica,3,30,M,12.6
20263236,Lucia Joaquim,Engenharia Telecomunicacoes,4,26,F,9.8
20263237,Antonio Salvador,Engenharia de Redes,4,21,M,7.7
20263238,Nelson Mario,Engenharia Informatica,4,30,M,7.1
20263239,Antonio Salvador,Engenharia Informatica,3,19,M,6.8
20263240,Edson Mateus,Engenharia Informatica,3,27,F,8.7
20263241,Pedro Tomas,Engenharia de Redes,1,21,M,18.3
20263242,Fatima Luis,Engenharia Informatica,4,26,M,8.3
20263243,Rosa Fernando,Engenharia Telecomunicacoes,1,27,F,5.4
20263244,Joao Alberto,Engenharia de Redes,3,19,F,19.0
20263245,Marta Paulo,Engenharia Electronica,4,18,M,9.8
20263246,Fatima Luis,Engenharia Electronica,3,28,F,11.5
20263247,Teresa Carlos,Engenharia de Redes,3,21,M,5.7
20263248,Alberto Jaime,Engenharia Telecomunicacoes,2,30,F,15.4
20263249,Manuel Sergio,Engenharia Electronica,2,20,M,11.9
20263250,Celina Ernesto,Engenharia de Redes,4,27,M,11.1
20263251,Fatima Luis,Engenharia de Redes,1,18,M,18.7
20263252,Carlos Jose,Engenharia Electronica,2,30,M,19.0
20263253,Marta Paulo,Engenharia Informatica,3,22,F,5.5
20263254,Celina Ernesto,Engenharia de Redes,2,28,F,6.0
20263255,Pedro Tomas,Engenharia Electronica,4,27,F,6.8
20263256,Ana Manuel,Engenharia Electronica,2,26,F,16.5
20263257,Fatima Luis,Engenharia de Redes,1,24,F,18.6
20263258,Fatima Luis,Engenharia Informatica,2,23,M,10.3
20263259,Celina Ernesto,Engenharia de Redes,2,28,F,14.0
20263260,Pedro Tomas,Engenharia de Redes,2,22,F,15.8
20263261,Samuel Ernesto,Engenharia Electronica,2,20,F,7.5
20263262,Rosa Fernando,Engenharia Telecomunicacoes,2,25,F,5.0
20263263,Antonio Salvador,Engenharia de Redes,2,29,M,8.4
20263264,Nelson Mario,Engenharia de Redes,4,18,M,19.6
20263265,Alberto Jaime,Engenharia de Redes,1,17,M,5.7
20263266,Pedro Tomas,Engenharia de Redes,4,29,F,16.5
20263267,Pedro Tomas,Engenharia Telecomunicacoes,4,17,F,5.2
20263268,Joao Alberto,Engenharia Telecomunicacoes,4,18,M,14.7
20263269,Dario Miguel,Engenharia Telecomunicacoes,2,28,F,19.5
20263270,Alberto Jaime,Engenharia de Redes,3,25,M,16.7
20263271,Alberto Jaime,Engenharia Telecomunicacoes,3,24,M,7.0
20263272,Fatima Luis,Engenharia Telecomunicacoes,2,19,F,18.8
20263273,Teresa Carlos,Engenharia Informatica,1,29,M,8.8
20263274,Celina Ernesto,Engenharia Electronica,2,28,F,7.7
20263275,Antonio Salvador,Engenharia de Redes,1,23,F,17.3
20263276,Samuel Ernesto,Engenharia Electronica,2,22,F,18.5
20263277,Nelson Mario,Engenharia de Redes,2,18,F,13.0
20263278,Sonia Armando,Engenharia de Redes,4,21,F,17.4
20263279,Ana Manuel,Engenharia de Redes,3,20,M,16.6
20263280,Dario Miguel,Engenharia Electronica,2,17,F,8.3
20263281,Elsa Domingos,Engenharia Telecomunicacoes,4,27,F,12.6
20263282,Edson Mateus,Engenharia de Redes,2,26,M,14.9
20263283,Elsa Domingos,Engenharia Informatica,3,28,M,16.9
20263284,Carlos Jose,Engenharia Electronica,3,21,F,17.0
20263285,Marta Paulo,Engenharia Electronica,1,23,M,6.1
20263286,Helena Augusto,Engenharia Electronica,3,23,M,5.3
20263287,Marta Paulo,Engenharia de Redes,2,26,M,11.8
20263288,Alberto Jaime,Engenharia Electronica,2,17,M,17.1
20263289,Celina Ernesto,Engenharia Informatica,3,19,M,19.6
20263290,Ana Manuel,Engenharia Informatica,4,18,F,15.9
20263291,Marta Paulo,Engenharia Telecomunicacoes,3,18,F,13.6
20263292,Manuel Sergio,Engenharia de Redes,4,25,M,11.1
20263293,Helena Augusto,Engenharia de Redes,2,18,F,11.4
20263294,Alberto Jaime,Engenharia Telecomunicacoes,1,29,F,7.0
20263295,Elsa Domingos,Engenharia Informatica,4,22,M,14.7
20263296,Manuel Sergio,Engenharia Electronica,2,30,F,19.1
20263297,Helena Augusto,Engenharia Electronica,2,18,F,14.4
20263298,Elsa Domingos,Engenharia Electronica,3,20,F,19.3
20263299,Helena Augusto,Engenharia Electronica,2,20,F,7.2
20263300,Pedro Tomas,Engenharia Informatica,1,22,F,16.6
20263301,Alberto Jaime,Engenharia de Redes,3,21,M,17.0
20263302,Edson Mateus,Engenharia de Redes,1,28,F,5.0
20263303,Manuel Sergio,Engenharia de Redes,4,21,M,13.2
20263304,Manuel Sergio,Engenharia de Redes,4,21,M,13.9
20263305,Edson Mateus,Engenharia Informatica,4,30,F,10.8
20263306,Antonio Salvador,Engenharia de Redes,1,21,M,5.5
20263307,Manuel Sergio,Engenharia Telecomunicacoes,3,22,F,12.1
20263308,Carlos Jose,Engenharia de Redes,3,26,M,14.2
20263309,Rosa Fernando,Engenharia de Redes,1,18,M,7.1
20263310,Elsa Domingos,Engenharia Telecomunicacoes,3,20,F,15.4
20263311,Helena Augusto,Engenharia de Redes,1,19,M,10.2
20263312,Pedro Tomas,Engenharia Telecomunicacoes,4,23,F,11.4
20263313,Nelson Mario,Engenharia Informatica,3,26,M,18.7
20263314,Samuel Ernesto,Engenharia Electronica,4,22,M,11.2
20263315,Manuel Sergio,Engenharia Telecomunicacoes,3,22,M,18.1
20263316,Edson Mateus,Engenharia Telecomunicacoes,3,28,M,16.8
20263317,Edson Mateus,Engenharia Informatica,4,26,F,16.3
20263318,Nelson Mario,Engenharia Electronica,3,26,M,9.3
20263319,Helena Augusto,Engenharia Electronica,4,21,F,12.9
20263320,Dario Miguel,Engenharia Telecomunicacoes,2,20,F,13.9
20263321,Teresa Carlos,Engenharia de Redes,2,26,M,15.9
20263322,Fatima Luis,Engenharia Electronica,1,20,F,6.6
20263323,Ana Manuel,Engenharia de Redes,2,17,F,6.7
20263324,Alberto Jaime,Engenharia Informatica,4,22,M,18.5
20263325,Teresa Carlos,Engenharia Electronica,2,21,M,10.6
20263326,Alberto Jaime,Engenharia Telecomunicacoes,2,17,F,5.2
20263327,Edson Mateus,Engenharia Electronica,4,30,M,10.7
20263328,Marta Paulo,Engenharia Telecomunicacoes,2,26,F,17.3
20263329,Celina Ernesto,Engenharia Electronica,1,19,F,8.1
20263330,Rosa Fernando,Engenharia Electronica,4,30,M,12.9
20263331,Samuel Ernesto,Engenharia de Redes,2,22,M,14.4
20263332,Alberto Jaime,Engenharia Informatica,4,29,F,18.8
20263333,Samuel Ernesto,Engenharia Telecomunicacoes,1,21,M,13.3
20263334,Fatima Luis,Engenharia Electronica,3,23,M,8.3
20263335,Marta Paulo,Engenharia Telecomunicacoes,3,17,F,9.4
20263336,Pedro Tomas,Engenharia Telecomunicacoes,4,19,F,5.5
20263337,Nelson Mario,Engenharia Telecomunicacoes,3,24,M,7.7
20263338,Manuel Sergio,Engenharia Telecomunicacoes,1,17,M,8.5
20263339,Rosa Fernando,Engenharia de Redes,4,29,F,5.5
20263340,Lucia Joaquim,Engenharia Telecomunicacoes,3,23,F,7.3
20263341,Marta Paulo,Engenharia de Redes,4,21,F,12.0
20263342,Fatima Luis,Engenharia Informatica,3,20,M,5.9
20263343,Nelson Mario,Engenharia Electronica,1,19,F,17.2
20263344,Samuel Ernesto,Engenharia Electronica,4,23,M,7.7
20263345,Lucia Joaquim,Engenharia Telecomunicacoes,2,20,F,12.8
20263346,Celina Ernesto,Engenharia Telecomunicacoes,1,19,F,7.0
20263347,Elsa Domingos,Engenharia Informatica,2,20,F,8.4
20263348,Nelson Mario,Engenharia Telecomunicacoes,3,23,M,11.6
20263349,Joao Alberto,Engenharia de Redes,4,22,F,11.6
20263350,Manuel Sergio,Engenharia Telecomunicacoes,4,26,M,16.3
20263351,Lucia Joaquim,Engenharia Telecomunicacoes,1,19,M,14.6
20263352,Fatima Luis,Engenharia Informatica,1,19,F,16.0
20263353,Dario Miguel,Engenharia Electronica,4,19,F,5.4
20263354,Sonia Armando,Engenharia Telecomunicacoes,1,19,M,11.9
20263355,Helena Augusto,Engenharia Informatica,1,24,F,19.4
20263356,Celina Ernesto,Engenharia Electronica,1,22,F,11.6
20263357,Manuel Sergio,Engenharia Electronica,4,28,F,17.5
20263358,Alberto Jaime,Engenharia de Redes,3,30,M,11.2
20263359,Samuel Ernesto,Engenharia Telecomunicacoes,3,17,M,10.4
20263360,Dario Miguel,Engenharia Telecomunicacoes,4,19,M,14.4
20263361,Lucia Joaquim,Engenharia Informatica,2,19,M,14.0
20263362,Helena Augusto,Engenharia Electronica,4,23,M,15.7
20263363,Teresa Carlos,Engenharia Telecomunicacoes,2,24,F,14.4
20263364,Rosa Fernando,Engenharia Informatica,2,18,F,6.3
20263365,Carlos Jose,Engenharia Informatica,4,25,F,8.5
20263366,Antonio Salvador,Engenharia de Redes,1,27,F,11.8
20263367,Carlos Jose,Engenharia de Redes,3,28,F,17.0
20263368,Nelson Mario,Engenharia Telecomunicacoes,3,18,M,15.4
20263369,Pedro Tomas,Engenharia Electronica,1,24,F,7.6
20263370,Celina Ernesto,Engenharia de Redes,4,28,M,8.7
20263371,Dario Miguel,Engenharia de Redes,2,19,F,10.4
20263372,Edson Mateus,Engenharia Telecomunicacoes,2,18,M,7.6
20263373,Lucia Joaquim,Engenharia Electronica,4,30,F,18.6
20263374,Ana Manuel,Engenharia Telecomunicacoes,2,21,M,9.5
20263375,Ana Manuel,Engenharia Electronica,4,25,M,5.2
20263376,Rosa Fernando,Engenharia Informatica,2,17,M,14.2
20263377,Elsa Domingos,Engenharia Electronica,1,26,M,7.8
20263378,Rosa Fernando,Engenharia de Redes,3,26,F,11.0
20263379,Fatima Luis,Engenharia Telecomunicacoes,3,23,F,9.0
20263380,Rosa Fernando,Engenharia de Redes,4,22,F,7.4
20263381,Antonio Salvador,Engenharia Telecomunicacoes,1,23,F,18.3
20263382,Antonio Salvador,Engenharia Informatica,2,29,F,5.4
20263383,Antonio Salvador,Engenharia Telecomunicacoes,2,26,M,6.8
20263384,Lucia Joaquim,Engenharia de Redes,2,17,F,13.9
20263385,Lucia Joaquim,Engenharia de Redes,2,23,F,11.9
20263386,Celina Ernesto,Engenharia de Redes,2,30,M,15.0
20263387,Pedro Tomas,Engenharia Informatica,4,23,F,10.0
20263388,Sonia Armando,Engenharia Informatica,3,18,F,8.1
20263389,Joao Alberto,Engenharia Telecomunicacoes,1,17,M,13.6
20263390,Nelson Mario,Engenharia Telecomunicacoes,1,30,F,7.7
20263391,Celina Ernesto,Engenharia Informatica,2,29,F,10.6
20263392,Edson Mateus,Engenharia Informatica,3,25,F,18.0
20263393,Dario Miguel,Engenharia de Redes,4,23,M,18.4
20263394,Joao Alberto,Engenharia Informatica,3,21,F,10.8
20263395,Edson Mateus,Engenharia Telecomunicacoes,1,17,M,7.7
20263396,Teresa Carlos,Engenharia de Redes,4,27,M,8.7
20263397,Lucia Joaquim,Engenharia Electronica,4,27,M,9.2
20263398,Elsa Domingos,Engenharia Electronica,1,26,M,15.9
20263399,Fatima Luis,Engenharia Electronica,2,18,F,15.7
20263400,Manuel Sergio,Engenharia Telecomunicacoes,2,18,F,7.7
20263401,Edson Mateus,Engenharia Informatica,1,21,F,14.2
20263402,Dario Miguel,Engenharia Telecomunicacoes,1,21,M,19.1
20263403,Helena Augusto,Engenharia Informatica,1,24,M,7.3
20263404,Manuel Sergio,Engenharia Electronica,1,27,F,12.7
20263405,Fatima Luis,Engenharia Informatica,1,17,F,18.1
20263406,Manuel Sergio,Engenharia de Redes,1,28,F,15.6
20263407,Carlos Jose,Engenharia Informatica,3,20,F,13.1
20263408,Fatima Luis,Engenharia de Redes,2,30,F,5.1
20263409,Carlos Jose,Engenharia Electronica,2,21,F,18.3
20263410,Nelson Mario,Engenharia Informatica,3,25,F,18.9
20263411,Samuel Ernesto,Engenharia Telecomunicacoes,1,17,M,11.0
20263412,Manuel Sergio,Engenharia Telecomunicacoes,4,29,M,19.0
20263413,Nelson Mario,Engenharia Telecomunicacoes,2,30,M,15.1
20263414,Fatima Luis,Engenharia Telecomunicacoes,4,23,F,12.6
20263415,Joao Alberto,Engenharia de Redes,2,23,M,6.6
20263416,Manuel Sergio,Engenharia Electronica,1,17,F,7.8
20263417,Teresa Carlos,Engenharia Telecomunicacoes,2,20,F,6.5
20263418,Dario Miguel,Engenharia Telecomunicacoes,3,19,M,16.1
20263419,Marta Paulo,Engenharia de Redes,3,28,F,11.1
20263420,Alberto Jaime,Engenharia de Redes,4,18,F,11.3
20263421,Antonio Salvador,Engenharia Telecomunicacoes,1,27,F,17.8
20263422,Sonia Armando,Engenharia Telecomunicacoes,1,26,F,12.0
20263423,Rosa Fernando,Engenharia de Redes,1,24,F,10.3
20263424,Helena Augusto,Engenharia de Redes,2,25,M,10.2
20263425,Alberto Jaime,Engenharia Telecomunicacoes,1,28,F,15.5
20263426,Elsa Domingos,Engenharia Electronica,4,25,M,16.5
20263427,Samuel Ernesto,Engenharia Electronica,1,19,M,11.7
20263428,Edson Mateus,Engenharia Telecomunicacoes,3,22,F,14.0
20263429,Manuel Sergio,Engenharia Informatica,4,28,M,18.3
20263430,Helena Augusto,Engenharia Informatica,4,21,M,7.1
20263431,Samuel Ernesto,Engenharia de Redes,4,26,M,5.9
20263432,Rosa Fernando,Engenharia de Redes,4,17,F,13.3
20263433,Samuel Ernesto,Engenharia de Redes,3,27,M,8.8
20263434,Antonio Salvador,Engenharia Electronica,4,21,F,19.3
20263435,Fatima Luis,Engenharia Electronica,1,23,M,8.6
20263436,Rosa Fernando,Engenharia Electronica,2,23,F,20.0
20263437,Edson Mateus,Engenharia Informatica,3,21,M,5.1
20263438,Samuel Ernesto,Engenharia Telecomunicacoes,4,17,M,19.5
20263439,Joao Alberto,Engenharia Informatica,2,23,F,19.4
20263440,Carlos Jose,Engenharia de Redes,4,21,F,5.3
20263441,Dario Miguel,Engenharia Telecomunicacoes,3,25,M,10.4
20263442,Joao Alberto,Engenharia Telecomunicacoes,1,25,F,18.1
20263443,Carlos Jose,Engenharia Electronica,4,21,F,14.3
20263444,Alberto Jaime,Engenharia Electronica,1,25,M,11.2
20263445,Nelson Mario,Engenharia Informatica,2,24,M,18.7
20263446,Carlos Jose,Engenharia Informatica,2,17,M,15.8
20263447,Elsa Domingos,Engenharia Informatica,3,27,F,5.3
20263448,Antonio Salvador,Engenharia de Redes,3,18,M,16.5
20263449,Fatima Luis,Engenharia de Redes,3,23,M,13.5
20263450,Teresa Carlos,Engenharia de Redes,1,27,F,13.0
20263451,Pedro Tomas,Engenharia de Redes,1,17,F,14.5
20263452,Fatima Luis,Engenharia de Redes,3,28,F,5.7
20263453,Sonia Armando,Engenharia Electronica,3,21,F,14.0
20263454,Carlos Jose,Engenharia de Redes,4,21,M,19.3
20263455,Dario Miguel,Engenharia de Redes,3,19,M,19.1
20263456,Elsa Domingos,Engenharia Telecomunicacoes,2,18,M,18.7
20263457,Samuel Ernesto,Engenharia de Redes,4,19,M,19.0
20263458,Pedro Tomas,Engenharia Telecomunicacoes,2,18,F,10.0
20263459,Fatima Luis,Engenharia Electronica,4,29,F,8.9
20263460,Edson Mateus,Engenharia de Redes,4,21,M,15.3
20263461,Lucia Joaquim,Engenharia Electronica,2,26,M,9.9
20263462,Joao Alberto,Engenharia Telecomunicacoes,2,22,F,12.3
20263463,Marta Paulo,Engenharia Telecomunicacoes,3,22,M,8.3
20263464,Pedro Tomas,Engenharia Informatica,1,28,F,10.9
20263465,Pedro Tomas,Engenharia Informatica,1,28,M,8.6
20263466,Celina Ernesto,Engenharia de Redes,4,19,M,16.6
20263467,Dario Miguel,Engenharia Telecomunicacoes,3,25,M,15.7
20263468,Lucia Joaquim,Engenharia Electronica,2,19,M,7.6
20263469,Antonio Salvador,Engenharia Telecomunicacoes,3,18,M,6.7
20263470,Teresa Carlos,Engenharia Electronica,4,22,F,11.7
20263471,Carlos Jose,Engenharia Electronica,1,25,F,10.4
20263472,Samuel Ernesto,Engenharia Informatica,3,24,M,9.6
20263473,Alberto Jaime,Engenharia Telecomunicacoes,3,27,F,10.3
20263474,Celina Ernesto,Engenharia Electronica,4,30,M,6.7
20263475,Rosa Fernando,Engenharia Informatica,3,26,M,15.5
20263476,Helena Augusto,Engenharia de Redes,2,21,M,17.7
20263477,Samuel Ernesto,Engenharia Telecomunicacoes,1,22,F,12.3
20263478,Dario Miguel,Engenharia Informatica,2,20,F,12.9
20263479,Manuel Sergio,Engenharia Informatica,1,28,F,8.6
20263480,Teresa Carlos,Engenharia Telecomunicacoes,4,17,M,12.6
20263481,Pedro Tomas,Engenharia Informatica,3,29,F,12.2
20263482,Alberto Jaime,Engenharia Telecomunicacoes,1,21,M,7.8
20263483,Marta Paulo,Engenharia Electronica,2,18,M,15.4
20263484,Manuel Sergio,Engenharia Electronica,2,22,F,12.2
20263485,Teresa Carlos,Engenharia Informatica,1,25,F,10.3
20263486,Alberto Jaime,Engenharia Telecomunicacoes,3,21,M,12.4
20263487,Alberto Jaime,Engenharia de Redes,4,19,M,13.8
20263488,Marta Paulo,Engenharia Electronica,2,20,M,7.0
20263489,Samuel Ernesto,Engenharia Electronica,4,27,M,8.9
20263490,Lucia Joaquim,Engenharia Informatica,1,28,F,6.7
20263491,Dario Miguel,Engenharia Electronica,4,20,F,13.0
20263492,Nelson Mario,Engenharia Electronica,2,18,F,13.1
20263493,Manuel Sergio,Engenharia Electronica,3,19,M,10.8
20263494,Teresa Carlos,Engenharia Electronica,4,26,M,11.6
20263495,Dario Miguel,Engenharia Electronica,4,22,M,16.3
20263496,Celina Ernesto,Engenharia Informatica,1,19,F,6.1
20263497,Helena Augusto,Engenharia de Redes,1,30,F,9.5
20263498,Dario Miguel,Engenharia Telecomunicacoes,4,18,M,5.2
20263499,Lucia Joaquim,Engenharia Electronica,3,22,F,16.8
20263500,Fatima Luis,Engenharia de Redes,4,29,F,12.8
20263501,Elsa Domingos,Engenharia Informatica,1,19,F,14.6
20263502,Fatima Luis,Engenharia Electronica,4,30,F,16.6
20263503,Helena Augusto,Engenharia Telecomunicacoes,4,30,F,9.1
20263504,Lucia Joaquim,Engenharia Informatica,1,28,F,17.5
20263505,Rosa Fernando,Engenharia de Redes,1,22,M,7.2
20263506,Manuel Sergio,Engenharia de Redes,2,20,M,6.3
20263507,Lucia Joaquim,Engenharia Informatica,4,28,F,16.5
20263508,Lucia Joaquim,Engenharia Telecomunicacoes,2,27,M,5.3
20263509,Joao Alberto,Engenharia Informatica,2,29,F,5.2
20263510,Dario Miguel,Engenharia Telecomunicacoes,4,21,F,14.7
20263511,Lucia Joaquim,Engenharia Electronica,1,20,M,5.6
20263512,Carlos Jose,Engenharia Electronica,1,30,F,5.6
20263513,Lucia Joaquim,Engenharia Informatica,2,21,F,15.7
20263514,Fatima Luis,Engenharia de Redes,1,22,M,8.1
20263515,Elsa Domingos,Engenharia Telecomunicacoes,4,18,F,15.4
20263516,Teresa Carlos,Engenharia de Redes,2,20,M,8.6
20263517,Samuel Ernesto,Engenharia Informatica,1,27,M,13.2
20263518,Manuel Sergio,Engenharia Informatica,3,27,M,11.8
20263519,Nelson Mario,Engenharia Informatica,3,30,M,17.3
20263520,Nelson Mario,Engenharia de Redes,2,22,M,16.8
20263521,Joao Alberto,Engenharia Informatica,4,21,F,10.9
20263522,Samuel Ernesto,Engenharia Informatica,2,30,F,12.1
20263523,Pedro Tomas,Engenharia de Redes,1,30,F,13.2
20263524,Manuel Sergio,Engenharia de Redes,4,17,M,18.7
20263525,Edson Mateus,Engenharia Telecomunicacoes,1,23,M,8.8
20263526,Manuel Sergio,Engenharia Informatica,1,18,M,19.4
20263527,Lucia Joaquim,Engenharia Telecomunicacoes,3,25,M,11.1
20263528,Sonia Armando,Engenharia Informatica,3,18,F,7.8
20263529,Dario Miguel,Engenharia Informatica,2,24,F,5.1
20263530,Celina Ernesto,Engenharia de Redes,4,20,M,7.0
20263531,Teresa Carlos,Engenharia Informatica,3,27,M,15.1
20263532,Rosa Fernando,Engenharia Informatica,2,26,M,16.9
20263533,Ana Manuel,Engenharia de Redes,1,23,M,11.0
20263534,Samuel Ernesto,Engenharia Informatica,2,19,M,19.1
20263535,Teresa Carlos,Engenharia de Redes,3,30,M,16.3
20263536,Antonio Salvador,Engenharia Informatica,2,30,M,13.1
20263537,Rosa Fernando,Engenharia Telecomunicacoes,4,18,M,9.0
20263538,Fatima Luis,Engenharia Informatica,4,29,F,16.8
20263539,Elsa Domingos,Engenharia Electronica,1,20,M,19.2
20263540,Helena Augusto,Engenharia Informatica,4,20,M,11.6
20263541,Antonio Salvador,Engenharia Telecomunicacoes,2,20,M,9.3
20263542,Alberto Jaime,Engenharia de Redes,1,30,M,6.4
20263543,Ana Manuel,Engenharia Informatica,1,22,F,12.7
20263544,Manuel Sergio,Engenharia Informatica,2,25,F,10.9
20263545,Antonio Salvador,Engenharia Electronica,2,17,M,6.0
20263546,Pedro Tomas,Engenharia Telecomunicacoes,1,26,F,15.9
20263547,Antonio Salvador,Engenharia de Redes,4,19,F,9.0
20263548,Sonia Armando,Engenharia Informatica,1,17,M,15.3
20263549,Sonia Armando,Engenharia Informatica,2,19,M,10.6
20263550,Nelson Mario,Engenharia Informatica,1,26,M,15.7
20263551,Edson Mateus,Engenharia Informatica,2,19,M,13.2
20263552,Rosa Fernando,Engenharia Informatica,4,19,M,19.7
20263553,Helena Augusto,Engenharia de Redes,2,19,F,10.6
20263554,Alberto Jaime,Engenharia Electronica,2,19,M,5.2
20263555,Fatima Luis,Engenharia Telecomunicacoes,4,18,F,13.0
20263556,Samuel Ernesto,Engenharia Informatica,1,20,M,10.7
20263557,Manuel Sergio,Engenharia Informatica,4,20,F,12.1
20263558,Celina Ernesto,Engenharia de Redes,4,28,F,5.8
20263559,Celina Ernesto,Engenharia Informatica,1,26,M,16.7
20263560,Nelson Mario,Engenharia de Redes,4,28,F,6.1
20263561,Antonio Salvador,Engenharia Telecomunicacoes,4,25,F,5.1
20263562,Rosa Fernando,Engenharia de Redes,3,17,F,6.4
20263563,Nelson Mario,Engenharia Telecomunicacoes,3,29,F,5.4
20263564,Rosa Fernando,Engenharia Telecomunicacoes,4,18,F,16.3
20263565,Carlos Jose,Engenharia de Redes,2,19,F,6.6
20263566,Dario Miguel,Engenharia de Redes,1,28,M,18.3
20263567,Elsa Domingos,Engenharia de Redes,2,19,F,5.4
20263568,Sonia Armando,Engenharia Electronica,3,28,M,16.9
20263569,Alberto Jaime,Engenharia Informatica,2,25,F,12.1
20263570,Ana Manuel,Engenharia de Redes,3,21,F,11.1
20263571,Celina Ernesto,Engenharia Telecomunicacoes,3,21,F,7.8
20263572,Celina Ernesto,Engenharia Informatica,4,17,F,10.1
20263573,Fatima Luis,Engenharia Electronica,1,19,F,13.8
20263574,Edson Mateus,Engenharia de Redes,4,19,M,14.3
20263575,Fatima Luis,Engenharia Telecomunicacoes,4,27,M,9.7
20263576,Nelson Mario,Engenharia Telecomunicacoes,4,23,F,14.8
20263577,Samuel Ernesto,Engenharia Electronica,1,27,F,9.1
20263578,Antonio Salvador,Engenharia Electronica,3,18,M,5.6
20263579,Joao Alberto,Engenharia Informatica,1,22,F,7.6
20263580,Manuel Sergio,Engenharia de Redes,3,28,M,8.8
20263581,Dario Miguel,Engenharia de Redes,4,19,F,12.0
20263582,Carlos Jose,Engenharia Informatica,3,21,M,8.9
20263583,Teresa Carlos,Engenharia Telecomunicacoes,4,30,F,19.7
20263584,Joao Alberto,Engenharia Informatica,4,21,F,6.3
20263585,Edson Mateus,Engenharia Informatica,1,23,F,10.9
20263586,Celina Ernesto,Engenharia Telecomunicacoes,3,20,M,13.1
20263587,Teresa Carlos,Engenharia de Redes,3,24,F,12.6
20263588,Joao Alberto,Engenharia Telecomunicacoes,4,22,M,11.5
20263589,Celina Ernesto,Engenharia Informatica,2,18,F,8.0
20263590,Alberto Jaime,Engenharia Telecomunicacoes,1,22,M,5.0
20263591,Fatima Luis,Engenharia Telecomunicacoes,1,17,F,5.3
20263592,Teresa Carlos,Engenharia de Redes,2,29,M,16.2
20263593,Elsa Domingos,Engenharia de Redes,2,26,F,14.2
20263594,Ana Manuel,Engenharia Informatica,1,21,F,11.1
20263595,Ana Manuel,Engenharia Informatica,1,23,F,17.3
20263596,Celina Ernesto,Engenharia de Redes,2,24,M,16.1
20263597,Samuel Ernesto,Engenharia Informatica,4,17,M,9.5
20263598,Marta Paulo,Engenharia de Redes,4,21,M,8.7
20263599,Carlos Jose,Engenharia Informatica,3,27,F,8.7
20263600,Joao Alberto,Engenharia Informatica,2,24,F,18.9
20263601,Teresa Carlos,Engenharia Informatica,3,18,M,15.4
20263602,Lucia Joaquim,Engenharia Telecomunicacoes,3,19,F,7.8
20263603,Sonia Armando,Engenharia Informatica,1,22,F,9.9
20263604,Nelson Mario,Engenharia Electronica,4,23,F,11.7
20263605,Elsa Domingos,Engenharia Electronica,3,26,M,17.9
20263606,Manuel Sergio,Engenharia de Redes,2,28,F,6.4
20263607,Dario Miguel,Engenharia Telecomunicacoes,3,27,F,17.2
20263608,Dario Miguel,Engenharia Informatica,2,19,F,12.7
20263609,Samuel Ernesto,Engenharia Electronica,1,19,M,7.1
20263610,Teresa Carlos,Engenharia Electronica,1,24,M,15.3
20263611,Celina Ernesto,Engenharia de Redes,2,29,M,14.6
20263612,Fatima Luis,Engenharia de Redes,3,19,F,10.2
20263613,Rosa Fernando,Engenharia Informatica,1,21,F,7.4
20263614,Joao Alberto,Engenharia Telecomunicacoes,3,18,F,15.3
20263615,Marta Paulo,Engenharia Telecomunicacoes,3,22,F,9.3
20263616,Elsa Domingos,Engenharia Informatica,1,17,M,14.0
20263617,Nelson Mario,Engenharia Informatica,3,23,M,5.4
20263618,Marta Paulo,Engenharia Telecomunicacoes,2,25,F,11.9
20263619,Ana Manuel,Engenharia Informatica,2,20,F,13.5
20263620,Manuel Sergio,Engenharia Informatica,3,18,F,5.4
20263621,Sonia Armando,Engenharia Electronica,1,24,M,11.5
20263622,Lucia Joaquim,Engenharia Telecomunicacoes,3,21,M,15.9
20263623,Edson Mateus,Engenharia Telecomunicacoes,2,24,M,19.8
20263624,Edson Mateus,Engenharia de Redes,1,18,F,10.0
20263625,Ana Manuel,Engenharia Electronica,4,28,F,19.5
20263626,Edson Mateus,Engenharia de Redes,2,21,F,10.2
20263627,Manuel Sergio,Engenharia Informatica,4,23,F,7.4
20263628,Lucia Joaquim,Engenharia Informatica,2,30,M,15.0
20263629,Pedro Tomas,Engenharia de Redes,4,17,M,17.7
20263630,Elsa Domingos,Engenharia Electronica,4,19,F,9.1
20263631,Marta Paulo,Engenharia de Redes,4,30,M,12.7
20263632,Sonia Armando,Engenharia Electronica,4,24,F,14.9
20263633,Helena Augusto,Engenharia Informatica,2,22,F,5.5
20263634,Joao Alberto,Engenharia Electronica,4,21,F,6.9
20263635,Lucia Joaquim,Engenharia Electronica,2,21,F,9.6
20263636,Manuel Sergio,Engenharia de Redes,2,18,F,6.3
20263637,Manuel Sergio,Engenharia Electronica,3,19,M,8.9
20263638,Pedro Tomas,Engenharia Informatica,4,27,M,17.0
20263639,Marta Paulo,Engenharia Informatica,1,27,M,16.6
20263640,Dario Miguel,Engenharia Informatica,2,24,F,5.0
20263641,Manuel Sergio,Engenharia Telecomunicacoes,3,20,M,15.2
20263642,Edson Mateus,Engenharia Telecomunicacoes,1,25,M,13.8
20263643,Manuel Sergio,Engenharia Informatica,4,23,M,18.0
20263644,Ana Manuel,Engenharia Electronica,1,30,F,19.9
20263645,Pedro Tomas,Engenharia Informatica,2,30,M,9.7
20263646,Sonia Armando,Engenharia Informatica,2,20,F,6.8
20263647,Elsa Domingos,Engenharia Informatica,3,26,M,5.1
20263648,Nelson Mario,Engenharia de Redes,2,18,M,5.8
20263649,Carlos Jose,Engenharia Telecomunicacoes,2,17,F,6.6
20263650,Rosa Fernando,Engenharia Informatica,1,18,M,5.5
20263651,Ana Manuel,Engenharia Telecomunicacoes,3,24,F,8.6
20263652,Alberto Jaime,Engenharia Informatica,4,29,M,5.7
20263653,Joao Alberto,Engenharia de Redes,2,29,M,15.3
20263654,Samuel Ernesto,Engenharia Informatica,3,18,M,17.7
20263655,Rosa Fernando,Engenharia Electronica,3,17,F,6.2
20263656,Rosa Fernando,Engenharia Electronica,2,22,F,15.6
20263657,Ana Manuel,Engenharia de Redes,2,25,M,12.8
20263658,Ana Manuel,Engenharia de Redes,2,29,M,14.0
20263659,Carlos Jose,Engenharia Telecomunicacoes,4,18,M,6.6
20263660,Ana Manuel,Engenharia Informatica,4,30,F,6.9
20263661,Fatima Luis,Engenharia de Redes,3,24,M,16.6
20263662,Dario Miguel,Engenharia Telecomunicacoes,4,22,F,5.6
20263663,Manuel Sergio,Engenharia Informatica,1,19,M,13.2
20263664,Dario Miguel,Engenharia Electronica,3,24,F,5.2
20263665,Sonia Armando,Engenharia Electronica,2,29,F,8.2
20263666,Elsa Domingos,Engenharia Telecomunicacoes,2,30,F,10.9
20263667,Carlos Jose,Engenharia de Redes,4,25,M,17.7
20263668,Sonia Armando,Engenharia de Redes,4,17,M,17.0
20263669,Antonio Salvador,Engenharia Informatica,4,26,F,8.7
20263670,Antonio Salvador,Engenharia Telecomunicacoes,1,22,F,16.0
20263671,Manuel Sergio,Engenharia Electronica,2,23,F,5.1
20263672,Ana Manuel,Engenharia Telecomunicacoes,2,22,F,19.7
20263673,Teresa Carlos,Engenharia Electronica,2,21,F,15.5
20263674,Joao Alberto,Engenharia Telecomunicacoes,2,21,M,12.6
20263675,Nelson Mario,Engenharia Informatica,1,21,F,16.1
20263676,Samuel Ernesto,Engenharia Informatica,1,22,F,5.7
20263677,Joao Alberto,Engenharia Electronica,1,23,M,15.8
20263678,Dario Miguel,Engenharia de Redes,3,23,F,8.5
20263679,Samuel Ernesto,Engenharia Electronica,2,21,F,6.4
20263680,Lucia Joaquim,Engenharia Informatica,1,29,M,18.7
20263681,Manuel Sergio,Engenharia Electronica,2,24,M,17.8
20263682,Joao Alberto,Engenharia Electronica,4,20,M,9.8
20263683,Joao Alberto,Engenharia Telecomunicacoes,1,24,M,9.9
20263684,Joao Alberto,Engenharia Telecomunicacoes,2,26,M,16.5
20263685,Alberto Jaime,Engenharia Informatica,3,22,M,7.3
20263686,Carlos Jose,Engenharia de Redes,2,20,M,5.3
20263687,Edson Mateus,Engenharia Electronica,4,29,M,16.6
20263688,Manuel Sergio,Engenharia de Redes,4,19,F,10.4
20263689,Rosa Fernando,Engenharia Informatica,1,24,F,5.9
20263690,Teresa Carlos,Engenharia de Redes,1,22,M,17.1
20263691,Alberto Jaime,Engenharia Telecomunicacoes,4,27,F,8.2
20263692,Alberto Jaime,Engenharia Electronica,3,20,F,16.6
20263693,Rosa Fernando,Engenharia Electronica,1,30,M,12.5
20263694,Lucia Joaquim,Engenharia de Redes,2,23,F,7.4
20263695,Pedro Tomas,Engenharia Electronica,3,29,M,15.3
20263696,Elsa Domingos,Engenharia Telecomunicacoes,4,19,M,20.0
20263697,Rosa Fernando,Engenharia de Redes,4,21,F,5.2
20263698,Elsa Domingos,Engenharia Telecomunicacoes,2,24,F,17.9
20263699,Fatima Luis,Engenharia Electronica,2,28,M,12.1
20263700,Celina Ernesto,Engenharia Electronica,2,20,M,15.8
20263701,Alberto Jaime,Engenharia Informatica,4,27,F,17.0
20263702,Teresa Carlos,Engenharia de Redes,2,19,F,15.4
20263703,Antonio Salvador,Engenharia Telecomunicacoes,3,17,M,16.8
20263704,Teresa Carlos,Engenharia Telecomunicacoes,4,20,M,16.1
20263705,Lucia Joaquim,Engenharia de Redes,4,21,F,9.7
20263706,Lucia Joaquim,Engenharia de Redes,4,17,M,12.5
20263707,Rosa Fernando,Engenharia de Redes,3,22,M,7.4
20263708,Marta Paulo,Engenharia Informatica,2,30,M,7.2
20263709,Pedro Tomas,Engenharia de Redes,2,30,M,16.2
20263710,Celina Ernesto,Engenharia de Redes,2,19,F,15.6
20263711,Pedro Tomas,Engenharia Telecomunicacoes,4,18,F,16.4
20263712,Rosa Fernando,Engenharia Electronica,4,23,F,19.5
20263713,Joao Alberto,Engenharia de Redes,2,17,M,7.4
20263714,Dario Miguel,Engenharia Electronica,1,21,M,17.6
20263715,Elsa Domingos,Engenharia Telecomunicacoes,1,22,F,19.1
20263716,Manuel Sergio,Engenharia Informatica,2,26,F,7.8
20263717,Pedro Tomas,Engenharia de Redes,1,18,M,7.8
20263718,Elsa Domingos,Engenharia Electronica,4,30,F,5.9
20263719,Dario Miguel,Engenharia Informatica,1,24,M,18.3
20263720,Ana Manuel,Engenharia Telecomunicacoes,1,23,F,11.7
20263721,Carlos Jose,Engenharia Electronica,1,17,M,13.7
20263722,Fatima Luis,Engenharia Telecomunicacoes,4,30,M,7.8
20263723,Sonia Armando,Engenharia de Redes,2,30,F,17.9
20263724,Rosa Fernando,Engenharia Telecomunicacoes,3,29,M,11.5
20263725,Nelson Mario,Engenharia Informatica,2,26,F,16.1
20263726,Lucia Joaquim,Engenharia Electronica,1,19,M,14.2
20263727,Samuel Ernesto,Engenharia Electronica,1,28,F,16.1
20263728,Nelson Mario,Engenharia Telecomunicacoes,4,28,F,19.9
20263729,Alberto Jaime,Engenharia Telecomunicacoes,1,19,F,17.3
20263730,Nelson Mario,Engenharia Electronica,1,21,M,5.9
20263731,Manuel Sergio,Engenharia de Redes,4,23,M,17.4
20263732,Rosa Fernando,Engenharia Telecomunicacoes,3,22,F,13.8
20263733,Sonia Armando,Engenharia Electronica,1,24,F,12.6
20263734,Dario Miguel,Engenharia de Redes,3,30,F,11.3
20263735,Alberto Jaime,Engenharia Electronica,4,30,F,7.5
20263736,Dario Miguel,Engenharia Informatica,1,26,F,13.9
20263737,Pedro Tomas,Engenharia Telecomunicacoes,1,22,M,18.2
20263738,Nelson Mario,Engenharia Informatica,3,21,F,13.8
20263739,Pedro Tomas,Engenharia Telecomunicacoes,3,20,F,8.1
20263740,Ana Manuel,Engenharia Telecomunicacoes,2,22,F,5.6
20263741,Antonio Salvador,Engenharia Electronica,3,30,F,6.7
20263742,Nelson Mario,Engenharia Electronica,3,22,F,8.4
20263743,Elsa Domingos,Engenharia Electronica,2,26,F,16.3
20263744,Nelson Mario,Engenharia Telecomunicacoes,2,21,F,10.9
20263745,Pedro Tomas,Engenharia de Redes,2,17,F,10.2
20263746,Dario Miguel,Engenharia Telecomunicacoes,1,19,M,16.3
20263747,Marta Paulo,Engenharia Telecomunicacoes,1,24,M,16.3
20263748,Elsa Domingos,Engenharia Electronica,2,17,F,7.1
20263749,Alberto Jaime,Engenharia de Redes,2,18,M,11.9
20263750,Helena Augusto,Engenharia Electronica,3,19,F,18.6
20263751,Elsa Domingos,Engenharia Telecomunicacoes,3,27,F,13.5
20263752,Rosa Fernando,Engenharia Electronica,1,26,F,7.7
20263753,Rosa Fernando,Engenharia Informatica,2,18,M,10.6
20263754,Elsa Domingos,Engenharia Telecomunicacoes,4,30,M,12.1
20263755,Celina Ernesto,Engenharia de Redes,3,23,F,18.5
20263756,Celina Ernesto,Engenharia Informatica,4,18,M,17.1
20263757,Nelson Mario,Engenharia Informatica,1,26,F,14.9
20263758,Dario Miguel,Engenharia Electronica,3,30,F,9.1
20263759,Fatima Luis,Engenharia Telecomunicacoes,1,18,M,15.4
20263760,Lucia Joaquim,Engenharia Electronica,1,22,F,9.1
20263761,Celina Ernesto,Engenharia Informatica,1,21,F,15.0
20263762,Carlos Jose,Engenharia de Redes,4,26,M,14.6
20263763,Sonia Armando,Engenharia de Redes,2,22,M,17.9
20263764,Celina Ernesto,Engenharia Informatica,2,28,M,14.4
20263765,Lucia Joaquim,Engenharia Informatica,2,28,F,9.5
20263766,Dario Miguel,Engenharia de Redes,4,17,M,12.4
20263767,Elsa Domingos,Engenharia Telecomunicacoes,2,20,F,13.8
20263768,Dario Miguel,Engenharia de Redes,3,18,M,18.1
20263769,Carlos Jose,Engenharia Telecomunicacoes,3,24,M,19.4
20263770,Sonia Armando,Engenharia Informatica,3,27,M,16.0
20263771,Teresa Carlos,Engenharia Telecomunicacoes,2,29,M,15.5
20263772,Alberto Jaime,Engenharia Telecomunicacoes,4,29,F,5.3
20263773,Teresa Carlos,Engenharia Electronica,4,24,F,14.9
20263774,Pedro Tomas,Engenharia Electronica,3,20,M,16.1
20263775,Marta Paulo,Engenharia de Redes,2,25,F,7.6
20263776,Antonio Salvador,Engenharia Informatica,1,25,F,10.3
20263777,Elsa Domingos,Engenharia Telecomunicacoes,3,24,F,13.3
20263778,Fatima Luis,Engenharia Electronica,2,27,F,6.4
20263779,Pedro Tomas,Engenharia Telecomunicacoes,2,21,F,9.3
20263780,Helena Augusto,Engenharia Telecomunicacoes,1,29,F,14.1
20263781,Manuel Sergio,Engenharia de Redes,2,30,M,5.6
20263782,Manuel Sergio,Engenharia de Redes,1,21,M,17.4
20263783,Carlos Jose,Engenharia Electronica,4,20,F,6.0
20263784,Edson Mateus,Engenharia Informatica,1,28,F,14.2
20263785,Carlos Jose,Engenharia Informatica,2,20,M,16.4
20263786,Dario Miguel,Engenharia Telecomunicacoes,2,19,M,17.5
20263787,Marta Paulo,Engenharia Informatica,2,23,F,15.4
20263788,Manuel Sergio,Engenharia Informatica,2,24,M,14.9
20263789,Lucia Joaquim,Engenharia de Redes,3,23,F,18.9
20263790,Manuel Sergio,Engenharia Informatica,4,23,F,10.9
20263791,Fatima Luis,Engenharia Electronica,1,17,M,8.4
20263792,Pedro Tomas,Engenharia Telecomunicacoes,3,23,F,11.7
20263793,Manuel Sergio,Engenharia Telecomunicacoes,2,27,F,8.1
20263794,Fatima Luis,Engenharia de Redes,1,17,M,9.2
20263795,Marta Paulo,Engenharia de Redes,3,19,F,15.7
20263796,Elsa Domingos,Engenharia Electronica,3,30,M,6.7
20263797,Fatima Luis,Engenharia de Redes,2,24,M,14.9
20263798,Elsa Domingos,Engenharia Electronica,4,23,F,11.3
20263799,Fatima Luis,Engenharia Electronica,3,19,F,17.3
20263800,Manuel Sergio,Engenharia Informatica,4,22,M,6.5
20263801,Dario Miguel,Engenharia de Redes,1,18,M,14.3
20263802,Helena Augusto,Engenharia Telecomunicacoes,2,21,F,5.6
20263803,Pedro Tomas,Engenharia Electronica,2,24,M,9.0
20263804,Sonia Armando,Engenharia Informatica,4,19,F,9.0
20263805,Manuel Sergio,Engenharia Electronica,2,25,M,13.6
20263806,Rosa Fernando,Engenharia Informatica,2,22,M,16.6
20263807,Antonio Salvador,Engenharia Telecomunicacoes,4,30,F,11.3
20263808,Helena Augusto,Engenharia Informatica,3,28,M,7.6
20263809,Teresa Carlos,Engenharia de Redes,3,18,F,19.7
20263810,Ana Manuel,Engenharia Electronica,2,25,M,14.4
20263811,Lucia Joaquim,Engenharia de Redes,3,19,F,10.9
20263812,Sonia Armando,Engenharia Telecomunicacoes,3,29,F,17.5
20263813,Carlos Jose,Engenharia Telecomunicacoes,4,25,F,8.9
20263814,Manuel Sergio,Engenharia Informatica,3,24,M,16.1
20263815,Edson Mateus,Engenharia Telecomunicacoes,4,25,M,9.1
20263816,Rosa Fernando,Engenharia Informatica,4,28,M,6.2
20263817,Rosa Fernando,Engenharia Electronica,4,21,M,17.7
20263818,Celina Ernesto,Engenharia de Redes,2,23,F,10.5
20263819,Edson Mateus,Engenharia Informatica,3,30,F,19.1
20263820,Celina Ernesto,Engenharia de Redes,4,28,F,13.7
20263821,Joao Alberto,Engenharia Informatica,3,22,F,15.5
20263822,Dario Miguel,Engenharia de Redes,1,21,F,10.5
20263823,Manuel Sergio,Engenharia Informatica,3,17,F,15.6
20263824,Rosa Fernando,Engenharia Electronica,4,26,F,8.2
20263825,Elsa Domingos,Engenharia de Redes,4,27,F,5.3
20263826,Elsa Domingos,Engenharia de Redes,1,25,F,7.7
20263827,Pedro Tomas,Engenharia de Redes,4,30,M,18.7
20263828,Sonia Armando,Engenharia Informatica,1,29,M,12.6
20263829,Teresa Carlos,Engenharia de Redes,3,20,M,15.1
20263830,Carlos Jose,Engenharia de Redes,4,29,F,13.6
20263831,Fatima Luis,Engenharia Electronica,2,28,M,19.8
20263832,Ana Manuel,Engenharia Electronica,3,30,F,17.7
20263833,Edson Mateus,Engenharia Telecomunicacoes,2,30,F,15.4
20263834,Carlos Jose,Engenharia Electronica,4,29,F,13.2
20263835,Elsa Domingos,Engenharia de Redes,1,23,M,8.1
20263836,Carlos Jose,Engenharia Informatica,4,29,F,13.7
20263837,Ana Manuel,Engenharia de Redes,2,29,F,16.5
20263838,Teresa Carlos,Engenharia Informatica,2,24,F,13.4
20263839,Manuel Sergio,Engenharia Electronica,2,29,F,12.0
20263840,Rosa Fernando,Engenharia Informatica,4,30,M,14.2
20263841,Pedro Tomas,Engenharia de Redes,3,19,F,8.1
20263842,Helena Augusto,Engenharia Telecomunicacoes,1,27,F,19.4
20263843,Edson Mateus,Engenharia Informatica,1,21,M,16.6
20263844,Samuel Ernesto,Engenharia de Redes,4,17,M,14.0
20263845,Marta Paulo,Engenharia Electronica,4,20,F,10.5
20263846,Samuel Ernesto,Engenharia Telecomunicacoes,3,20,M,14.9
20263847,Nelson Mario,Engenharia Informatica,2,29,F,12.0
20263848,Dario Miguel,Engenharia Informatica,4,24,F,10.8
20263849,Elsa Domingos,Engenharia Electronica,2,27,F,10.2
20263850,Teresa Carlos,Engenharia Informatica,1,23,M,18.2
20263851,Helena Augusto,Engenharia Telecomunicacoes,1,22,F,8.0
20263852,Rosa Fernando,Engenharia Informatica,1,24,F,19.1
20263853,Celina Ernesto,Engenharia de Redes,3,17,M,18.2
20263854,Fatima Luis,Engenharia Informatica,1,25,F,11.8
20263855,Elsa Domingos,Engenharia Telecomunicacoes,2,26,M,13.3
20263856,Edson Mateus,Engenharia Electronica,3,29,F,14.9
20263857,Ana Manuel,Engenharia de Redes,2,25,M,19.3
20263858,Pedro Tomas,Engenharia de Redes,3,18,F,11.3
20263859,Ana Manuel,Engenharia de Redes,1,28,M,17.9
20263860,Pedro Tomas,Engenharia de Redes,4,23,F,5.2
20263861,Carlos Jose,Engenharia Telecomunicacoes,1,20,F,11.8
20263862,Pedro Tomas,Engenharia de Redes,2,27,M,9.2
20263863,Fatima Luis,Engenharia Electronica,4,27,F,14.6
20263864,Lucia Joaquim,Engenharia de Redes,1,18,F,5.2
20263865,Edson Mateus,Engenharia Telecomunicacoes,3,19,M,8.2
20263866,Samuel Ernesto,Engenharia Informatica,1,19,F,11.9
20263867,Nelson Mario,Engenharia Informatica,2,25,M,13.5
20263868,Elsa Domingos,Engenharia Informatica,2,26,M,14.7
20263869,Rosa Fernando,Engenharia Informatica,2,29,M,8.6
20263870,Lucia Joaquim,Engenharia Telecomunicacoes,3,17,M,10.3
20263871,Manuel Sergio,Engenharia Electronica,1,28,M,16.8
20263872,Sonia Armando,Engenharia Informatica,2,30,M,17.4
20263873,Sonia Armando,Engenharia Telecomunicacoes,1,22,M,20.0
20263874,Nelson Mario,Engenharia Electronica,3,28,M,11.2
20263875,Fatima Luis,Engenharia Telecomunicacoes,2,23,F,10.7
20263876,Rosa Fernando,Engenharia de Redes,3,26,F,6.9
20263877,Helena Augusto,Engenharia Electronica,4,30,F,7.0
20263878,Carlos Jose,Engenharia Electronica,2,26,M,7.8
20263879,Manuel Sergio,Engenharia Telecomunicacoes,1,23,M,11.0
20263880,Rosa Fernando,Engenharia de Redes,2,20,M,10.7
20263881,Helena Augusto,Engenharia Telecomunicacoes,2,20,M,16.3
20263882,Alberto Jaime,Engenharia de Redes,4,28,M,11.8
20263883,Pedro Tomas,Engenharia Electronica,4,17,M,6.8
20263884,Sonia Armando,Engenharia Telecomunicacoes,1,25,M,18.4
20263885,Nelson Mario,Engenharia Informatica,3,20,F,19.6
20263886,Samuel Ernesto,Engenharia Informatica,2,19,M,5.1
20263887,Ana Manuel,Engenharia Informatica,3,21,F,14.8
20263888,Rosa Fernando,Engenharia de Redes,2,30,F,19.3
20263889,Edson Mateus,Engenharia Telecomunicacoes,1,30,M,16.0
20263890,Helena Augusto,Engenharia Informatica,2,21,F,5.3
20263891,Teresa Carlos,Engenharia de Redes,3,19,M,7.0
20263892,Helena Augusto,Engenharia de Redes,3,30,M,9.5
20263893,Celina Ernesto,Engenharia Electronica,1,22,F,5.8
20263894,Pedro Tomas,Engenharia Telecomunicacoes,3,30,F,5.5
20263895,Alberto Jaime,Engenharia de Redes,4,26,F,14.3
20263896,Sonia Armando,Engenharia de Redes,2,26,F,14.7
20263897,Antonio Salvador,Engenharia de Redes,2,17,F,12.1
20263898,Antonio Salvador,Engenharia Telecomunicacoes,1,24,M,11.1
20263899,Teresa Carlos,Engenharia de Redes,3,24,F,16.4
20263900,Edson Mateus,Engenharia Informatica,3,20,M,12.4
20263901,Joao Alberto,Engenharia Telecomunicacoes,3,20,F,14.8
20263902,Alberto Jaime,Engenharia Electronica,4,18,F,5.8
20263903,Alberto Jaime,Engenharia de Redes,2,27,F,6.1
20263904,Antonio Salvador,Engenharia Informatica,2,23,F,16.4
20263905,Pedro Tomas,Engenharia Informatica,2,28,M,17.5
20263906,Helena Augusto,Engenharia Informatica,2,25,M,7.9
20263907,Rosa Fernando,Engenharia Informatica,2,21,F,17.2
20263908,Edson Mateus,Engenharia Electronica,4,21,F,16.7
20263909,Alberto Jaime,Engenharia de Redes,1,24,M,18.0
20263910,Nelson Mario,Engenharia Electronica,1,17,M,11.2
20263911,Marta Paulo,Engenharia Informatica,4,27,F,19.7
20263912,Dario Miguel,Engenharia Electronica,1,24,F,19.4
20263913,Pedro Tomas,Engenharia Electronica,1,21,M,10.8
20263914,Sonia Armando,Engenharia Informatica,1,25,M,12.6
20263915,Antonio Salvador,Engenharia Electronica,1,28,F,9.8
20263916,Rosa Fernando,Engenharia Electronica,3,28,M,15.0
20263917,Nelson Mario,Engenharia Informatica,4,17,M,17.3
20263918,Ana Manuel,Engenharia Informatica,3,17,F,18.4
20263919,Ana Manuel,Engenharia Electronica,3,21,F,13.1
20263920,Ana Manuel,Engenharia Telecomunicacoes,2,19,F,17.1
20263921,Ana Manuel,Engenharia Telecomunicacoes,4,23,F,16.5
20263922,Carlos Jose,Engenharia Telecomunicacoes,3,30,M,15.3
20263923,Sonia Armando,Engenharia Informatica,4,25,F,7.3
20263924,Lucia Joaquim,Engenharia Telecomunicacoes,3,18,M,9.2
20263925,Manuel Sergio,Engenharia Telecomunicacoes,2,28,F,10.1
20263926,Manuel Sergio,Engenharia Telecomunicacoes,2,17,F,14.1
20263927,Rosa Fernando,Engenharia Electronica,3,30,F,12.5
20263928,Teresa Carlos,Engenharia Informatica,4,24,F,12.6
20263929,Samuel Ernesto,Engenharia de Redes,1,26,F,5.6
20263930,Joao Alberto,Engenharia Informatica,3,30,F,6.2
20263931,Fatima Luis,Engenharia Telecomunicacoes,4,23,F,6.4
20263932,Dario Miguel,Engenharia Electronica,3,25,F,10.1
20263933,Elsa Domingos,Engenharia Telecomunicacoes,2,27,F,6.7
20263934,Elsa Domingos,Engenharia Informatica,3,24,F,7.2
20263935,Lucia Joaquim,Engenharia Telecomunicacoes,4,27,F,12.1
20263936,Sonia Armando,Engenharia Electronica,3,21,M,15.9
20263937,Carlos Jose,Engenharia Telecomunicacoes,2,18,M,16.3
20263938,Edson Mateus,Engenharia de Redes,1,30,M,15.9
20263939,Helena Augusto,Engenharia Electronica,4,29,M,17.1
20263940,Manuel Sergio,Engenharia Telecomunicacoes,4,19,F,9.9
20263941,Helena Augusto,Engenharia de Redes,1,22,F,19.6
20263942,Celina Ernesto,Engenharia de Redes,1,28,M,5.2
20263943,Antonio Salvador,Engenharia de Redes,4,17,F,18.6
20263944,Teresa Carlos,Engenharia de Redes,1,22,F,10.9
20263945,Carlos Jose,Engenharia de Redes,4,20,M,17.4
20263946,Antonio Salvador,Engenharia Informatica,2,28,F,14.7
20263947,Manuel Sergio,Engenharia Electronica,1,26,F,5.2
20263948,Fatima Luis,Engenharia Informatica,1,19,F,17.1
20263949,Nelson Mario,Engenharia Informatica,2,22,F,5.3
20263950,Sonia Armando,Engenharia Electronica,2,28,F,16.5
20263951,Rosa Fernando,Engenharia Electronica,4,28,M,8.5
20263952,Joao Alberto,Engenharia Telecomunicacoes,4,17,F,14.3
20263953,Dario Miguel,Engenharia de Redes,1,19,M,10.2
20263954,Alberto Jaime,Engenharia Electronica,3,21,M,19.7
20263955,Helena Augusto,Engenharia Telecomunicacoes,1,22,M,16.2
20263956,Samuel Ernesto,Engenharia Electronica,3,22,F,12.7
20263957,Joao Alberto,Engenharia Informatica,1,28,M,10.2
20263958,Antonio Salvador,Engenharia Telecomunicacoes,3,30,M,16.4
20263959,Elsa Domingos,Engenharia de Redes,2,30,F,14.0
20263960,Antonio Salvador,Engenharia Telecomunicacoes,1,24,M,5.8
20263961,Manuel Sergio,Engenharia de Redes,1,20,M,6.5
20263962,Manuel Sergio,Engenharia Telecomunicacoes,3,25,M,5.5
20263963,Ana Manuel,Engenharia Electronica,4,30,F,16.4
20263964,Elsa Domingos,Engenharia Informatica,2,20,M,17.0
20263965,Marta Paulo,Engenharia Electronica,3,17,F,10.6
20263966,Fatima Luis,Engenharia Informatica,1,24,F,15.2
20263967,Marta Paulo,Engenharia de Redes,4,29,F,9.7
20263968,Carlos Jose,Engenharia Electronica,4,26,F,10.6
20263969,Pedro Tomas,Engenharia Electronica,3,18,F,8.7
20263970,Lucia Joaquim,Engenharia Electronica,4,26,M,5.8
20263971,Elsa Domingos,Engenharia Electronica,3,20,F,15.2
20263972,Lucia Joaquim,Engenharia de Redes,1,22,M,6.8
20263973,Marta Paulo,Engenharia de Redes,4,28,M,17.7
20263974,Elsa Domingos,Engenharia Telecomunicacoes,4,22,M,18.3
20263975,Dario Miguel,Engenharia Telecomunicacoes,2,22,M,9.0
20263976,Dario Miguel,Engenharia de Redes,4,25,F,10.6
20263977,Rosa Fernando,Engenharia Informatica,2,20,M,17.7
20263978,Marta Paulo,Engenharia Electronica,2,30,F,17.1
20263979,Joao Alberto,Engenharia Telecomunicacoes,2,17,M,11.5
20263980,Nelson Mario,Engenharia Telecomunicacoes,2,30,F,15.4
20263981,Samuel Ernesto,Engenharia de Redes,2,29,F,8.2
20263982,Elsa Domingos,Engenharia Electronica,3,17,F,18.0
20263983,Celina Ernesto,Engenharia Electronica,2,29,F,17.2
20263984,Rosa Fernando,Engenharia de Redes,2,21,F,11.6
20263985,Nelson Mario,Engenharia Telecomunicacoes,2,28,M,14.8
20263986,Carlos Jose,Engenharia Telecomunicacoes,2,27,F,5.3
20263987,Joao Alberto,Engenharia Electronica,1,18,M,14.3
20263988,Nelson Mario,Engenharia Telecomunicacoes,3,21,F,8.2
20263989,Edson Mateus,Engenharia de Redes,1,26,F,18.3
20263990,Ana Manuel,Engenharia de Redes,3,30,M,17.9
20263991,Lucia Joaquim,Engenharia Electronica,3,19,M,5.9
20263992,Rosa Fernando,Engenharia Electronica,4,26,F,8.0
20263993,Nelson Mario,Engenharia Informatica,1,17,M,16.8
20263994,Nelson Mario,Engenharia Telecomunicacoes,2,19,M,19.9
20263995,Celina Ernesto,Engenharia Telecomunicacoes,4,24,M,12.0
20263996,Fatima Luis,Engenharia Informatica,4,28,F,19.3
20263997,Elsa Domingos,Engenharia Electronica,4,17,M,5.1
20263998,Dario Miguel,Engenharia Electronica,1,20,M,17.0
20263999,Lucia Joaquim,Engenharia Electronica,2,26,M,7.0
20264000,Edson Mateus,Engenharia Informatica,1,27,M,16.9
20264001,Edson Mateus,Engenharia Informatica,2,24,M,5.3
20264002,Manuel Sergio,Engenharia de Redes,3,25,F,11.4
20264003,Manuel Sergio,Engenharia Telecomunicacoes,3,26,F,17.6
20264004,Manuel Sergio,Engenharia Telecomunicacoes,1,30,F,8.7
20264005,Elsa Domingos,Engenharia Telecomunicacoes,3,27,M,18.2
20264006,Sonia Armando,Engenharia de Redes,1,21,M,9.0
20264007,Samuel Ernesto,Engenharia de Redes,2,18,F,19.7
20264008,Helena Augusto,Engenharia de Redes,3,30,F,8.9
20264009,Teresa Carlos,Engenharia de Redes,1,26,M,17.2
20264010,Ana Manuel,Engenharia Electronica,2,19,M,16.6
20264011,Manuel Sergio,Engenharia Electronica,2,19,F,16.2
20264012,Helena Augusto,Engenharia Electronica,4,18,F,6.5
20264013,Dario Miguel,Engenharia Informatica,1,22,M,13.4
20264014,Lucia Joaquim,Engenharia Telecomunicacoes,3,17,F,15.5
20264015,Pedro Tomas,Engenharia de Redes,4,28,F,7.1
20264016,Fatima Luis,Engenharia Electronica,4,21,F,17.4
20264017,Pedro Tomas,Engenharia Electronica,4,28,M,16.2
20264018,Alberto Jaime,Engenharia Informatica,2,19,F,11.8
20264019,Dario Miguel,Engenharia de Redes,1,22,M,6.0
20264020,Teresa Carlos,Engenharia Informatica,4,28,F,19.8
20264021,Fatima Luis,Engenharia Electronica,3,23,M,12.0
20264022,Helena Augusto,Engenharia Electronica,4,17,M,12.7
20264023,Rosa Fernando,Engenharia Electronica,4,20,F,19.6
20264024,Samuel Ernesto,Engenharia de Redes,2,20,M,17.1
20264025,Carlos Jose,Engenharia Informatica,2,23,F,10.8
20264026,Celina Ernesto,Engenharia Informatica,1,23,M,10.3
20264027,Lucia Joaquim,Engenharia de Redes,4,21,M,12.5
20264028,Teresa Carlos,Engenharia de Redes,3,22,M,18.3
20264029,Antonio Salvador,Engenharia Informatica,2,21,M,11.5
20264030,Ana Manuel,Engenharia Informatica,1,23,M,10.1
20264031,Manuel Sergio,Engenharia Telecomunicacoes,3,27,F,10.4
20264032,Manuel Sergio,Engenharia de Redes,3,21,M,6.6
20264033,Pedro Tomas,Engenharia Electronica,3,21,F,16.5
20264034,Helena Augusto,Engenharia de Redes,3,17,F,17.0
20264035,Fatima Luis,Engenharia Telecomunicacoes,4,25,M,5.3
20264036,Nelson Mario,Engenharia Electronica,4,30,F,16.0
20264037,Rosa Fernando,Engenharia Informatica,2,23,F,5.7
20264038,Samuel Ernesto,Engenharia Electronica,3,19,F,12.7
20264039,Manuel Sergio,Engenharia Informatica,2,17,M,16.0
20264040,Dario Miguel,Engenharia Telecomunicacoes,1,26,M,16.2
20264041,Fatima Luis,Engenharia Electronica,1,26,M,14.6
20264042,Samuel Ernesto,Engenharia de Redes,4,30,M,7.0
20264043,Sonia Armando,Engenharia Electronica,2,25,M,6.6
20264044,Antonio Salvador,Engenharia de Redes,3,25,F,9.5
20264045,Carlos Jose,Engenharia de Redes,2,22,M,16.3
20264046,Alberto Jaime,Engenharia Electronica,1,26,M,12.5
20264047,Nelson Mario,Engenharia Electronica,1,22,F,7.1
20264048,Manuel Sergio,Engenharia Informatica,2,28,M,9.1
20264049,Carlos Jose,Engenharia Telecomunicacoes,1,22,F,10.0
20264050,Sonia Armando,Engenharia Informatica,4,20,M,7.3
20264051,Nelson Mario,Engenharia Informatica,4,27,M,12.1
20264052,Dario Miguel,Engenharia de Redes,4,22,M,19.3
20264053,Joao Alberto,Engenharia Electronica,1,25,M,16.1
20264054,Teresa Carlos,Engenharia Telecomunicacoes,2,17,F,17.6
20264055,Lucia Joaquim,Engenharia de Redes,3,18,M,7.4
20264056,Nelson Mario,Engenharia Telecomunicacoes,4,17,M,15.8
20264057,Elsa Domingos,Engenharia Electronica,2,24,M,17.6
20264058,Edson Mateus,Engenharia Telecomunicacoes,1,30,M,7.9
20264059,Ana Manuel,Engenharia de Redes,4,19,F,14.9
20264060,Marta Paulo,Engenharia Electronica,1,29,F,12.0
20264061,Teresa Carlos,Engenharia Telecomunicacoes,3,29,F,18.3
20264062,Antonio Salvador,Engenharia Electronica,3,23,F,19.0
20264063,Celina Ernesto,Engenharia Telecomunicacoes,2,24,F,8.3
20264064,Alberto Jaime,Engenharia Informatica,4,26,F,19.7
20264065,Pedro Tomas,Engenharia Telecomunicacoes,4,27,F,5.5
20264066,Manuel Sergio,Engenharia Electronica,3,30,M,5.8
20264067,Dario Miguel,Engenharia Electronica,4,24,M,15.5
20264068,Marta Paulo,Engenharia de Redes,4,24,M,9.7
20264069,Helena Augusto,Engenharia Informatica,1,30,M,16.2
20264070,Rosa Fernando,Engenharia Informatica,3,26,F,9.8
20264071,Samuel Ernesto,Engenharia Informatica,3,22,M,7.5
20264072,Dario Miguel,Engenharia Telecomunicacoes,3,25,M,11.2
20264073,Teresa Carlos,Engenharia Informatica,2,17,M,11.0
20264074,Celina Ernesto,Engenharia Telecomunicacoes,4,27,F,7.7
20264075,Samuel Ernesto,Engenharia Informatica,3,28,F,13.2
20264076,Dario Miguel,Engenharia Informatica,2,26,M,17.7
20264077,Joao Alberto,Engenharia Telecomunicacoes,1,27,M,5.1
20264078,Elsa Domingos,Engenharia de Redes,1,30,F,5.7
20264079,Helena Augusto,Engenharia Telecomunicacoes,2,24,F,13.8
20264080,Celina Ernesto,Engenharia de Redes,2,20,M,18.6
20264081,Teresa Carlos,Engenharia de Redes,3,26,M,18.8
20264082,Nelson Mario,Engenharia Electronica,1,23,M,9.9
20264083,Teresa Carlos,Engenharia de Redes,2,20,M,10.3
20264084,Rosa Fernando,Engenharia Informatica,4,24,F,16.1
20264085,Pedro Tomas,Engenharia Telecomunicacoes,1,22,M,10.1
20264086,Carlos Jose,Engenharia Electronica,4,27,F,10.4
20264087,Marta Paulo,Engenharia de Redes,2,25,M,15.7
20264088,Sonia Armando,Engenharia Electronica,1,21,M,19.7
20264089,Dario Miguel,Engenharia Telecomunicacoes,1,18,M,6.0
20264090,Alberto Jaime,Engenharia Informatica,1,29,F,19.0
20264091,Lucia Joaquim,Engenharia Informatica,2,23,M,6.7
20264092,Elsa Domingos,Engenharia Informatica,1,26,M,18.2
20264093,Rosa Fernando,Engenharia de Redes,1,30,F,8.5
20264094,Edson Mateus,Engenharia Electronica,3,23,M,9.0
20264095,Alberto Jaime,Engenharia Electronica,1,29,F,17.3
20264096,Manuel Sergio,Engenharia de Redes,3,30,F,6.0
20264097,Fatima Luis,Engenharia Telecomunicacoes,3,24,F,16.4
20264098,Teresa Carlos,Engenharia Telecomunicacoes,1,22,M,10.5
20264099,Pedro Tomas,Engenharia Telecomunicacoes,4,20,F,12.6
20264100,Dario Miguel,Engenharia Telecomunicacoes,1,19,F,10.0
20264101,Antonio Salvador,Engenharia Electronica,2,30,F,8.4
20264102,Edson Mateus,Engenharia Informatica,4,30,M,6.0
20264103,Antonio Salvador,Engenharia Electronica,2,26,M,17.0
20264104,Ana Manuel,Engenharia de Redes,2,21,M,16.9
20264105,Alberto Jaime,Engenharia Electronica,4,19,F,10.2
20264106,Helena Augusto,Engenharia Electronica,3,27,F,18.8
20264107,Alberto Jaime,Engenharia Electronica,1,23,F,11.6
20264108,Lucia Joaquim,Engenharia Informatica,2,19,F,12.7
20264109,Joao Alberto,Engenharia de Redes,1,27,M,18.4
20264110,Joao Alberto,Engenharia Telecomunicacoes,3,30,M,15.0
20264111,Elsa Domingos,Engenharia Informatica,3,30,F,15.4
20264112,Rosa Fernando,Engenharia Electronica,1,28,F,13.9
20264113,Celina Ernesto,Engenharia de Redes,3,27,F,19.6
20264114,Ana Manuel,Engenharia Telecomunicacoes,4,30,M,19.5
20264115,Ana Manuel,Engenharia de Redes,2,18,F,11.2
20264116,Rosa Fernando,Engenharia de Redes,1,26,M,19.8
20264117,Manuel Sergio,Engenharia de Redes,1,17,F,20.0
20264118,Elsa Domingos,Engenharia Telecomunicacoes,3,19,F,7.0
20264119,Celina Ernesto,Engenharia Telecomunicacoes,2,21,F,6.1
20264120,Fatima Luis,Engenharia de Redes,4,25,F,18.4
20264121,Alberto Jaime,Engenharia Electronica,1,18,M,18.0
20264122,Samuel Ernesto,Engenharia Informatica,3,19,M,9.1
20264123,Elsa Domingos,Engenharia Informatica,3,21,F,14.3
20264124,Fatima Luis,Engenharia Telecomunicacoes,3,18,M,9.6
20264125,Elsa Domingos,Engenharia Electronica,4,21,F,18.0
20264126,Elsa Domingos,Engenharia Informatica,1,25,M,8.7
20264127,Celina Ernesto,Engenharia de Redes,2,18,M,16.0
20264128,Elsa Domingos,Engenharia Electronica,3,26,F,14.6
20264129,Alberto Jaime,Engenharia de Redes,4,30,M,17.2
20264130,Edson Mateus,Engenharia Informatica,1,20,M,5.0
20264131,Pedro Tomas,Engenharia Electronica,3,18,F,17.5
20264132,Sonia Armando,Engenharia Electronica,3,25,M,12.2
20264133,Pedro Tomas,Engenharia Telecomunicacoes,1,21,M,16.3
20264134,Nelson Mario,Engenharia Informatica,3,22,M,10.7
20264135,Marta Paulo,Engenharia Electronica,4,21,F,7.2
20264136,Marta Paulo,Engenharia Informatica,3,28,M,12.9
20264137,Rosa Fernando,Engenharia Electronica,2,18,F,18.1
20264138,Ana Manuel,Engenharia Electronica,1,26,M,9.3
20264139,Rosa Fernando,Engenharia de Redes,4,23,F,12.7
20264140,Carlos Jose,Engenharia Electronica,1,17,F,15.8
20264141,Dario Miguel,Engenharia de Redes,2,18,M,8.1
20264142,Marta Paulo,Engenharia Electronica,1,18,M,8.4
20264143,Alberto Jaime,Engenharia de Redes,2,27,F,19.2
20264144,Ana Manuel,Engenharia de Redes,1,25,M,6.5
20264145,Samuel Ernesto,Engenharia de Redes,3,23,M,6.9
20264146,Rosa Fernando,Engenharia Informatica,4,27,F,7.1
20264147,Manuel Sergio,Engenharia Telecomunicacoes,2,29,F,10.6
20264148,Sonia Armando,Engenharia Telecomunicacoes,2,17,M,5.5
20264149,Pedro Tomas,Engenharia Telecomunicacoes,1,19,M,18.1
20264150,Lucia Joaquim,Engenharia Informatica,3,30,F,7.5
20264151,Joao Alberto,Engenharia Informatica,3,29,F,5.4
20264152,Manuel Sergio,Engenharia de Redes,1,18,M,6.1
20264153,Lucia Joaquim,Engenharia Telecomunicacoes,1,18,M,11.4
20264154,Nelson Mario,Engenharia Telecomunicacoes,2,19,F,17.8
20264155,Sonia Armando,Engenharia Informatica,1,22,F,18.0
20264156,Helena Augusto,Engenharia Telecomunicacoes,2,27,F,5.7
20264157,Elsa Domingos,Engenharia Telecomunicacoes,1,18,F,17.8
20264158,Joao Alberto,Engenharia Telecomunicacoes,3,25,M,8.1
20264159,Helena Augusto,Engenharia Informatica,2,20,F,10.5
20264160,Teresa Carlos,Engenharia de Redes,1,29,F,7.4
20264161,Samuel Ernesto,Engenharia Electronica,3,30,M,15.2
20264162,Lucia Joaquim,Engenharia Telecomunicacoes,2,21,F,12.5
20264163,Edson Mateus,Engenharia Electronica,4,23,F,7.6
20264164,Helena Augusto,Engenharia de Redes,4,20,M,7.6
20264165,Carlos Jose,Engenharia Electronica,2,23,M,14.5
20264166,Alberto Jaime,Engenharia Telecomunicacoes,3,27,M,7.7
20264167,Alberto Jaime,Engenharia Telecomunicacoes,3,23,F,10.0
20264168,Pedro Tomas,Engenharia de Redes,4,22,M,13.4
20264169,Marta Paulo,Engenharia Electronica,4,29,M,19.4
20264170,Antonio Salvador,Engenharia Telecomunicacoes,1,26,M,11.2
20264171,Joao Alberto,Engenharia Electronica,4,29,M,8.3
20264172,Elsa Domingos,Engenharia Electronica,2,21,M,16.7
20264173,Sonia Armando,Engenharia de Redes,4,28,M,15.0
20264174,Lucia Joaquim,Engenharia Telecomunicacoes,4,19,M,16.2
20264175,Celina Ernesto,Engenharia Electronica,2,28,M,12.4
20264176,Helena Augusto,Engenharia Telecomunicacoes,3,18,M,12.1
20264177,Pedro Tomas,Engenharia de Redes,4,20,F,9.9
20264178,Fatima Luis,Engenharia Electronica,4,25,M,12.5
20264179,Manuel Sergio,Engenharia Telecomunicacoes,1,23,F,10.9
20264180,Dario Miguel,Engenharia Telecomunicacoes,3,26,M,13.9
20264181,Nelson Mario,Engenharia Informatica,4,18,M,17.9
20264182,Teresa Carlos,Engenharia Informatica,1,23,F,15.4
20264183,Marta Paulo,Engenharia Informatica,2,17,M,17.1
20264184,Alberto Jaime,Engenharia Telecomunicacoes,4,17,M,15.4
20264185,Ana Manuel,Engenharia Informatica,3,25,M,17.2
20264186,Dario Miguel,Engenharia Informatica,2,23,M,13.6
20264187,Joao Alberto,Engenharia Telecomunicacoes,1,21,M,16.8
20264188,Helena Augusto,Engenharia Electronica,4,23,F,9.8
20264189,Sonia Armando,Engenharia Telecomunicacoes,2,23,M,10.2
20264190,Elsa Domingos,Engenharia Telecomunicacoes,2,26,F,11.9
20264191,Helena Augusto,Engenharia Electronica,1,20,M,17.3
20264192,Sonia Armando,Engenharia Informatica,1,19,M,15.5
20264193,Elsa Domingos,Engenharia Electronica,4,18,M,11.8
20264194,Ana Manuel,Engenharia de Redes,2,20,M,8.3
20264195,Joao Alberto,Engenharia Informatica,1,23,F,7.5
20264196,Helena Augusto,Engenharia Informatica,1,23,F,13.5
20264197,Sonia Armando,Engenharia Informatica,1,20,F,8.5
20264198,Sonia Armando,Engenharia Telecomunicacoes,4,27,M,17.5
20264199,Fatima Luis,Engenharia Electronica,1,21,F,17.4
20264200,Dario Miguel,Engenharia Electronica,1,28,F,19.3
20264201,Manuel Sergio,Engenharia de Redes,2,17,F,19.9
20264202,Dario Miguel,Engenharia Informatica,1,23,F,19.6
20264203,Helena Augusto,Engenharia Informatica,1,17,M,14.8
20264204,Pedro Tomas,Engenharia Informatica,2,25,M,17.8
20264205,Joao Alberto,Engenharia de Redes,1,28,F,18.1
20264206,Samuel Ernesto,Engenharia Informatica,2,21,F,6.8
20264207,Fatima Luis,Engenharia Electronica,3,21,M,18.3
20264208,Carlos Jose,Engenharia Telecomunicacoes,3,20,F,11.4
20264209,Alberto Jaime,Engenharia Informatica,4,30,F,8.1
20264210,Dario Miguel,Engenharia de Redes,1,18,M,16.8
20264211,Joao Alberto,Engenharia Informatica,4,18,F,18.2
20264212,Joao Alberto,Engenharia Electronica,1,19,M,18.6
20264213,Ana Manuel,Engenharia Telecomunicacoes,1,21,F,6.8
20264214,Dario Miguel,Engenharia de Redes,3,22,F,18.6
20264215,Marta Paulo,Engenharia Telecomunicacoes,4,24,M,12.4
20264216,Edson Mateus,Engenharia de Redes,2,26,F,8.6
20264217,Marta Paulo,Engenharia Informatica,4,21,F,14.9
20264218,Elsa Domingos,Engenharia Informatica,3,19,F,14.6
20264219,Joao Alberto,Engenharia Electronica,3,17,F,15.6
20264220,Marta Paulo,Engenharia Electronica,2,22,F,11.2
20264221,Manuel Sergio,Engenharia Telecomunicacoes,4,18,M,13.2
20264222,Antonio Salvador,Engenharia Electronica,2,22,F,16.4
20264223,Alberto Jaime,Engenharia Electronica,1,17,F,14.5
20264224,Edson Mateus,Engenharia de Redes,1,28,M,13.8
20264225,Samuel Ernesto,Engenharia Electronica,3,23,M,14.1
20264226,Teresa Carlos,Engenharia Telecomunicacoes,1,17,M,6.6
20264227,Lucia Joaquim,Engenharia de Redes,4,22,M,8.1
20264228,Antonio Salvador,Engenharia Electronica,2,30,F,11.7
20264229,Marta Paulo,Engenharia de Redes,2,23,M,7.0
20264230,Antonio Salvador,Engenharia de Redes,3,17,M,10.7
20264231,Ana Manuel,Engenharia de Redes,1,27,F,6.2
20264232,Sonia Armando,Engenharia Informatica,2,17,M,12.6
20264233,Manuel Sergio,Engenharia Telecomunicacoes,3,17,M,16.7
20264234,Joao Alberto,Engenharia Informatica,1,27,M,11.1
20264235,Samuel Ernesto,Engenharia Informatica,3,29,F,12.3
20264236,Dario Miguel,Engenharia Telecomunicacoes,1,24,M,7.5
20264237,Teresa Carlos,Engenharia Informatica,1,22,F,7.1
20264238,Celina Ernesto,Engenharia Telecomunicacoes,2,19,F,9.3
20264239,Dario Miguel,Engenharia Electronica,4,22,F,12.9
20264240,Antonio Salvador,Engenharia Electronica,1,17,M,6.4
20264241,Dario Miguel,Engenharia Electronica,4,26,F,8.4
20264242,Joao Alberto,Engenharia Informatica,2,22,F,17.4
20264243,Lucia Joaquim,Engenharia Telecomunicacoes,3,29,M,18.9
20264244,Pedro Tomas,Engenharia Telecomunicacoes,1,29,M,9.3
20264245,Antonio Salvador,Engenharia de Redes,1,26,M,12.9
20264246,Ana Manuel,Engenharia Telecomunicacoes,1,30,F,5.4
20264247,Edson Mateus,Engenharia Informatica,3,30,M,8.6
20264248,Marta Paulo,Engenharia Electronica,2,29,F,18.9
20264249,Sonia Armando,Engenharia Electronica,4,25,M,17.0
20264250,Edson Mateus,Engenharia Telecomunicacoes,1,19,F,14.6
20264251,Dario Miguel,Engenharia Telecomunicacoes,1,23,F,16.3
20264252,Alberto Jaime,Engenharia Informatica,2,24,F,15.0
20264253,Joao Alberto,Engenharia Telecomunicacoes,4,21,F,17.3
20264254,Elsa Domingos,Engenharia Informatica,3,30,M,13.3
20264255,Antonio Salvador,Engenharia de Redes,3,26,M,15.5
20264256,Ana Manuel,Engenharia Electronica,2,26,F,17.5
20264257,Samuel Ernesto,Engenharia de Redes,1,28,M,10.4
20264258,Celina Ernesto,Engenharia de Redes,1,23,F,15.9
20264259,Elsa Domingos,Engenharia Electronica,4,24,F,8.5
20264260,Sonia Armando,Engenharia Electronica,4,17,F,11.0
20264261,Celina Ernesto,Engenharia de Redes,4,18,F,11.3
20264262,Dario Miguel,Engenharia Informatica,3,26,F,7.1
20264263,Nelson Mario,Engenharia Informatica,3,20,M,15.8
20264264,Samuel Ernesto,Engenharia Telecomunicacoes,4,21,M,9.5
20264265,Alberto Jaime,Engenharia Telecomunicacoes,3,29,F,13.0
20264266,Pedro Tomas,Engenharia Telecomunicacoes,2,21,F,8.2
20264267,Teresa Carlos,Engenharia Informatica,1,21,F,11.8
20264268,Celina Ernesto,Engenharia Electronica,1,28,M,10.1
20264269,Elsa Domingos,Engenharia Informatica,3,25,M,9.7
20264270,Edson Mateus,Engenharia Informatica,4,19,M,13.4
20264271,Elsa Domingos,Engenharia Informatica,2,21,F,10.5
20264272,Carlos Jose,Engenharia Telecomunicacoes,2,20,F,14.3
20264273,Lucia Joaquim,Engenharia Electronica,3,19,F,17.7
20264274,Lucia Joaquim,Engenharia Telecomunicacoes,4,20,F,9.2
20264275,Celina Ernesto,Engenharia de Redes,4,19,F,11.6
20264276,Joao Alberto,Engenharia de Redes,3,19,F,17.4
20264277,Ana Manuel,Engenharia Electronica,1,23,M,13.1
20264278,Pedro Tomas,Engenharia Informatica,3,27,F,13.9
20264279,Elsa Domingos,Engenharia de Redes,2,24,F,10.9
20264280,Celina Ernesto,Engenharia Electronica,1,20,F,17.6
20264281,Helena Augusto,Engenharia Telecomunicacoes,1,21,M,5.1
20264282,Celina Ernesto,Engenharia Informatica,4,18,F,6.6
20264283,Nelson Mario,Engenharia Telecomunicacoes,2,22,F,12.3
20264284,Alberto Jaime,Engenharia Informatica,1,17,F,14.7
20264285,Pedro Tomas,Engenharia Electronica,4,18,M,7.2
20264286,Lucia Joaquim,Engenharia de Redes,3,28,M,6.0
20264287,Antonio Salvador,Engenharia Electronica,3,17,M,13.7
20264288,Samuel Ernesto,Engenharia Telecomunicacoes,2,17,M,16.9
20264289,Antonio Salvador,Engenharia Telecomunicacoes,2,28,F,6.2
20264290,Elsa Domingos,Engenharia de Redes,4,29,F,9.3
20264291,Elsa Domingos,Engenharia Electronica,4,28,M,17.6
20264292,Rosa Fernando,Engenharia Informatica,1,26,M,19.2
20264293,Antonio Salvador,Engenharia Telecomunicacoes,1,18,M,19.6
20264294,Manuel Sergio,Engenharia de Redes,4,22,F,10.2
20264295,Alberto Jaime,Engenharia de Redes,1,19,F,16.8
20264296,Pedro Tomas,Engenharia Informatica,3,24,F,11.1
20264297,Marta Paulo,Engenharia Informatica,2,19,F,6.0
20264298,Joao Alberto,Engenharia de Redes,4,27,M,5.4
20264299,Alberto Jaime,Engenharia de Redes,2,22,F,7.0
20264300,Fatima Luis,Engenharia de Redes,1,25,M,13.8
20264301,Marta Paulo,Engenharia Telecomunicacoes,4,30,M,14.7
20264302,Antonio Salvador,Engenharia de Redes,2,24,F,6.2
20264303,Celina Ernesto,Engenharia Electronica,2,17,F,5.4
20264304,Nelson Mario,Engenharia de Redes,3,29,F,13.5
20264305,Dario Miguel,Engenharia Telecomunicacoes,2,28,F,8.1
20264306,Sonia Armando,Engenharia de Redes,3,26,M,10.7
20264307,Fatima Luis,Engenharia Telecomunicacoes,4,29,M,6.5
20264308,Dario Miguel,Engenharia Telecomunicacoes,4,23,M,13.6
20264309,Lucia Joaquim,Engenharia Telecomunicacoes,2,17,F,6.5
20264310,Sonia Armando,Engenharia Informatica,4,29,M,7.5
20264311,Manuel Sergio,Engenharia de Redes,3,19,M,11.7
20264312,Nelson Mario,Engenharia Electronica,1,29,F,12.3
20264313,Sonia Armando,Engenharia Electronica,3,20,F,12.3
20264314,Antonio Salvador,Engenharia de Redes,3,29,M,14.2
20264315,Manuel Sergio,Engenharia Electronica,4,25,M,13.8
20264316,Pedro Tomas,Engenharia Telecomunicacoes,3,30,M,15.6
20264317,Joao Alberto,Engenharia Informatica,3,23,F,9.7
20264318,Manuel Sergio,Engenharia Telecomunicacoes,4,22,M,13.0
20264319,Lucia Joaquim,Engenharia Informatica,2,30,F,18.0
20264320,Celina Ernesto,Engenharia de Redes,4,28,M,7.7
20264321,Nelson Mario,Engenharia Electronica,1,26,M,13.8
20264322,Fatima Luis,Engenharia Electronica,3,30,F,6.1
20264323,Helena Augusto,Engenharia Informatica,3,23,M,18.5
20264324,Pedro Tomas,Engenharia Telecomunicacoes,2,21,M,11.9
20264325,Ana Manuel,Engenharia Electronica,3,24,M,17.9
20264326,Celina Ernesto,Engenharia Electronica,1,30,M,15.5
20264327,Carlos Jose,Engenharia de Redes,1,20,F,14.7
20264328,Teresa Carlos,Engenharia Telecomunicacoes,1,21,M,13.3
20264329,Celina Ernesto,Engenharia Telecomunicacoes,2,24,F,15.4
20264330,Helena Augusto,Engenharia Electronica,3,18,M,12.3
20264331,Rosa Fernando,Engenharia Informatica,4,20,M,14.5
20264332,Celina Ernesto,Engenharia de Redes,2,17,F,6.0
20264333,Celina Ernesto,Engenharia Telecomunicacoes,1,30,F,18.4
20264334,Teresa Carlos,Engenharia Electronica,3,19,M,17.3
20264335,Dario Miguel,Engenharia Telecomunicacoes,2,29,F,11.3
20264336,Rosa Fernando,Engenharia de Redes,1,29,F,19.1
20264337,Dario Miguel,Engenharia de Redes,4,28,F,15.5
20264338,Elsa Domingos,Engenharia Informatica,3,27,M,14.1
20264339,Edson Mateus,Engenharia de Redes,2,17,M,18.8
20264340,Sonia Armando,Engenharia Informatica,1,30,F,7.2
20264341,Samuel Ernesto,Engenharia Electronica,1,26,F,10.6
20264342,Ana Manuel,Engenharia Informatica,1,22,M,10.9
20264343,Alberto Jaime,Engenharia Electronica,1,25,F,8.3
20264344,Teresa Carlos,Engenharia Informatica,3,21,F,5.9
20264345,Carlos Jose,Engenharia Electronica,2,18,M,11.1
20264346,Teresa Carlos,Engenharia Electronica,1,27,F,17.5
20264347,Fatima Luis,Engenharia Informatica,3,25,F,12.2
20264348,Rosa Fernando,Engenharia Electronica,3,25,F,8.0
20264349,Samuel Ernesto,Engenharia Informatica,1,23,M,10.7
20264350,Rosa Fernando,Engenharia Informatica,4,30,M,13.2
20264351,Carlos Jose,Engenharia Informatica,1,19,M,16.9
20264352,Joao Alberto,Engenharia de Redes,2,24,F,11.5
20264353,Joao Alberto,Engenharia Electronica,4,23,M,6.7
20264354,Helena Augusto,Engenharia de Redes,4,24,M,13.7
20264355,Teresa Carlos,Engenharia Telecomunicacoes,2,19,M,6.0
20264356,Carlos Jose,Engenharia Electronica,1,22,F,10.6
20264357,Sonia Armando,Engenharia Electronica,1,26,M,11.3
20264358,Rosa Fernando,Engenharia Telecomunicacoes,3,20,M,19.3
20264359,Nelson Mario,Engenharia Telecomunicacoes,3,19,M,11.0
20264360,Celina Ernesto,Engenharia Informatica,4,29,M,10.0
20264361,Carlos Jose,Engenharia Informatica,3,25,M,18.9
20264362,Manuel Sergio,Engenharia de Redes,2,17,F,5.1
20264363,Teresa Carlos,Engenharia Electronica,2,19,M,7.7
20264364,Elsa Domingos,Engenharia de Redes,2,21,M,6.0
20264365,Antonio Salvador,Engenharia Informatica,2,22,F,18.1
20264366,Antonio Salvador,Engenharia Electronica,4,18,F,5.1
20264367,Dario Miguel,Engenharia de Redes,2,17,M,6.9
20264368,Ana Manuel,Engenharia de Redes,2,25,F,19.3
20264369,Alberto Jaime,Engenharia de Redes,4,28,F,6.8
20264370,Teresa Carlos,Engenharia Electronica,2,22,F,15.4
20264371,Alberto Jaime,Engenharia de Redes,2,17,F,5.1
20264372,Marta Paulo,Engenharia Telecomunicacoes,1,17,F,15.7
20264373,Sonia Armando,Engenharia Telecomunicacoes,2,21,M,12.3
20264374,Carlos Jose,Engenharia Electronica,4,30,M,19.8
20264375,Joao Alberto,Engenharia de Redes,1,27,M,6.6
20264376,Antonio Salvador,Engenharia de Redes,3,29,M,11.0
20264377,Rosa Fernando,Engenharia de Redes,3,17,M,12.9
20264378,Nelson Mario,Engenharia Telecomunicacoes,3,29,M,5.2
20264379,Samuel Ernesto,Engenharia Electronica,2,19,M,19.2
20264380,Elsa Domingos,Engenharia Electronica,2,29,M,14.4
20264381,Pedro Tomas,Engenharia Telecomunicacoes,1,26,F,16.4
20264382,Nelson Mario,Engenharia Informatica,4,17,M,15.4
20264383,Alberto Jaime,Engenharia Telecomunicacoes,4,17,F,10.0
20264384,Helena Augusto,Engenharia Informatica,1,22,F,16.2
20264385,Joao Alberto,Engenharia Informatica,1,23,F,11.3
20264386,Ana Manuel,Engenharia Informatica,2,23,M,13.4
20264387,Fatima Luis,Engenharia Electronica,4,22,M,18.0
20264388,Fatima Luis,Engenharia Telecomunicacoes,3,21,F,10.4
20264389,Marta Paulo,Engenharia Telecomunicacoes,1,21,M,12.1
20264390,Marta Paulo,Engenharia Electronica,4,20,M,19.8
20264391,Elsa Domingos,Engenharia Electronica,2,29,F,5.3
20264392,Fatima Luis,Engenharia Informatica,4,28,F,17.3
20264393,Manuel Sergio,Engenharia de Redes,3,19,F,9.7
20264394,Dario Miguel,Engenharia Electronica,3,30,F,19.8
20264395,Alberto Jaime,Engenharia Telecomunicacoes,3,17,F,17.2
20264396,Celina Ernesto,Engenharia Informatica,4,27,F,6.3
20264397,Elsa Domingos,Engenharia Informatica,3,18,F,13.4
20264398,Lucia Joaquim,Engenharia Electronica,2,30,F,12.4
20264399,Joao Alberto,Engenharia de Redes,2,28,F,18.2
20264400,Fatima Luis,Engenharia Telecomunicacoes,3,23,F,10.7
20264401,Fatima Luis,Engenharia Informatica,1,17,F,15.8
20264402,Helena Augusto,Engenharia Informatica,2,18,M,12.8
20264403,Ana Manuel,Engenharia Electronica,1,19,F,10.0
20264404,Sonia Armando,Engenharia Informatica,3,25,F,14.4
20264405,Carlos Jose,Engenharia Telecomunicacoes,1,21,F,14.5
20264406,Manuel Sergio,Engenharia de Redes,1,20,M,10.9
20264407,Dario Miguel,Engenharia Informatica,1,19,F,15.1
20264408,Manuel Sergio,Engenharia Informatica,3,30,M,16.7
20264409,Sonia Armando,Engenharia de Redes,1,30,M,18.7
20264410,Nelson Mario,Engenharia Informatica,1,17,M,15.2
20264411,Fatima Luis,Engenharia Telecomunicacoes,1,30,M,12.5
20264412,Fatima Luis,Engenharia de Redes,3,19,F,13.4
20264413,Joao Alberto,Engenharia Electronica,2,27,M,14.1
20264414,Alberto Jaime,Engenharia de Redes,3,27,F,16.4
20264415,Joao Alberto,Engenharia de Redes,4,23,M,15.4
20264416,Joao Alberto,Engenharia de Redes,4,23,F,14.9
20264417,Dario Miguel,Engenharia Telecomunicacoes,4,20,M,13.2
20264418,Antonio Salvador,Engenharia Informatica,1,28,M,18.2
20264419,Pedro Tomas,Engenharia de Redes,4,19,F,7.8
20264420,Manuel Sergio,Engenharia de Redes,4,25,F,13.5
20264421,Fatima Luis,Engenharia de Redes,4,18,M,19.8
20264422,Lucia Joaquim,Engenharia Telecomunicacoes,2,25,F,12.0
20264423,Helena Augusto,Engenharia Telecomunicacoes,3,26,F,7.0
20264424,Lucia Joaquim,Engenharia de Redes,4,24,F,11.5
20264425,Samuel Ernesto,Engenharia de Redes,4,21,F,13.2
20264426,Fatima Luis,Engenharia Electronica,1,22,F,18.9
20264427,Edson Mateus,Engenharia Informatica,4,18,M,9.9
20264428,Dario Miguel,Engenharia Telecomunicacoes,1,30,F,13.9
20264429,Antonio Salvador,Engenharia de Redes,3,29,F,13.0
20264430,Rosa Fernando,Engenharia Informatica,1,30,M,12.9
20264431,Carlos Jose,Engenharia Informatica,3,29,F,5.1
20264432,Samuel Ernesto,Engenharia Telecomunicacoes,3,21,F,12.8
20264433,Rosa Fernando,Engenharia de Redes,3,27,M,19.9
20264434,Nelson Mario,Engenharia Informatica,2,26,F,5.3
20264435,Joao Alberto,Engenharia Telecomunicacoes,3,27,F,6.0
20264436,Teresa Carlos,Engenharia de Redes,1,24,M,7.6
20264437,Ana Manuel,Engenharia de Redes,3,19,F,7.4
20264438,Fatima Luis,Engenharia de Redes,2,30,F,14.5
20264439,Ana Manuel,Engenharia de Redes,2,17,F,16.7
20264440,Alberto Jaime,Engenharia Telecomunicacoes,1,19,M,16.8
20264441,Elsa Domingos,Engenharia de Redes,2,21,M,10.5
20264442,Alberto Jaime,Engenharia Electronica,1,28,M,12.4
20264443,Marta Paulo,Engenharia Electronica,3,23,M,18.5
20264444,Alberto Jaime,Engenharia Electronica,1,28,M,13.1
20264445,Alberto Jaime,Engenharia Telecomunicacoes,3,27,M,8.8
20264446,Antonio Salvador,Engenharia Telecomunicacoes,3,22,F,9.2
20264447,Manuel Sergio,Engenharia de Redes,3,30,F,15.0
20264448,Sonia Armando,Engenharia Telecomunicacoes,3,25,F,14.9
20264449,Antonio Salvador,Engenharia de Redes,2,30,M,17.5
20264450,Fatima Luis,Engenharia de Redes,4,30,M,12.8
20264451,Nelson Mario,Engenharia Telecomunicacoes,1,30,M,12.1
20264452,Teresa Carlos,Engenharia de Redes,1,25,M,8.7
20264453,Manuel Sergio,Engenharia Telecomunicacoes,3,21,F,18.1
20264454,Manuel Sergio,Engenharia Electronica,1,22,F,16.4
20264455,Edson Mateus,Engenharia Electronica,1,22,F,13.9
20264456,Dario Miguel,Engenharia Electronica,4,24,F,16.0
20264457,Ana Manuel,Engenharia Informatica,4,20,M,7.6
20264458,Samuel Ernesto,Engenharia Telecomunicacoes,1,28,M,11.7
20264459,Alberto Jaime,Engenharia Telecomunicacoes,3,21,M,15.0
20264460,Ana Manuel,Engenharia Telecomunicacoes,1,18,M,7.1
20264461,Dario Miguel,Engenharia Electronica,1,22,F,15.1
20264462,Ana Manuel,Engenharia Electronica,3,17,F,19.4
20264463,Joao Alberto,Engenharia Electronica,2,22,F,18.3
20264464,Celina Ernesto,Engenharia de Redes,3,29,F,17.4
20264465,Alberto Jaime,Engenharia Electronica,2,18,F,6.7
20264466,Nelson Mario,Engenharia Electronica,1,21,F,11.0
20264467,Pedro Tomas,Engenharia de Redes,3,19,M,17.6
20264468,Elsa Domingos,Engenharia Telecomunicacoes,3,18,F,12.9
20264469,Alberto Jaime,Engenharia Telecomunicacoes,2,25,M,10.2
20264470,Lucia Joaquim,Engenharia Informatica,3,27,M,19.7
20264471,Samuel Ernesto,Engenharia Informatica,2,22,F,6.2
20264472,Edson Mateus,Engenharia Electronica,3,22,F,15.3
20264473,Carlos Jose,Engenharia de Redes,2,24,F,13.2
20264474,Joao Alberto,Engenharia de Redes,4,20,F,11.6
20264475,Elsa Domingos,Engenharia Informatica,2,30,F,15.0
20264476,Alberto Jaime,Engenharia Electronica,4,28,F,16.4
20264477,Sonia Armando,Engenharia Informatica,2,29,M,5.4
20264478,Sonia Armando,Engenharia Informatica,4,23,F,5.2
20264479,Samuel Ernesto,Engenharia Informatica,4,26,F,6.3
20264480,Manuel Sergio,Engenharia Telecomunicacoes,1,29,F,18.8
20264481,Samuel Ernesto,Engenharia Electronica,1,23,M,19.1
20264482,Edson Mateus,Engenharia Electronica,1,28,M,15.8
20264483,Helena Augusto,Engenharia Telecomunicacoes,2,27,M,11.6
20264484,Joao Alberto,Engenharia Telecomunicacoes,2,21,F,17.4
20264485,Teresa Carlos,Engenharia Informatica,3,25,M,17.8
20264486,Marta Paulo,Engenharia Electronica,2,17,F,10.5
20264487,Nelson Mario,Engenharia de Redes,3,22,F,17.9
20264488,Celina Ernesto,Engenharia Telecomunicacoes,2,18,F,8.8
20264489,Alberto Jaime,Engenharia Electronica,3,24,M,12.0
20264490,Samuel Ernesto,Engenharia Informatica,1,28,M,9.4
20264491,Ana Manuel,Engenharia Electronica,3,20,F,12.8
20264492,Fatima Luis,Engenharia Electronica,2,23,M,8.4
20264493,Marta Paulo,Engenharia Informatica,2,27,M,12.3
20264494,Joao Alberto,Engenharia Electronica,1,23,F,15.2
20264495,Joao Alberto,Engenharia de Redes,2,23,M,17.1
20264496,Rosa Fernando,Engenharia Telecomunicacoes,2,25,F,17.6
20264497,Celina Ernesto,Engenharia Informatica,1,28,M,8.4
20264498,Samuel Ernesto,Engenharia Telecomunicacoes,2,18,F,11.0
20264499,Marta Paulo,Engenharia Electronica,4,20,M,11.5
20264500,Alberto Jaime,Engenharia Informatica,1,22,F,13.5
20264501,Rosa Fernando,Engenharia de Redes,1,24,M,10.2
20264502,Samuel Ernesto,Engenharia Informatica,3,30,F,5.8
20264503,Sonia Armando,Engenharia Electronica,1,17,F,5.1
20264504,Elsa Domingos,Engenharia Telecomunicacoes,4,25,F,18.3
20264505,Edson Mateus,Engenharia Electronica,1,19,M,12.5
20264506,Rosa Fernando,Engenharia de Redes,1,20,F,9.1
20264507,Samuel Ernesto,Engenharia Telecomunicacoes,3,23,M,15.2
20264508,Edson Mateus,Engenharia Informatica,2,20,M,13.1
20264509,Joao Alberto,Engenharia Informatica,1,20,F,11.7
20264510,Marta Paulo,Engenharia Informatica,3,18,F,8.7
20264511,Elsa Domingos,Engenharia Informatica,1,25,M,7.4
20264512,Ana Manuel,Engenharia Informatica,2,25,F,10.4
20264513,Nelson Mario,Engenharia Telecomunicacoes,1,29,F,15.3
20264514,Marta Paulo,Engenharia de Redes,1,28,M,8.3
20264515,Ana Manuel,Engenharia Telecomunicacoes,1,27,M,19.9
20264516,Elsa Domingos,Engenharia Informatica,4,28,M,14.7
20264517,Manuel Sergio,Engenharia de Redes,2,17,F,5.3
20264518,Celina Ernesto,Engenharia Informatica,3,28,F,16.7
20264519,Alberto Jaime,Engenharia Informatica,4,18,M,8.6
20264520,Dario Miguel,Engenharia Electronica,1,29,M,6.6
20264521,Fatima Luis,Engenharia de Redes,1,25,M,6.2
20264522,Joao Alberto,Engenharia Informatica,3,29,M,10.4
20264523,Antonio Salvador,Engenharia de Redes,4,19,M,10.2
20264524,Elsa Domingos,Engenharia Informatica,2,24,M,12.5
20264525,Nelson Mario,Engenharia de Redes,4,28,F,15.3
20264526,Teresa Carlos,Engenharia de Redes,2,30,M,8.6
20264527,Antonio Salvador,Engenharia de Redes,1,19,M,16.5
20264528,Elsa Domingos,Engenharia de Redes,2,17,M,10.5
20264529,Fatima Luis,Engenharia de Redes,1,20,M,16.2
20264530,Carlos Jose,Engenharia Telecomunicacoes,2,20,M,15.0
20264531,Marta Paulo,Engenharia Electronica,3,29,M,18.3
20264532,Pedro Tomas,Engenharia de Redes,4,20,F,5.0
20264533,Joao Alberto,Engenharia Informatica,4,23,F,15.3
20264534,Pedro Tomas,Engenharia Informatica,3,19,M,12.7
20264535,Joao Alberto,Engenharia de Redes,4,20,M,8.9
20264536,Ana Manuel,Engenharia Electronica,4,22,M,13.1
20264537,Helena Augusto,Engenharia de Redes,4,17,F,10.7
20264538,Dario Miguel,Engenharia Telecomunicacoes,1,17,M,13.1
20264539,Alberto Jaime,Engenharia Telecomunicacoes,4,28,F,15.4
20264540,Marta Paulo,Engenharia Electronica,2,28,F,16.7
20264541,Samuel Ernesto,Engenharia Informatica,2,24,F,10.7
20264542,Samuel Ernesto,Engenharia Telecomunicacoes,3,18,F,18.6
20264543,Carlos Jose,Engenharia de Redes,2,26,F,6.2
20264544,Rosa Fernando,Engenharia Telecomunicacoes,2,25,F,9.2
20264545,Joao Alberto,Engenharia Telecomunicacoes,1,18,F,11.7
20264546,Helena Augusto,Engenharia de Redes,1,30,M,10.0
20264547,Rosa Fernando,Engenharia Electronica,4,21,M,14.4
20264548,Carlos Jose,Engenharia Electronica,2,30,F,6.6
20264549,Joao Alberto,Engenharia Informatica,3,25,M,16.9
20264550,Manuel Sergio,Engenharia Electronica,1,25,F,19.9
20264551,Ana Manuel,Engenharia de Redes,1,24,F,14.5
20264552,Lucia Joaquim,Engenharia de Redes,2,18,M,8.0
20264553,Joao Alberto,Engenharia Telecomunicacoes,4,22,M,11.7
20264554,Pedro Tomas,Engenharia de Redes,1,23,M,14.1
20264555,Fatima Luis,Engenharia de Redes,1,18,F,12.9
20264556,Helena Augusto,Engenharia Informatica,4,25,F,15.5
20264557,Joao Alberto,Engenharia Telecomunicacoes,1,24,F,11.4
20264558,Alberto Jaime,Engenharia Electronica,2,29,F,6.7
20264559,Nelson Mario,Engenharia Telecomunicacoes,4,18,F,6.2
20264560,Samuel Ernesto,Engenharia Electronica,3,26,F,16.3
20264561,Carlos Jose,Engenharia Electronica,1,20,M,15.1
20264562,Samuel Ernesto,Engenharia Electronica,3,22,M,12.6
20264563,Lucia Joaquim,Engenharia de Redes,2,27,F,7.3
20264564,Sonia Armando,Engenharia Telecomunicacoes,2,19,M,16.7
20264565,Lucia Joaquim,Engenharia Informatica,4,29,M,6.0
20264566,Samuel Ernesto,Engenharia Telecomunicacoes,3,25,F,14.4
20264567,Sonia Armando,Engenharia de Redes,4,19,F,17.3
20264568,Pedro Tomas,Engenharia Telecomunicacoes,4,29,F,6.8
20264569,Dario Miguel,Engenharia de Redes,2,26,M,10.4
20264570,Joao Alberto,Engenharia Telecomunicacoes,3,22,F,6.4
20264571,Elsa Domingos,Engenharia Telecomunicacoes,1,26,F,5.1
20264572,Alberto Jaime,Engenharia de Redes,3,29,F,14.8
20264573,Manuel Sergio,Engenharia Electronica,3,29,M,7.0
20264574,Sonia Armando,Engenharia Informatica,2,28,F,11.9
20264575,Fatima Luis,Engenharia Electronica,1,23,M,12.6
20264576,Marta Paulo,Engenharia Telecomunicacoes,2,26,M,7.9
20264577,Manuel Sergio,Engenharia de Redes,1,24,F,6.8
20264578,Nelson Mario,Engenharia Electronica,1,28,F,9.6
20264579,Pedro Tomas,Engenharia Telecomunicacoes,3,18,F,17.2
20264580,Carlos Jose,Engenharia de Redes,2,19,F,11.5
20264581,Edson Mateus,Engenharia Informatica,1,25,F,14.7
20264582,Edson Mateus,Engenharia Electronica,3,19,M,16.4
20264583,Dario Miguel,Engenharia Electronica,2,27,F,7.4
20264584,Sonia Armando,Engenharia Telecomunicacoes,3,17,M,11.6
20264585,Antonio Salvador,Engenharia Informatica,1,27,M,14.9
20264586,Lucia Joaquim,Engenharia de Redes,3,17,M,6.5
20264587,Alberto Jaime,Engenharia Electronica,2,26,F,18.5
20264588,Rosa Fernando,Engenharia Informatica,3,21,F,9.5
20264589,Lucia Joaquim,Engenharia Informatica,1,25,F,10.8
20264590,Marta Paulo,Engenharia Informatica,1,27,F,9.8
20264591,Lucia Joaquim,Engenharia Electronica,2,28,F,5.5
20264592,Pedro Tomas,Engenharia Telecomunicacoes,4,23,M,11.5
20264593,Manuel Sergio,Engenharia Telecomunicacoes,2,26,M,8.5
20264594,Dario Miguel,Engenharia de Redes,1,26,M,6.4
20264595,Marta Paulo,Engenharia Telecomunicacoes,1,30,F,16.8
20264596,Edson Mateus,Engenharia Telecomunicacoes,3,27,F,9.4
20264597,Elsa Domingos,Engenharia de Redes,2,25,F,9.1
20264598,Fatima Luis,Engenharia Telecomunicacoes,3,27,F,19.3
20264599,Sonia Armando,Engenharia Telecomunicacoes,4,22,F,19.1
20264600,Teresa Carlos,Engenharia de Redes,4,26,M,16.0
20264601,Teresa Carlos,Engenharia de Redes,3,29,M,7.6
20264602,Nelson Mario,Engenharia Telecomunicacoes,4,26,F,13.3
20264603,Lucia Joaquim,Engenharia Informatica,4,21,F,10.1
20264604,Ana Manuel,Engenharia Electronica,2,29,M,14.1
20264605,Alberto Jaime,Engenharia Informatica,2,26,M,17.1
20264606,Samuel Ernesto,Engenharia de Redes,3,22,F,9.8
20264607,Joao Alberto,Engenharia de Redes,4,22,F,8.9
20264608,Joao Alberto,Engenharia Telecomunicacoes,1,17,M,9.1
20264609,Dario Miguel,Engenharia de Redes,2,21,M,16.1
20264610,Samuel Ernesto,Engenharia de Redes,4,25,M,11.4
20264611,Helena Augusto,Engenharia Electronica,4,17,M,15.5
20264612,Rosa Fernando,Engenharia Informatica,4,26,F,6.3
20264613,Sonia Armando,Engenharia de Redes,1,18,F,19.5
20264614,Fatima Luis,Engenharia Electronica,4,18,M,10.9
20264615,Antonio Salvador,Engenharia de Redes,4,28,M,5.0
20264616,Lucia Joaquim,Engenharia Informatica,4,17,F,10.8
20264617,Edson Mateus,Engenharia Electronica,2,20,M,15.4
20264618,Antonio Salvador,Engenharia de Redes,3,17,M,9.9
20264619,Ana Manuel,Engenharia Electronica,4,23,F,12.3
20264620,Edson Mateus,Engenharia Informatica,2,30,M,18.5
20264621,Dario Miguel,Engenharia de Redes,1,24,F,18.5
20264622,Rosa Fernando,Engenharia Informatica,3,17,F,10.0
20264623,Nelson Mario,Engenharia Electronica,4,23,F,16.3
20264624,Edson Mateus,Engenharia Informatica,4,29,F,12.8
20264625,Edson Mateus,Engenharia Telecomunicacoes,4,30,F,15.1
20264626,Fatima Luis,Engenharia Electronica,3,20,F,15.8
20264627,Marta Paulo,Engenharia Informatica,1,30,F,11.6
20264628,Helena Augusto,Engenharia de Redes,3,18,F,5.0
20264629,Edson Mateus,Engenharia Electronica,2,30,M,11.9
20264630,Teresa Carlos,Engenharia de Redes,4,17,F,10.8
20264631,Manuel Sergio,Engenharia Telecomunicacoes,1,20,M,8.2
20264632,Edson Mateus,Engenharia Electronica,2,27,M,11.0
20264633,Samuel Ernesto,Engenharia de Redes,2,20,F,13.1
20264634,Celina Ernesto,Engenharia Telecomunicacoes,2,22,M,15.2
20264635,Marta Paulo,Engenharia de Redes,1,24,F,17.6
20264636,Rosa Fernando,Engenharia Electronica,3,30,M,11.9
20264637,Manuel Sergio,Engenharia Telecomunicacoes,4,19,M,8.7
20264638,Elsa Domingos,Engenharia de Redes,3,28,F,12.6
20264639,Dario Miguel,Engenharia de Redes,4,21,M,19.5
20264640,Antonio Salvador,Engenharia Electronica,3,27,F,19.1
20264641,Teresa Carlos,Engenharia Electronica,2,26,M,17.7
20264642,Rosa Fernando,Engenharia de Redes,3,30,F,19.4
20264643,Nelson Mario,Engenharia de Redes,4,24,M,13.4
20264644,Edson Mateus,Engenharia Informatica,3,30,F,5.3
20264645,Alberto Jaime,Engenharia de Redes,4,22,F,9.6
20264646,Rosa Fernando,Engenharia Electronica,2,21,F,6.1
20264647,Alberto Jaime,Engenharia Telecomunicacoes,2,17,F,16.8
20264648,Carlos Jose,Engenharia Electronica,1,29,M,10.6
20264649,Antonio Salvador,Engenharia Telecomunicacoes,2,28,M,15.8
20264650,Lucia Joaquim,Engenharia Telecomunicacoes,3,27,M,10.5
20264651,Lucia Joaquim,Engenharia Telecomunicacoes,2,30,F,19.1
20264652,Manuel Sergio,Engenharia Informatica,1,30,F,8.9
20264653,Ana Manuel,Engenharia Informatica,1,17,F,17.2
20264654,Helena Augusto,Engenharia Electronica,4,18,F,14.0
20264655,Samuel Ernesto,Engenharia de Redes,3,18,F,13.2
20264656,Lucia Joaquim,Engenharia Telecomunicacoes,4,29,M,11.0
20264657,Marta Paulo,Engenharia Electronica,3,24,M,11.4
20264658,Marta Paulo,Engenharia de Redes,4,27,F,9.2
20264659,Rosa Fernando,Engenharia de Redes,4,27,M,13.2
20264660,Celina Ernesto,Engenharia Informatica,3,28,F,10.5
20264661,Lucia Joaquim,Engenharia Electronica,1,25,F,9.1
20264662,Pedro Tomas,Engenharia Telecomunicacoes,2,17,F,13.6
20264663,Pedro Tomas,Engenharia de Redes,4,21,F,9.7
20264664,Alberto Jaime,Engenharia Telecomunicacoes,4,19,F,6.0
20264665,Carlos Jose,Engenharia Electronica,1,20,F,13.0
20264666,Elsa Domingos,Engenharia Informatica,3,24,M,11.8
20264667,Nelson Mario,Engenharia Telecomunicacoes,1,21,M,16.0
20264668,Teresa Carlos,Engenharia Electronica,2,21,M,9.5
20264669,Edson Mateus,Engenharia Telecomunicacoes,1,20,M,14.1
20264670,Edson Mateus,Engenharia Informatica,1,28,F,18.7
20264671,Nelson Mario,Engenharia de Redes,2,30,M,19.9
20264672,Dario Miguel,Engenharia de Redes,4,21,M,12.2
20264673,Joao Alberto,Engenharia Telecomunicacoes,1,20,M,6.1
20264674,Fatima Luis,Engenharia Informatica,2,22,M,7.9
20264675,Manuel Sergio,Engenharia Electronica,1,22,F,19.3
20264676,Teresa Carlos,Engenharia Electronica,2,28,F,12.3
20264677,Samuel Ernesto,Engenharia Electronica,3,26,F,17.1
20264678,Teresa Carlos,Engenharia Electronica,1,19,M,10.0
20264679,Teresa Carlos,Engenharia Informatica,4,24,M,16.4
20264680,Pedro Tomas,Engenharia Telecomunicacoes,2,30,F,13.8
20264681,Edson Mateus,Engenharia Informatica,1,28,F,19.9
20264682,Dario Miguel,Engenharia Informatica,3,30,M,7.8
20264683,Celina Ernesto,Engenharia Telecomunicacoes,3,19,F,15.3
20264684,Antonio Salvador,Engenharia de Redes,2,29,F,17.6
20264685,Joao Alberto,Engenharia Telecomunicacoes,1,25,M,7.3
20264686,Fatima Luis,Engenharia Electronica,1,18,M,15.9
20264687,Marta Paulo,Engenharia Telecomunicacoes,2,18,M,18.2
20264688,Antonio Salvador,Engenharia Electronica,2,30,F,19.3
20264689,Lucia Joaquim,Engenharia Telecomunicacoes,1,20,F,17.1
20264690,Edson Mateus,Engenharia Informatica,4,24,F,15.1
20264691,Joao Alberto,Engenharia Informatica,4,22,M,15.0
20264692,Lucia Joaquim,Engenharia Electronica,4,23,M,8.6
20264693,Edson Mateus,Engenharia Electronica,3,18,F,14.0
20264694,Joao Alberto,Engenharia Telecomunicacoes,4,26,M,10.1
20264695,Carlos Jose,Engenharia de Redes,3,27,F,19.0
20264696,Joao Alberto,Engenharia Informatica,4,18,M,19.7
20264697,Elsa Domingos,Engenharia Informatica,1,17,F,7.4
20264698,Sonia Armando,Engenharia Telecomunicacoes,1,23,F,11.3
20264699,Teresa Carlos,Engenharia Telecomunicacoes,2,27,F,14.5
20264700,Alberto Jaime,Engenharia Electronica,4,19,M,17.5
20264701,Helena Augusto,Engenharia de Redes,2,17,F,14.5
20264702,Alberto Jaime,Engenharia Informatica,1,17,M,13.5
20264703,Celina Ernesto,Engenharia Electronica,4,19,F,13.3
20264704,Rosa Fernando,Engenharia Informatica,2,19,F,5.5
20264705,Rosa Fernando,Engenharia Electronica,3,26,M,16.0
20264706,Sonia Armando,Engenharia Telecomunicacoes,4,18,F,14.2
20264707,Marta Paulo,Engenharia Electronica,3,19,F,10.0
20264708,Teresa Carlos,Engenharia Informatica,2,27,M,5.2
20264709,Elsa Domingos,Engenharia Informatica,3,25,F,7.6
20264710,Pedro Tomas,Engenharia Electronica,1,23,M,17.7
20264711,Alberto Jaime,Engenharia Electronica,4,29,M,15.4
20264712,Samuel Ernesto,Engenharia Electronica,1,28,F,8.9
20264713,Marta Paulo,Engenharia Electronica,4,23,M,8.1
20264714,Joao Alberto,Engenharia de Redes,3,27,M,11.5
20264715,Celina Ernesto,Engenharia Telecomunicacoes,4,25,M,15.9
20264716,Elsa Domingos,Engenharia Electronica,4,28,F,6.1
20264717,Elsa Domingos,Engenharia Informatica,4,27,F,18.3
20264718,Celina Ernesto,Engenharia Informatica,1,18,F,13.3
20264719,Ana Manuel,Engenharia Electronica,4,30,M,15.0
20264720,Rosa Fernando,Engenharia Informatica,1,20,F,8.1
20264721,Joao Alberto,Engenharia Electronica,3,28,F,13.4
20264722,Helena Augusto,Engenharia Electronica,3,18,F,8.9
20264723,Helena Augusto,Engenharia Informatica,3,20,M,11.6
20264724,Dario Miguel,Engenharia Telecomunicacoes,3,18,M,12.1
20264725,Carlos Jose,Engenharia Electronica,2,19,M,12.4
20264726,Dario Miguel,Engenharia Electronica,4,30,M,17.5
20264727,Lucia Joaquim,Engenharia de Redes,2,26,F,10.5
20264728,Dario Miguel,Engenharia Telecomunicacoes,2,25,F,15.8
20264729,Ana Manuel,Engenharia Informatica,2,19,F,10.6
20264730,Carlos Jose,Engenharia de Redes,3,23,M,15.2
20264731,Manuel Sergio,Engenharia de Redes,4,27,M,12.5
20264732,Samuel Ernesto,Engenharia de Redes,3,22,F,12.2
20264733,Sonia Armando,Engenharia Electronica,3,30,M,10.0
20264734,Marta Paulo,Engenharia Telecomunicacoes,3,27,F,6.2
20264735,Alberto Jaime,Engenharia Electronica,3,27,M,14.0
20264736,Pedro Tomas,Engenharia de Redes,3,25,M,19.5
20264737,Marta Paulo,Engenharia Informatica,3,25,M,15.3
20264738,Pedro Tomas,Engenharia de Redes,4,22,F,17.6
20264739,Joao Alberto,Engenharia de Redes,4,21,M,8.4
20264740,Samuel Ernesto,Engenharia de Redes,3,29,M,6.1
20264741,Antonio Salvador,Engenharia de Redes,3,18,M,11.6
20264742,Samuel Ernesto,Engenharia de Redes,2,28,F,18.7
20264743,Carlos Jose,Engenharia Telecomunicacoes,3,28,F,5.9
20264744,Joao Alberto,Engenharia de Redes,2,30,F,6.3
20264745,Lucia Joaquim,Engenharia de Redes,2,19,M,7.2
20264746,Teresa Carlos,Engenharia Electronica,2,21,F,12.2
20264747,Manuel Sergio,Engenharia Informatica,3,23,F,19.3
20264748,Teresa Carlos,Engenharia Informatica,3,17,F,7.9
20264749,Edson Mateus,Engenharia Informatica,1,30,M,18.1
20264750,Rosa Fernando,Engenharia Telecomunicacoes,3,29,M,11.0
20264751,Alberto Jaime,Engenharia Informatica,3,22,M,9.1
20264752,Ana Manuel,Engenharia Electronica,2,26,F,18.4
20264753,Carlos Jose,Engenharia de Redes,4,30,M,19.0
20264754,Elsa Domingos,Engenharia Telecomunicacoes,4,19,F,14.4
20264755,Fatima Luis,Engenharia de Redes,3,26,F,6.6
20264756,Celina Ernesto,Engenharia Electronica,4,24,F,17.0
20264757,Antonio Salvador,Engenharia Informatica,2,18,M,19.5
20264758,Fatima Luis,Engenharia Telecomunicacoes,1,27,M,11.8
20264759,Lucia Joaquim,Engenharia Telecomunicacoes,1,19,M,7.7
20264760,Sonia Armando,Engenharia Telecomunicacoes,3,23,M,14.6
20264761,Sonia Armando,Engenharia Electronica,4,17,M,13.4
20264762,Ana Manuel,Engenharia de Redes,3,18,F,14.1
20264763,Marta Paulo,Engenharia de Redes,4,22,M,6.0
20264764,Helena Augusto,Engenharia Electronica,3,18,M,14.1
20264765,Pedro Tomas,Engenharia Electronica,2,27,F,11.4
20264766,Sonia Armando,Engenharia Telecomunicacoes,2,25,M,14.9
20264767,Alberto Jaime,Engenharia Electronica,4,24,M,10.3
20264768,Lucia Joaquim,Engenharia Informatica,4,17,M,9.9
20264769,Samuel Ernesto,Engenharia Electronica,2,27,M,8.3
20264770,Manuel Sergio,Engenharia de Redes,4,18,M,17.9
20264771,Helena Augusto,Engenharia Telecomunicacoes,2,28,F,17.5
20264772,Sonia Armando,Engenharia Informatica,4,23,F,9.5
20264773,Joao Alberto,Engenharia Electronica,2,22,M,12.0
20264774,Carlos Jose,Engenharia Informatica,1,18,M,14.7
20264775,Rosa Fernando,Engenharia de Redes,2,29,M,14.2
20264776,Sonia Armando,Engenharia Telecomunicacoes,1,30,M,15.4
20264777,Alberto Jaime,Engenharia Telecomunicacoes,2,22,M,12.0
20264778,Teresa Carlos,Engenharia Electronica,4,21,F,8.3
20264779,Sonia Armando,Engenharia de Redes,3,18,M,13.0
20264780,Antonio Salvador,Engenharia de Redes,2,26,M,7.3
20264781,Celina Ernesto,Engenharia Electronica,3,22,F,17.5
20264782,Helena Augusto,Engenharia Electronica,4,28,M,17.5
20264783,Antonio Salvador,Engenharia Informatica,4,23,F,7.3
20264784,Teresa Carlos,Engenharia Electronica,1,29,F,11.2
20264785,Nelson Mario,Engenharia Telecomunicacoes,3,24,F,9.5
20264786,Rosa Fernando,Engenharia Informatica,3,23,M,14.5
20264787,Joao Alberto,Engenharia Electronica,4,27,M,15.8
20264788,Nelson Mario,Engenharia Electronica,1,25,M,15.7
20264789,Helena Augusto,Engenharia Electronica,1,25,F,12.5
20264790,Edson Mateus,Engenharia Electronica,4,17,F,11.9
20264791,Fatima Luis,Engenharia de Redes,1,17,F,11.9
20264792,Samuel Ernesto,Engenharia Informatica,1,29,F,11.6
20264793,Carlos Jose,Engenharia de Redes,4,26,M,13.6
20264794,Alberto Jaime,Engenharia de Redes,2,25,M,9.7
20264795,Joao Alberto,Engenharia de Redes,2,18,M,13.7
20264796,Nelson Mario,Engenharia de Redes,4,23,F,10.3
20264797,Fatima Luis,Engenharia de Redes,4,20,M,18.2
20264798,Antonio Salvador,Engenharia de Redes,1,24,F,11.8
20264799,Celina Ernesto,Engenharia Telecomunicacoes,3,29,F,19.5
20264800,Nelson Mario,Engenharia Electronica,1,29,F,14.2
20264801,Marta Paulo,Engenharia Electronica,2,17,M,18.7
20264802,Edson Mateus,Engenharia Telecomunicacoes,4,27,M,19.6
20264803,Nelson Mario,Engenharia de Redes,4,30,F,9.7
20264804,Helena Augusto,Engenharia de Redes,4,29,F,19.3
20264805,Sonia Armando,Engenharia Informatica,2,28,F,15.0
20264806,Rosa Fernando,Engenharia Telecomunicacoes,3,29,M,17.7
20264807,Dario Miguel,Engenharia Telecomunicacoes,4,30,F,12.7
20264808,Lucia Joaquim,Engenharia Telecomunicacoes,4,20,M,17.1
20264809,Sonia Armando,Engenharia Informatica,2,25,M,11.4
20264810,Helena Augusto,Engenharia Informatica,1,29,F,15.1
20264811,Fatima Luis,Engenharia Telecomunicacoes,1,21,F,9.8
20264812,Pedro Tomas,Engenharia de Redes,1,18,M,16.8
20264813,Dario Miguel,Engenharia Telecomunicacoes,3,29,M,10.9
20264814,Lucia Joaquim,Engenharia de Redes,3,27,M,10.7
20264815,Antonio Salvador,Engenharia Telecomunicacoes,2,22,M,9.2
20264816,Marta Paulo,Engenharia Informatica,1,29,M,6.3
20264817,Elsa Domingos,Engenharia de Redes,2,25,F,15.3
20264818,Celina Ernesto,Engenharia Informatica,2,25,F,15.4
20264819,Fatima Luis,Engenharia de Redes,4,25,M,16.7
20264820,Dario Miguel,Engenharia Electronica,4,18,M,10.7
20264821,Celina Ernesto,Engenharia Telecomunicacoes,1,18,M,14.9
20264822,Nelson Mario,Engenharia Telecomunicacoes,2,22,M,19.6
20264823,Joao Alberto,Engenharia Informatica,2,24,F,13.1
20264824,Elsa Domingos,Engenharia Informatica,2,17,M,18.2
20264825,Elsa Domingos,Engenharia Electronica,4,24,F,16.0
20264826,Ana Manuel,Engenharia de Redes,4,23,F,19.6
20264827,Nelson Mario,Engenharia de Redes,4,19,M,5.0
20264828,Manuel Sergio,Engenharia de Redes,1,27,M,7.8
20264829,Joao Alberto,Engenharia de Redes,2,17,M,13.2
20264830,Teresa Carlos,Engenharia de Redes,1,27,M,6.5
20264831,Elsa Domingos,Engenharia Telecomunicacoes,1,20,F,10.8
20264832,Edson Mateus,Engenharia Electronica,4,21,M,12.0
20264833,Joao Alberto,Engenharia Informatica,4,17,M,15.8
20264834,Nelson Mario,Engenharia Informatica,4,29,M,16.9
20264835,Helena Augusto,Engenharia Informatica,4,27,F,8.4
20264836,Celina Ernesto,Engenharia Electronica,1,28,M,15.2
20264837,Joao Alberto,Engenharia Informatica,3,25,F,7.8
20264838,Dario Miguel,Engenharia Telecomunicacoes,4,24,F,11.9
20264839,Pedro Tomas,Engenharia Informatica,3,20,F,14.0
20264840,Elsa Domingos,Engenharia Telecomunicacoes,3,19,M,16.9
20264841,Celina Ernesto,Engenharia Telecomunicacoes,1,23,F,13.3
20264842,Teresa Carlos,Engenharia de Redes,3,29,M,12.7
20264843,Celina Ernesto,Engenharia Telecomunicacoes,2,29,M,13.2
20264844,Teresa Carlos,Engenharia Electronica,2,27,F,5.1
20264845,Antonio Salvador,Engenharia de Redes,2,29,M,17.8
20264846,Alberto Jaime,Engenharia Electronica,3,21,M,13.6
20264847,Antonio Salvador,Engenharia Informatica,1,19,F,9.6
20264848,Marta Paulo,Engenharia Telecomunicacoes,2,20,F,13.6
20264849,Antonio Salvador,Engenharia de Redes,1,20,M,17.1
20264850,Samuel Ernesto,Engenharia de Redes,1,24,M,6.2
20264851,Alberto Jaime,Engenharia Informatica,2,17,M,11.2
20264852,Rosa Fernando,Engenharia Informatica,3,18,F,8.8
20264853,Elsa Domingos,Engenharia Informatica,3,18,M,8.8
20264854,Nelson Mario,Engenharia Electronica,2,20,M,10.8
20264855,Sonia Armando,Engenharia Informatica,4,29,M,11.9
20264856,Manuel Sergio,Engenharia Informatica,1,23,M,8.4
20264857,Lucia Joaquim,Engenharia de Redes,2,30,F,14.6
20264858,Alberto Jaime,Engenharia Telecomunicacoes,1,20,F,7.7
20264859,Helena Augusto,Engenharia de Redes,4,22,M,18.4
20264860,Sonia Armando,Engenharia Electronica,1,29,F,9.5
20264861,Sonia Armando,Engenharia Informatica,3,28,M,15.9
20264862,Fatima Luis,Engenharia Informatica,1,22,M,5.3
20264863,Lucia Joaquim,Engenharia Electronica,2,24,F,11.8
20264864,Helena Augusto,Engenharia Electronica,3,29,M,11.2
20264865,Joao Alberto,Engenharia Informatica,1,17,M,19.3
20264866,Helena Augusto,Engenharia de Redes,4,21,M,10.4
20264867,Antonio Salvador,Engenharia de Redes,3,24,F,12.7
20264868,Rosa Fernando,Engenharia Telecomunicacoes,2,23,F,9.4
20264869,Lucia Joaquim,Engenharia Electronica,1,29,F,13.7
20264870,Samuel Ernesto,Engenharia Electronica,4,25,M,16.1
20264871,Ana Manuel,Engenharia de Redes,4,28,F,18.8
20264872,Manuel Sergio,Engenharia Informatica,2,25,F,19.0
20264873,Dario Miguel,Engenharia de Redes,1,26,M,18.2
20264874,Rosa Fernando,Engenharia de Redes,3,24,F,16.4
20264875,Fatima Luis,Engenharia de Redes,2,23,F,12.5
20264876,Helena Augusto,Engenharia Telecomunicacoes,4,18,F,5.8
20264877,Rosa Fernando,Engenharia Telecomunicacoes,3,18,F,13.3
20264878,Manuel Sergio,Engenharia Telecomunicacoes,2,27,F,11.1
20264879,Pedro Tomas,Engenharia Electronica,2,19,F,7.9
20264880,Nelson Mario,Engenharia Informatica,2,20,F,8.8
20264881,Elsa Domingos,Engenharia Informatica,4,30,F,17.5
20264882,Elsa Domingos,Engenharia Electronica,2,27,F,11.0
20264883,Antonio Salvador,Engenharia Telecomunicacoes,2,22,M,13.1
20264884,Elsa Domingos,Engenharia Electronica,2,26,M,6.4
20264885,Teresa Carlos,Engenharia Electronica,2,24,F,5.5
20264886,Elsa Domingos,Engenharia Electronica,3,25,M,9.3
20264887,Alberto Jaime,Engenharia Electronica,2,18,F,19.4
20264888,Teresa Carlos,Engenharia Informatica,3,19,M,10.3
20264889,Edson Mateus,Engenharia Telecomunicacoes,1,22,F,19.6
20264890,Manuel Sergio,Engenharia Electronica,2,22,M,17.0
20264891,Alberto Jaime,Engenharia de Redes,4,25,M,5.4
20264892,Pedro Tomas,Engenharia Informatica,2,28,F,7.5
20264893,Nelson Mario,Engenharia Informatica,4,17,F,14.3
20264894,Lucia Joaquim,Engenharia de Redes,4,20,F,13.1
20264895,Alberto Jaime,Engenharia de Redes,2,25,M,8.0
20264896,Marta Paulo,Engenharia Electronica,2,29,M,13.5
20264897,Manuel Sergio,Engenharia Telecomunicacoes,1,24,M,9.6
20264898,Joao Alberto,Engenharia de Redes,1,20,F,16.4
20264899,Dario Miguel,Engenharia Informatica,4,17,F,9.9
20264900,Carlos Jose,Engenharia Telecomunicacoes,4,21,M,15.3
20264901,Celina Ernesto,Engenharia Informatica,2,27,F,16.0
20264902,Ana Manuel,Engenharia Informatica,4,22,M,10.5
20264903,Sonia Armando,Engenharia Informatica,4,21,M,14.3
20264904,Marta Paulo,Engenharia Informatica,3,23,M,7.0
20264905,Rosa Fernando,Engenharia Electronica,1,29,F,10.3
20264906,Elsa Domingos,Engenharia de Redes,3,21,F,17.4
20264907,Nelson Mario,Engenharia de Redes,1,24,M,9.4
20264908,Dario Miguel,Engenharia Telecomunicacoes,2,17,M,12.6
20264909,Alberto Jaime,Engenharia Telecomunicacoes,2,28,F,11.0
20264910,Ana Manuel,Engenharia de Redes,1,29,F,18.0
20264911,Lucia Joaquim,Engenharia de Redes,2,20,F,11.0
20264912,Marta Paulo,Engenharia Electronica,3,25,F,14.3
20264913,Rosa Fernando,Engenharia Informatica,1,22,F,15.8
20264914,Helena Augusto,Engenharia de Redes,4,26,M,15.0
20264915,Ana Manuel,Engenharia Telecomunicacoes,3,18,F,5.7
20264916,Dario Miguel,Engenharia Telecomunicacoes,3,19,F,8.4
20264917,Celina Ernesto,Engenharia de Redes,1,30,M,13.6
20264918,Fatima Luis,Engenharia de Redes,3,25,F,13.9
20264919,Joao Alberto,Engenharia Electronica,3,22,F,6.2
20264920,Fatima Luis,Engenharia de Redes,1,21,F,19.6
20264921,Rosa Fernando,Engenharia Electronica,4,21,F,19.9
20264922,Edson Mateus,Engenharia Telecomunicacoes,3,25,M,17.4
20264923,Helena Augusto,Engenharia de Redes,2,23,F,10.2
20264924,Marta Paulo,Engenharia Telecomunicacoes,1,19,M,14.8
20264925,Alberto Jaime,Engenharia de Redes,2,29,M,15.6
20264926,Rosa Fernando,Engenharia de Redes,2,29,M,9.5
20264927,Edson Mateus,Engenharia Telecomunicacoes,3,30,M,14.3
20264928,Rosa Fernando,Engenharia de Redes,2,26,M,10.4
20264929,Joao Alberto,Engenharia Electronica,4,29,M,8.3
20264930,Teresa Carlos,Engenharia Informatica,2,26,F,16.4
20264931,Nelson Mario,Engenharia Electronica,1,27,M,6.9
20264932,Alberto Jaime,Engenharia de Redes,1,27,F,15.8
20264933,Helena Augusto,Engenharia Electronica,1,26,F,11.3
20264934,Antonio Salvador,Engenharia de Redes,2,24,M,6.9
20264935,Pedro Tomas,Engenharia de Redes,4,28,F,6.9
20264936,Sonia Armando,Engenharia Telecomunicacoes,1,20,M,16.7
20264937,Nelson Mario,Engenharia Informatica,1,28,M,18.8
20264938,Carlos Jose,Engenharia Informatica,3,19,M,8.6
20264939,Joao Alberto,Engenharia de Redes,2,30,F,10.9
20264940,Marta Paulo,Engenharia Electronica,4,30,M,11.3
20264941,Ana Manuel,Engenharia Informatica,1,25,M,6.9
20264942,Samuel Ernesto,Engenharia Telecomunicacoes,2,22,M,11.7
20264943,Edson Mateus,Engenharia Telecomunicacoes,2,26,F,17.5
20264944,Lucia Joaquim,Engenharia de Redes,4,28,M,16.8
20264945,Marta Paulo,Engenharia Electronica,2,30,F,16.8
20264946,Pedro Tomas,Engenharia de Redes,2,28,M,12.0
20264947,Nelson Mario,Engenharia de Redes,3,17,F,15.8
20264948,Celina Ernesto,Engenharia Informatica,1,28,F,11.5
20264949,Rosa Fernando,Engenharia de Redes,1,30,M,9.5
20264950,Rosa Fernando,Engenharia de Redes,2,30,M,9.8
20264951,Carlos Jose,Engenharia Electronica,2,27,F,6.9
20264952,Samuel Ernesto,Engenharia de Redes,2,28,F,16.0
20264953,Rosa Fernando,Engenharia Electronica,3,26,F,14.3
20264954,Edson Mateus,Engenharia Telecomunicacoes,4,26,F,9.2
20264955,Fatima Luis,Engenharia Telecomunicacoes,3,19,M,13.4
20264956,Nelson Mario,Engenharia Electronica,4,20,F,17.4
20264957,Teresa Carlos,Engenharia Informatica,2,20,F,19.0
20264958,Nelson Mario,Engenharia Electronica,3,20,F,5.8
20264959,Nelson Mario,Engenharia de Redes,3,18,F,7.3
20264960,Alberto Jaime,Engenharia Electronica,1,27,M,7.9
20264961,Rosa Fernando,Engenharia Telecomunicacoes,1,20,F,10.2
20264962,Lucia Joaquim,Engenharia Informatica,4,17,F,8.7
20264963,Celina Ernesto,Engenharia Electronica,1,30,F,12.3
20264964,Marta Paulo,Engenharia Electronica,3,22,M,5.8
20264965,Helena Augusto,Engenharia Electronica,1,21,F,7.3
20264966,Edson Mateus,Engenharia Electronica,4,21,F,6.2
20264967,Samuel Ernesto,Engenharia Telecomunicacoes,3,30,M,17.8
20264968,Celina Ernesto,Engenharia Electronica,2,25,F,19.1
20264969,Teresa Carlos,Engenharia Informatica,1,30,F,17.3
20264970,Antonio Salvador,Engenharia Informatica,3,28,F,15.9
20264971,Edson Mateus,Engenharia Electronica,1,26,M,6.7
20264972,Alberto Jaime,Engenharia Electronica,3,24,F,18.4
20264973,Elsa Domingos,Engenharia de Redes,2,19,F,19.7
20264974,Manuel Sergio,Engenharia Telecomunicacoes,1,30,M,6.8
20264975,Manuel Sergio,Engenharia Telecomunicacoes,1,27,M,18.4
20264976,Manuel Sergio,Engenharia Telecomunicacoes,3,19,F,18.1
20264977,Ana Manuel,Engenharia de Redes,4,18,M,5.6
20264978,Celina Ernesto,Engenharia Informatica,3,26,M,12.5
20264979,Antonio Salvador,Engenharia de Redes,4,24,F,9.6
20264980,Fatima Luis,Engenharia de Redes,1,25,F,16.2
20264981,Helena Augusto,Engenharia Informatica,1,17,F,18.7
20264982,Manuel Sergio,Engenharia Informatica,1,28,F,14.0
20264983,Alberto Jaime,Engenharia Informatica,2,17,M,17.0
20264984,Elsa Domingos,Engenharia Informatica,4,20,F,11.1
20264985,Teresa Carlos,Engenharia de Redes,3,18,M,19.0
20264986,Samuel Ernesto,Engenharia Informatica,3,27,F,14.9
20264987,Elsa Domingos,Engenharia Electronica,4,29,F,10.7
20264988,Pedro Tomas,Engenharia Informatica,1,24,F,15.7
20264989,Pedro Tomas,Engenharia Informatica,1,27,M,11.7
20264990,Fatima Luis,Engenharia de Redes,2,22,M,9.2
20264991,Rosa Fernando,Engenharia Telecomunicacoes,1,25,F,5.7
20264992,Elsa Domingos,Engenharia de Redes,3,18,M,10.2
20264993,Edson Mateus,Engenharia Telecomunicacoes,4,24,F,8.9
20264994,Alberto Jaime,Engenharia Electronica,1,23,M,12.9
20264995,Manuel Sergio,Engenharia de Redes,3,18,M,16.4
20264996,Joao Alberto,Engenharia Informatica,4,21,M,11.5
20264997,Antonio Salvador,Engenharia Electronica,4,20,M,8.7
20264998,Marta Paulo,Engenharia Informatica,4,20,F,5.2
20264999,Carlos Jose,Engenharia Telecomunicacoes,3,25,M,11.4
20265000,Fatima Luis,Engenharia Telecomunicacoes,4,28,M,12.2
20265001,Nelson Mario,Engenharia Informatica,2,18,M,12.4
20265002,Dario Miguel,Engenharia de Redes,1,26,F,17.6
20265003,Joao Alberto,Engenharia Electronica,3,25,M,15.1
20265004,Ana Manuel,Engenharia Informatica,2,21,F,7.1
20265005,Antonio Salvador,Engenharia Electronica,3,22,F,14.9
20265006,Lucia Joaquim,Engenharia Electronica,1,25,F,15.0
20265007,Helena Augusto,Engenharia Telecomunicacoes,4,23,M,8.6
20265008,Teresa Carlos,Engenharia de Redes,2,21,M,6.5
20265009,Fatima Luis,Engenharia Informatica,2,29,M,8.7
20265010,Nelson Mario,Engenharia Informatica,1,17,F,9.4
20265011,Lucia Joaquim,Engenharia Telecomunicacoes,3,26,F,19.8
20265012,Alberto Jaime,Engenharia Electronica,1,24,M,9.7
20265013,Sonia Armando,Engenharia de Redes,4,19,M,15.4
20265014,Antonio Salvador,Engenharia Informatica,4,19,F,10.1
20265015,Rosa Fernando,Engenharia Electronica,4,17,F,7.5
20265016,Nelson Mario,Engenharia Informatica,2,20,M,5.6
20265017,Elsa Domingos,Engenharia de Redes,4,30,F,7.8
20265018,Marta Paulo,Engenharia Electronica,1,30,M,6.5
20265019,Teresa Carlos,Engenharia Telecomunicacoes,1,22,F,11.2
20265020,Manuel Sergio,Engenharia Informatica,1,30,F,8.3
20265021,Celina Ernesto,Engenharia de Redes,3,29,M,12.3
20265022,Samuel Ernesto,Engenharia Informatica,4,29,F,11.2
20265023,Lucia Joaquim,Engenharia Telecomunicacoes,4,23,M,17.4
20265024,Edson Mateus,Engenharia Electronica,3,19,F,7.2
20265025,Sonia Armando,Engenharia Telecomunicacoes,3,25,M,7.9
20265026,Marta Paulo,Engenharia Telecomunicacoes,4,20,M,6.2
20265027,Antonio Salvador,Engenharia Informatica,2,18,F,18.7
20265028,Carlos Jose,Engenharia Telecomunicacoes,4,27,M,14.5
20265029,Joao Alberto,Engenharia Electronica,1,26,F,15.0
20265030,Manuel Sergio,Engenharia Informatica,4,18,F,9.0
20265031,Marta Paulo,Engenharia Informatica,1,30,F,16.0
20265032,Elsa Domingos,Engenharia Telecomunicacoes,3,28,M,11.1
20265033,Dario Miguel,Engenharia Telecomunicacoes,3,18,F,8.3
20265034,Marta Paulo,Engenharia Electronica,1,20,F,12.7
20265035,Joao Alberto,Engenharia Informatica,3,17,M,18.8
20265036,Nelson Mario,Engenharia Telecomunicacoes,3,27,F,11.7
20265037,Helena Augusto,Engenharia Informatica,3,21,M,5.6
20265038,Antonio Salvador,Engenharia de Redes,1,26,M,16.9
20265039,Elsa Domingos,Engenharia de Redes,1,21,M,12.9
20265040,Marta Paulo,Engenharia Informatica,2,18,M,17.1
20265041,Antonio Salvador,Engenharia de Redes,3,22,M,6.9
20265042,Celina Ernesto,Engenharia de Redes,3,27,M,14.0
20265043,Carlos Jose,Engenharia de Redes,3,17,F,8.2
20265044,Rosa Fernando,Engenharia Electronica,3,26,M,5.1
20265045,Nelson Mario,Engenharia Telecomunicacoes,1,28,F,10.9
20265046,Samuel Ernesto,Engenharia Electronica,1,19,M,19.5
20265047,Marta Paulo,Engenharia Informatica,4,17,F,7.5
20265048,Rosa Fernando,Engenharia Electronica,2,18,F,10.2
20265049,Elsa Domingos,Engenharia Telecomunicacoes,1,27,F,6.2
20265050,Dario Miguel,Engenharia de Redes,3,21,M,16.8
20265051,Pedro Tomas,Engenharia Electronica,2,23,F,10.8
20265052,Edson Mateus,Engenharia Informatica,1,21,M,9.4
20265053,Teresa Carlos,Engenharia de Redes,4,26,M,18.2
20265054,Elsa Domingos,Engenharia Electronica,3,25,F,12.0
20265055,Nelson Mario,Engenharia de Redes,1,17,F,18.8
20265056,Rosa Fernando,Engenharia de Redes,1,29,F,11.7
20265057,Nelson Mario,Engenharia de Redes,3,26,M,13.9
20265058,Fatima Luis,Engenharia Informatica,4,25,F,6.7
20265059,Marta Paulo,Engenharia de Redes,1,26,M,17.5
20265060,Carlos Jose,Engenharia Electronica,1,19,F,9.0
20265061,Edson Mateus,Engenharia Informatica,3,22,M,11.7
20265062,Nelson Mario,Engenharia Telecomunicacoes,2,27,M,15.0
20265063,Manuel Sergio,Engenharia Electronica,3,19,F,13.5
20265064,Joao Alberto,Engenharia de Redes,1,30,F,15.9
20265065,Antonio Salvador,Engenharia Telecomunicacoes,1,29,F,9.7
20265066,Helena Augusto,Engenharia Telecomunicacoes,4,27,M,19.7
20265067,Fatima Luis,Engenharia de Redes,1,28,M,14.7
20265068,Rosa Fernando,Engenharia Telecomunicacoes,1,24,F,19.4
20265069,Edson Mateus,Engenharia de Redes,2,21,M,15.8
20265070,Celina Ernesto,Engenharia Telecomunicacoes,3,30,M,17.9
20265071,Nelson Mario,Engenharia Telecomunicacoes,4,27,M,13.3
20265072,Marta Paulo,Engenharia Electronica,1,20,M,13.6
20265073,Joao Alberto,Engenharia de Redes,4,24,F,11.5
20265074,Antonio Salvador,Engenharia Electronica,1,24,F,17.4
20265075,Rosa Fernando,Engenharia Telecomunicacoes,1,28,F,10.8
20265076,Lucia Joaquim,Engenharia Informatica,4,28,F,19.0
20265077,Antonio Salvador,Engenharia Electronica,4,21,M,8.1
20265078,Helena Augusto,Engenharia de Redes,1,18,M,14.9
20265079,Lucia Joaquim,Engenharia Electronica,4,17,F,14.0
20265080,Nelson Mario,Engenharia Electronica,2,24,F,15.9
20265081,Elsa Domingos,Engenharia de Redes,2,22,M,6.9
20265082,Carlos Jose,Engenharia Electronica,1,26,F,10.8
20265083,Carlos Jose,Engenharia Informatica,1,27,F,16.8
20265084,Joao Alberto,Engenharia Informatica,1,30,M,11.4
20265085,Manuel Sergio,Engenharia Informatica,4,20,M,16.8
20265086,Samuel Ernesto,Engenharia Informatica,2,18,F,5.0
20265087,Dario Miguel,Engenharia Telecomunicacoes,2,25,M,15.0
20265088,Elsa Domingos,Engenharia Informatica,4,24,F,7.9
20265089,Fatima Luis,Engenharia Informatica,1,21,M,12.9
20265090,Alberto Jaime,Engenharia de Redes,2,27,M,17.8
20265091,Antonio Salvador,Engenharia Electronica,4,18,F,6.9
20265092,Marta Paulo,Engenharia Telecomunicacoes,2,17,M,8.2
20265093,Marta Paulo,Engenharia de Redes,3,18,M,10.8
20265094,Nelson Mario,Engenharia Informatica,2,20,M,8.9
20265095,Joao Alberto,Engenharia de Redes,2,23,F,9.8
20265096,Samuel Ernesto,Engenharia Informatica,4,30,M,11.5
20265097,Ana Manuel,Engenharia Telecomunicacoes,2,20,F,15.7
20265098,Nelson Mario,Engenharia Telecomunicacoes,3,19,F,18.3
20265099,Elsa Domingos,Engenharia de Redes,1,19,M,18.3
20265100,Nelson Mario,Engenharia de Redes,3,26,M,17.7
20265101,Pedro Tomas,Engenharia Telecomunicacoes,3,19,M,16.4
20265102,Sonia Armando,Engenharia Electronica,3,29,F,17.0
20265103,Manuel Sergio,Engenharia de Redes,1,30,F,6.1
20265104,Nelson Mario,Engenharia Telecomunicacoes,1,23,M,5.4
20265105,Teresa Carlos,Engenharia Informatica,3,25,M,12.2
20265106,Lucia Joaquim,Engenharia Electronica,3,26,F,16.6
20265107,Elsa Domingos,Engenharia Telecomunicacoes,4,25,M,18.9
20265108,Carlos Jose,Engenharia Telecomunicacoes,3,26,F,15.3
20265109,Ana Manuel,Engenharia Electronica,4,20,M,7.5
20265110,Manuel Sergio,Engenharia Telecomunicacoes,4,23,F,8.2
20265111,Fatima Luis,Engenharia Electronica,3,18,F,7.6
20265112,Lucia Joaquim,Engenharia Electronica,4,24,F,15.8
20265113,Helena Augusto,Engenharia Telecomunicacoes,3,24,M,16.5
20265114,Marta Paulo,Engenharia Telecomunicacoes,3,28,M,9.0
20265115,Marta Paulo,Engenharia Informatica,1,24,F,19.8
20265116,Rosa Fernando,Engenharia Informatica,2,28,M,7.2
20265117,Antonio Salvador,Engenharia de Redes,4,30,M,6.6
20265118,Pedro Tomas,Engenharia Electronica,3,28,F,8.1
20265119,Ana Manuel,Engenharia Informatica,1,22,M,19.3
20265120,Carlos Jose,Engenharia Telecomunicacoes,2,27,M,19.9
20265121,Dario Miguel,Engenharia Telecomunicacoes,4,20,F,17.0
20265122,Carlos Jose,Engenharia de Redes,2,18,F,14.6
20265123,Nelson Mario,Engenharia de Redes,3,29,M,13.2
20265124,Celina Ernesto,Engenharia Telecomunicacoes,1,24,F,5.1
20265125,Samuel Ernesto,Engenharia de Redes,1,25,M,7.1
20265126,Alberto Jaime,Engenharia Electronica,1,23,F,12.4
20265127,Manuel Sergio,Engenharia Telecomunicacoes,4,22,F,7.4
20265128,Lucia Joaquim,Engenharia Electronica,3,18,F,5.3
20265129,Antonio Salvador,Engenharia Informatica,1,25,F,14.3
20265130,Dario Miguel,Engenharia Electronica,2,19,M,18.2
20265131,Fatima Luis,Engenharia Informatica,1,20,M,5.2
20265132,Rosa Fernando,Engenharia Telecomunicacoes,2,20,M,5.6
20265133,Teresa Carlos,Engenharia Telecomunicacoes,1,28,F,15.0
20265134,Celina Ernesto,Engenharia Electronica,2,24,M,17.1
20265135,Helena Augusto,Engenharia Informatica,4,29,F,17.7
20265136,Dario Miguel,Engenharia Informatica,1,30,M,15.6
20265137,Nelson Mario,Engenharia Informatica,4,30,M,14.2
20265138,Dario Miguel,Engenharia de Redes,3,17,F,8.1
20265139,Ana Manuel,Engenharia Electronica,3,21,M,6.0
20265140,Ana Manuel,Engenharia de Redes,1,23,M,9.0
20265141,Rosa Fernando,Engenharia Informatica,1,27,M,9.4
20265142,Lucia Joaquim,Engenharia Informatica,1,22,F,12.3
20265143,Edson Mateus,Engenharia Telecomunicacoes,4,30,F,12.7
20265144,Helena Augusto,Engenharia Telecomunicacoes,3,18,F,10.4
20265145,Lucia Joaquim,Engenharia Informatica,4,26,M,6.5
20265146,Fatima Luis,Engenharia Informatica,3,30,F,15.6
20265147,Antonio Salvador,Engenharia Telecomunicacoes,2,28,F,7.0
20265148,Dario Miguel,Engenharia Informatica,3,25,F,19.8
20265149,Rosa Fernando,Engenharia Electronica,2,22,M,16.1
20265150,Edson Mateus,Engenharia de Redes,4,19,M,16.2
20265151,Fatima Luis,Engenharia Electronica,1,29,F,6.3
20265152,Lucia Joaquim,Engenharia Telecomunicacoes,3,22,M,17.5
20265153,Rosa Fernando,Engenharia de Redes,2,23,F,8.3
20265154,Rosa Fernando,Engenharia Electronica,1,20,F,8.8
20265155,Antonio Salvador,Engenharia Informatica,4,18,M,6.0
20265156,Edson Mateus,Engenharia Telecomunicacoes,2,26,F,10.5
20265157,Lucia Joaquim,Engenharia Electronica,3,26,F,5.7
20265158,Antonio Salvador,Engenharia de Redes,4,22,M,12.4
20265159,Samuel Ernesto,Engenharia Informatica,1,27,F,16.8
20265160,Helena Augusto,Engenharia Telecomunicacoes,1,28,M,16.4
20265161,Rosa Fernando,Engenharia de Redes,2,24,M,9.9
20265162,Joao Alberto,Engenharia Informatica,4,17,M,19.5
20265163,Helena Augusto,Engenharia de Redes,1,29,F,18.2
20265164,Pedro Tomas,Engenharia Telecomunicacoes,1,29,F,8.0
20265165,Teresa Carlos,Engenharia de Redes,1,17,F,9.1
20265166,Manuel Sergio,Engenharia Informatica,2,27,F,5.1
20265167,Alberto Jaime,Engenharia Electronica,4,18,F,16.2
20265168,Helena Augusto,Engenharia de Redes,2,24,F,14.5
20265169,Lucia Joaquim,Engenharia de Redes,1,29,F,8.2
20265170,Alberto Jaime,Engenharia Electronica,2,25,M,16.0
20265171,Dario Miguel,Engenharia de Redes,1,25,M,16.6
20265172,Helena Augusto,Engenharia de Redes,4,28,F,5.8
20265173,Helena Augusto,Engenharia Informatica,1,24,F,12.4
20265174,Edson Mateus,Engenharia Electronica,3,22,M,15.3
20265175,Sonia Armando,Engenharia Electronica,3,18,F,11.8
20265176,Helena Augusto,Engenharia Telecomunicacoes,4,19,M,14.6
20265177,Lucia Joaquim,Engenharia Electronica,2,21,M,17.5
20265178,Helena Augusto,Engenharia Informatica,4,17,M,8.7
20265179,Helena Augusto,Engenharia Telecomunicacoes,3,27,F,11.9
20265180,Samuel Ernesto,Engenharia de Redes,3,25,M,11.8
20265181,Nelson Mario,Engenharia de Redes,3,23,F,10.7
20265182,Teresa Carlos,Engenharia Electronica,2,21,F,12.3
20265183,Fatima Luis,Engenharia Informatica,4,27,F,17.1
20265184,Rosa Fernando,Engenharia de Redes,4,18,F,9.7
20265185,Ana Manuel,Engenharia Informatica,4,25,F,10.8
20265186,Pedro Tomas,Engenharia Telecomunicacoes,2,20,M,9.2
20265187,Nelson Mario,Engenharia Telecomunicacoes,4,26,M,6.9
20265188,Dario Miguel,Engenharia Electronica,1,28,F,8.4
20265189,Celina Ernesto,Engenharia de Redes,3,20,F,11.9
20265190,Lucia Joaquim,Engenharia Electronica,1,21,M,7.3
20265191,Samuel Ernesto,Engenharia Informatica,2,19,F,8.7
20265192,Alberto Jaime,Engenharia de Redes,1,21,M,16.9
20265193,Lucia Joaquim,Engenharia Informatica,2,28,M,9.7
20265194,Antonio Salvador,Engenharia de Redes,1,19,F,5.6
20265195,Joao Alberto,Engenharia de Redes,3,18,F,11.3
20265196,Edson Mateus,Engenharia Electronica,3,26,M,17.0
20265197,Elsa Domingos,Engenharia Informatica,2,18,F,18.9
20265198,Samuel Ernesto,Engenharia Informatica,2,24,F,17.6
20265199,Lucia Joaquim,Engenharia Informatica,4,28,M,6.6
20265200,Celina Ernesto,Engenharia Telecomunicacoes,2,25,F,14.8
20265201,Ana Manuel,Engenharia Electronica,4,21,M,11.3
20265202,Antonio Salvador,Engenharia Telecomunicacoes,1,21,M,10.5
20265203,Lucia Joaquim,Engenharia Electronica,1,19,M,8.2
20265204,Lucia Joaquim,Engenharia de Redes,1,24,M,12.3
20265205,Dario Miguel,Engenharia Electronica,2,20,F,12.3
20265206,Fatima Luis,Engenharia Informatica,3,27,M,5.5
20265207,Teresa Carlos,Engenharia Telecomunicacoes,2,23,M,15.8
20265208,Celina Ernesto,Engenharia de Redes,1,19,F,7.2
20265209,Helena Augusto,Engenharia de Redes,3,22,F,11.0
20265210,Rosa Fernando,Engenharia Informatica,4,27,M,5.4
20265211,Marta Paulo,Engenharia Electronica,1,19,F,5.8
20265212,Helena Augusto,Engenharia Telecomunicacoes,3,21,F,11.9
20265213,Samuel Ernesto,Engenharia de Redes,2,18,M,7.7
20265214,Marta Paulo,Engenharia Telecomunicacoes,2,29,F,13.8
20265215,Marta Paulo,Engenharia Telecomunicacoes,4,29,F,6.7
20265216,Lucia Joaquim,Engenharia Telecomunicacoes,1,24,F,7.4
20265217,Manuel Sergio,Engenharia Informatica,1,25,F,18.3
20265218,Teresa Carlos,Engenharia Telecomunicacoes,4,24,M,7.7
20265219,Carlos Jose,Engenharia Electronica,3,26,M,12.4
20265220,Dario Miguel,Engenharia de Redes,2,25,F,5.9
20265221,Fatima Luis,Engenharia Telecomunicacoes,2,28,F,19.4
20265222,Pedro Tomas,Engenharia de Redes,1,21,M,11.2
20265223,Manuel Sergio,Engenharia Electronica,3,19,M,12.4
20265224,Ana Manuel,Engenharia de Redes,1,27,M,18.3
20265225,Sonia Armando,Engenharia de Redes,2,28,M,18.8
20265226,Lucia Joaquim,Engenharia Telecomunicacoes,3,24,F,11.8
20265227,Rosa Fernando,Engenharia Electronica,4,24,M,5.2
20265228,Ana Manuel,Engenharia Electronica,4,22,M,12.0
20265229,Carlos Jose,Engenharia de Redes,1,19,M,19.3
20265230,Celina Ernesto,Engenharia Electronica,2,23,F,16.9
20265231,Celina Ernesto,Engenharia Telecomunicacoes,4,27,F,15.6
20265232,Elsa Domingos,Engenharia Electronica,1,24,F,5.0
20265233,Fatima Luis,Engenharia de Redes,1,27,M,5.5
20265234,Elsa Domingos,Engenharia de Redes,1,29,F,6.1
20265235,Elsa Domingos,Engenharia de Redes,3,24,M,14.5
20265236,Celina Ernesto,Engenharia de Redes,2,18,F,16.4
20265237,Sonia Armando,Engenharia Telecomunicacoes,3,20,M,15.1
20265238,Sonia Armando,Engenharia Informatica,4,29,F,6.3
20265239,Samuel Ernesto,Engenharia Informatica,3,25,F,12.8
20265240,Ana Manuel,Engenharia Informatica,4,17,M,12.3
20265241,Joao Alberto,Engenharia Electronica,2,17,M,12.0
20265242,Joao Alberto,Engenharia Informatica,4,30,M,5.9
20265243,Nelson Mario,Engenharia Telecomunicacoes,4,25,M,16.0
20265244,Samuel Ernesto,Engenharia de Redes,4,28,F,14.7
20265245,Edson Mateus,Engenharia de Redes,1,27,F,9.9
20265246,Marta Paulo,Engenharia Informatica,1,30,F,5.8
20265247,Alberto Jaime,Engenharia Informatica,1,24,M,5.4
20265248,Pedro Tomas,Engenharia Informatica,3,17,F,10.2
20265249,Edson Mateus,Engenharia de Redes,2,27,F,15.5
20265250,Samuel Ernesto,Engenharia Telecomunicacoes,1,18,F,19.8
20265251,Pedro Tomas,Engenharia de Redes,3,26,M,9.0
20265252,Rosa Fernando,Engenharia Electronica,2,30,M,9.8
20265253,Rosa Fernando,Engenharia Electronica,3,30,F,10.2
20265254,Elsa Domingos,Engenharia Electronica,2,17,M,6.3
20265255,Edson Mateus,Engenharia Informatica,3,29,F,11.6
20265256,Carlos Jose,Engenharia Electronica,1,20,F,11.9
20265257,Samuel Ernesto,Engenharia Telecomunicacoes,4,29,M,16.9
20265258,Elsa Domingos,Engenharia de Redes,4,25,F,16.2
20265259,Elsa Domingos,Engenharia Informatica,3,22,M,16.5
20265260,Rosa Fernando,Engenharia Electronica,1,29,M,12.8
20265261,Samuel Ernesto,Engenharia de Redes,1,21,M,13.8
20265262,Carlos Jose,Engenharia Informatica,2,30,M,12.5
20265263,Pedro Tomas,Engenharia Electronica,1,27,M,11.7
20265264,Sonia Armando,Engenharia Electronica,1,26,M,8.1
20265265,Sonia Armando,Engenharia Electronica,2,22,F,19.6
20265266,Helena Augusto,Engenharia Informatica,1,18,F,15.4
20265267,Carlos Jose,Engenharia Electronica,1,25,M,11.2
20265268,Manuel Sergio,Engenharia Electronica,2,30,F,6.1
20265269,Antonio Salvador,Engenharia de Redes,1,25,F,5.8
20265270,Rosa Fernando,Engenharia Telecomunicacoes,3,28,F,18.2
20265271,Carlos Jose,Engenharia Telecomunicacoes,2,27,M,9.0
20265272,Antonio Salvador,Engenharia de Redes,2,17,M,17.8
20265273,Edson Mateus,Engenharia Telecomunicacoes,4,29,F,15.8
20265274,Celina Ernesto,Engenharia Informatica,3,24,M,14.1
20265275,Dario Miguel,Engenharia Electronica,4,21,M,5.1
20265276,Pedro Tomas,Engenharia Telecomunicacoes,4,18,M,15.8
20265277,Sonia Armando,Engenharia de Redes,2,18,M,11.4
20265278,Rosa Fernando,Engenharia Telecomunicacoes,4,22,F,17.1
20265279,Antonio Salvador,Engenharia Telecomunicacoes,2,23,M,18.0
20265280,Manuel Sergio,Engenharia de Redes,4,24,M,9.4
20265281,Lucia Joaquim,Engenharia Electronica,4,29,M,19.5
20265282,Nelson Mario,Engenharia Electronica,1,18,F,15.8
20265283,Helena Augusto,Engenharia Telecomunicacoes,4,17,M,19.4
20265284,Manuel Sergio,Engenharia Telecomunicacoes,4,22,F,19.8
20265285,Helena Augusto,Engenharia Telecomunicacoes,3,23,F,12.7
20265286,Ana Manuel,Engenharia Informatica,2,30,M,17.6
20265287,Teresa Carlos,Engenharia Electronica,3,24,F,11.3
20265288,Antonio Salvador,Engenharia de Redes,1,18,M,11.1
20265289,Elsa Domingos,Engenharia Telecomunicacoes,2,28,F,18.0
20265290,Carlos Jose,Engenharia de Redes,1,27,M,10.0
20265291,Sonia Armando,Engenharia Informatica,3,20,F,10.7
20265292,Celina Ernesto,Engenharia Telecomunicacoes,4,27,M,8.6
20265293,Carlos Jose,Engenharia Telecomunicacoes,4,27,F,17.1
20265294,Alberto Jaime,Engenharia Informatica,4,27,F,9.3
20265295,Rosa Fernando,Engenharia Electronica,4,20,F,17.0
20265296,Joao Alberto,Engenharia Telecomunicacoes,1,20,F,12.4
20265297,Pedro Tomas,Engenharia de Redes,1,23,M,6.2
20265298,Edson Mateus,Engenharia Electronica,3,25,M,10.7
20265299,Antonio Salvador,Engenharia de Redes,3,28,M,6.2
20265300,Ana Manuel,Engenharia Telecomunicacoes,2,22,F,6.1
20265301,Pedro Tomas,Engenharia de Redes,4,26,F,18.7
20265302,Lucia Joaquim,Engenharia Electronica,4,26,M,7.6
20265303,Teresa Carlos,Engenharia Telecomunicacoes,3,24,F,9.9
20265304,Carlos Jose,Engenharia Telecomunicacoes,1,27,F,17.6
20265305,Pedro Tomas,Engenharia de Redes,1,29,F,8.1
20265306,Pedro Tomas,Engenharia Informatica,2,30,M,19.2
20265307,Teresa Carlos,Engenharia de Redes,3,19,M,18.9
20265308,Alberto Jaime,Engenharia de Redes,2,23,M,7.8
20265309,Celina Ernesto,Engenharia de Redes,4,17,F,7.2
20265310,Teresa Carlos,Engenharia de Redes,4,25,F,17.5
20265311,Rosa Fernando,Engenharia Informatica,1,23,F,15.0
20265312,Nelson Mario,Engenharia Telecomunicacoes,3,27,M,17.2
20265313,Antonio Salvador,Engenharia de Redes,2,22,M,7.6
20265314,Celina Ernesto,Engenharia de Redes,4,27,F,5.8
20265315,Lucia Joaquim,Engenharia Telecomunicacoes,3,25,M,15.6
20265316,Alberto Jaime,Engenharia Telecomunicacoes,1,19,M,8.3
20265317,Celina Ernesto,Engenharia Telecomunicacoes,3,30,M,18.8
20265318,Ana Manuel,Engenharia Electronica,2,29,M,5.6
20265319,Celina Ernesto,Engenharia Electronica,3,22,M,18.6
20265320,Teresa Carlos,Engenharia Telecomunicacoes,4,24,F,9.4
20265321,Joao Alberto,Engenharia de Redes,4,25,F,10.4
20265322,Helena Augusto,Engenharia de Redes,3,23,M,8.5
20265323,Elsa Domingos,Engenharia Electronica,4,26,F,9.5
20265324,Sonia Armando,Engenharia Electronica,4,24,F,8.1
20265325,Pedro Tomas,Engenharia Informatica,2,21,M,10.3
20265326,Rosa Fernando,Engenharia de Redes,1,17,M,18.4
20265327,Nelson Mario,Engenharia Electronica,3,26,M,19.4
20265328,Manuel Sergio,Engenharia Electronica,1,24,M,5.4
20265329,Dario Miguel,Engenharia Electronica,2,17,F,6.9
20265330,Carlos Jose,Engenharia Telecomunicacoes,2,26,F,15.4
20265331,Nelson Mario,Engenharia de Redes,1,30,M,7.2
20265332,Nelson Mario,Engenharia Telecomunicacoes,3,23,F,9.8
20265333,Dario Miguel,Engenharia Informatica,1,25,F,19.2
20265334,Antonio Salvador,Engenharia Telecomunicacoes,2,24,M,17.6
20265335,Fatima Luis,Engenharia Electronica,4,24,F,6.9
20265336,Rosa Fernando,Engenharia de Redes,2,25,M,6.1
20265337,Lucia Joaquim,Engenharia de Redes,3,26,M,14.9
20265338,Antonio Salvador,Engenharia de Redes,3,22,M,10.1
20265339,Lucia Joaquim,Engenharia Electronica,3,17,M,9.9
20265340,Nelson Mario,Engenharia de Redes,2,26,F,11.6
20265341,Edson Mateus,Engenharia Electronica,3,18,F,14.4
20265342,Pedro Tomas,Engenharia Electronica,2,28,M,7.2
20265343,Carlos Jose,Engenharia de Redes,2,29,F,10.9
20265344,Lucia Joaquim,Engenharia Informatica,1,26,F,6.4
20265345,Antonio Salvador,Engenharia de Redes,3,28,M,9.8
20265346,Carlos Jose,Engenharia Telecomunicacoes,1,29,F,12.1
20265347,Elsa Domingos,Engenharia Electronica,4,20,F,12.7
20265348,Dario Miguel,Engenharia Telecomunicacoes,3,17,F,17.3
20265349,Antonio Salvador,Engenharia Telecomunicacoes,2,28,F,16.8
20265350,Edson Mateus,Engenharia Electronica,1,28,F,13.7
20265351,Manuel Sergio,Engenharia Telecomunicacoes,3,27,F,13.6
20265352,Marta Paulo,Engenharia Telecomunicacoes,1,30,F,10.4
20265353,Pedro Tomas,Engenharia Electronica,4,26,M,13.7
20265354,Carlos Jose,Engenharia Informatica,3,30,M,14.1
20265355,Sonia Armando,Engenharia Informatica,2,29,F,18.6
20265356,Lucia Joaquim,Engenharia Electronica,4,17,F,13.3
20265357,Samuel Ernesto,Engenharia Informatica,1,20,M,16.1
20265358,Nelson Mario,Engenharia Electronica,3,24,F,8.0
20265359,Samuel Ernesto,Engenharia de Redes,2,24,M,13.2
20265360,Marta Paulo,Engenharia Telecomunicacoes,4,20,M,17.3
20265361,Joao Alberto,Engenharia Informatica,2,17,F,14.3
20265362,Fatima Luis,Engenharia Informatica,2,17,F,9.3
20265363,Edson Mateus,Engenharia Informatica,2,26,F,13.3
20265364,Teresa Carlos,Engenharia Informatica,4,27,M,9.5
20265365,Antonio Salvador,Engenharia Telecomunicacoes,2,18,F,15.1
20265366,Helena Augusto,Engenharia Informatica,2,18,F,7.9
20265367,Elsa Domingos,Engenharia Telecomunicacoes,1,24,F,8.5
20265368,Manuel Sergio,Engenharia de Redes,4,17,M,19.6
20265369,Marta Paulo,Engenharia de Redes,1,17,F,15.4
20265370,Helena Augusto,Engenharia Informatica,1,25,M,9.4
20265371,Lucia Joaquim,Engenharia Informatica,1,20,F,16.7
20265372,Ana Manuel,Engenharia Telecomunicacoes,3,29,M,13.9
20265373,Manuel Sergio,Engenharia Informatica,4,18,M,18.4
20265374,Alberto Jaime,Engenharia de Redes,3,17,M,11.8
20265375,Celina Ernesto,Engenharia Electronica,4,19,F,6.1
20265376,Elsa Domingos,Engenharia Telecomunicacoes,1,23,F,17.5
20265377,Alberto Jaime,Engenharia Informatica,1,27,F,9.7
20265378,Rosa Fernando,Engenharia Informatica,2,29,M,17.9
20265379,Fatima Luis,Engenharia Informatica,4,23,M,5.3
20265380,Antonio Salvador,Engenharia Electronica,4,26,M,11.0
20265381,Samuel Ernesto,Engenharia Telecomunicacoes,2,29,F,8.3
20265382,Rosa Fernando,Engenharia Informatica,1,24,F,16.1
20265383,Lucia Joaquim,Engenharia Informatica,1,26,M,18.0
20265384,Marta Paulo,Engenharia Electronica,1,25,M,8.0
20265385,Pedro Tomas,Engenharia Telecomunicacoes,3,20,F,17.0
20265386,Elsa Domingos,Engenharia Electronica,4,21,M,18.2
20265387,Dario Miguel,Engenharia Telecomunicacoes,2,20,M,10.0
20265388,Ana Manuel,Engenharia de Redes,2,19,M,18.7
20265389,Celina Ernesto,Engenharia Electronica,3,28,M,10.3
20265390,Joao Alberto,Engenharia Telecomunicacoes,1,26,M,16.7
20265391,Fatima Luis,Engenharia Electronica,2,29,F,11.4
20265392,Dario Miguel,Engenharia Telecomunicacoes,4,20,M,18.2
20265393,Fatima Luis,Engenharia Telecomunicacoes,2,25,F,5.5
20265394,Nelson Mario,Engenharia de Redes,3,24,M,12.8
20265395,Manuel Sergio,Engenharia de Redes,3,25,M,16.1
20265396,Sonia Armando,Engenharia Informatica,4,20,M,16.5
20265397,Celina Ernesto,Engenharia Informatica,4,20,F,11.9
20265398,Antonio Salvador,Engenharia Telecomunicacoes,4,24,M,5.6
20265399,Sonia Armando,Engenharia Electronica,3,17,F,6.7
20265400,Sonia Armando,Engenharia Electronica,1,22,M,7.7
20265401,Joao Alberto,Engenharia Electronica,2,28,M,18.4
20265402,Marta Paulo,Engenharia de Redes,4,18,F,9.6
20265403,Ana Manuel,Engenharia Telecomunicacoes,4,18,F,12.7
20265404,Pedro Tomas,Engenharia de Redes,1,29,M,10.1
20265405,Sonia Armando,Engenharia de Redes,3,21,F,16.1
20265406,Teresa Carlos,Engenharia Telecomunicacoes,4,25,M,18.9
20265407,Nelson Mario,Engenharia de Redes,4,18,M,17.1
20265408,Fatima Luis,Engenharia Electronica,3,27,M,9.2
20265409,Lucia Joaquim,Engenharia Electronica,4,29,M,5.4
20265410,Nelson Mario,Engenharia Informatica,1,18,M,14.7
20265411,Celina Ernesto,Engenharia Telecomunicacoes,4,29,F,19.3
20265412,Teresa Carlos,Engenharia de Redes,4,21,F,15.4
20265413,Rosa Fernando,Engenharia Telecomunicacoes,4,29,F,13.0
20265414,Carlos Jose,Engenharia Electronica,4,17,F,8.9
20265415,Samuel Ernesto,Engenharia Informatica,4,27,M,5.5
20265416,Joao Alberto,Engenharia Informatica,2,23,M,17.8
20265417,Ana Manuel,Engenharia Telecomunicacoes,3,30,M,13.4
20265418,Fatima Luis,Engenharia de Redes,4,17,F,15.4
20265419,Pedro Tomas,Engenharia de Redes,3,28,M,18.1
20265420,Joao Alberto,Engenharia Electronica,2,26,M,8.8
20265421,Samuel Ernesto,Engenharia de Redes,4,26,M,9.4
20265422,Marta Paulo,Engenharia de Redes,3,30,M,7.0
20265423,Lucia Joaquim,Engenharia Telecomunicacoes,1,17,F,11.2
20265424,Marta Paulo,Engenharia de Redes,2,21,M,11.9
20265425,Edson Mateus,Engenharia Electronica,2,20,M,15.1
20265426,Manuel Sergio,Engenharia Telecomunicacoes,2,30,F,11.3
20265427,Teresa Carlos,Engenharia de Redes,1,27,F,5.8
20265428,Rosa Fernando,Engenharia Informatica,4,25,F,6.9
20265429,Samuel Ernesto,Engenharia Electronica,3,24,M,19.3
20265430,Nelson Mario,Engenharia Informatica,3,30,M,13.4
20265431,Marta Paulo,Engenharia Electronica,2,27,F,9.7
20265432,Antonio Salvador,Engenharia Telecomunicacoes,2,27,F,12.3
20265433,Dario Miguel,Engenharia de Redes,3,30,M,14.9
20265434,Helena Augusto,Engenharia Informatica,2,17,F,11.2
20265435,Lucia Joaquim,Engenharia de Redes,3,27,M,19.3
20265436,Alberto Jaime,Engenharia Informatica,1,22,F,18.3
20265437,Marta Paulo,Engenharia de Redes,1,27,M,6.1
20265438,Ana Manuel,Engenharia de Redes,1,18,M,6.8
20265439,Edson Mateus,Engenharia de Redes,3,21,M,15.7
20265440,Marta Paulo,Engenharia Informatica,2,17,M,10.4
20265441,Edson Mateus,Engenharia Telecomunicacoes,3,30,M,8.2
20265442,Teresa Carlos,Engenharia Electronica,2,20,M,20.0
20265443,Alberto Jaime,Engenharia Electronica,4,24,F,5.8
20265444,Dario Miguel,Engenharia Informatica,2,22,F,7.6
20265445,Joao Alberto,Engenharia Telecomunicacoes,1,29,F,13.3
20265446,Pedro Tomas,Engenharia Telecomunicacoes,4,24,F,14.2
20265447,Elsa Domingos,Engenharia de Redes,1,19,M,10.4
20265448,Fatima Luis,Engenharia Telecomunicacoes,3,24,F,11.1
20265449,Elsa Domingos,Engenharia Telecomunicacoes,1,29,F,17.4
20265450,Fatima Luis,Engenharia de Redes,1,30,F,11.7
20265451,Nelson Mario,Engenharia de Redes,1,25,M,18.8
20265452,Manuel Sergio,Engenharia Telecomunicacoes,2,17,M,17.0
20265453,Carlos Jose,Engenharia Telecomunicacoes,3,25,M,13.9
20265454,Manuel Sergio,Engenharia de Redes,3,25,M,18.0
20265455,Pedro Tomas,Engenharia de Redes,3,17,M,17.0
20265456,Sonia Armando,Engenharia Electronica,4,22,M,7.0
20265457,Alberto Jaime,Engenharia de Redes,3,27,M,6.3
20265458,Samuel Ernesto,Engenharia Telecomunicacoes,1,24,M,12.5
20265459,Helena Augusto,Engenharia Electronica,1,30,F,7.9
20265460,Lucia Joaquim,Engenharia Telecomunicacoes,2,17,F,11.6
20265461,Pedro Tomas,Engenharia de Redes,2,17,F,6.9
20265462,Elsa Domingos,Engenharia Electronica,3,19,M,19.3
20265463,Nelson Mario,Engenharia Telecomunicacoes,1,26,F,20.0
20265464,Rosa Fernando,Engenharia Electronica,1,28,M,8.4
20265465,Marta Paulo,Engenharia de Redes,3,19,F,9.1
20265466,Elsa Domingos,Engenharia de Redes,3,18,F,10.1
20265467,Dario Miguel,Engenharia Telecomunicacoes,4,29,F,5.9
20265468,Antonio Salvador,Engenharia Telecomunicacoes,4,28,M,14.0
20265469,Fatima Luis,Engenharia Telecomunicacoes,2,24,M,8.5
20265470,Sonia Armando,Engenharia Telecomunicacoes,2,25,M,15.5
20265471,Pedro Tomas,Engenharia Telecomunicacoes,4,19,F,12.5
20265472,Pedro Tomas,Engenharia Telecomunicacoes,3,29,F,6.5
20265473,Nelson Mario,Engenharia Telecomunicacoes,4,30,F,5.1
20265474,Helena Augusto,Engenharia Electronica,2,27,F,8.8
20265475,Carlos Jose,Engenharia Telecomunicacoes,4,17,M,8.0
20265476,Nelson Mario,Engenharia Telecomunicacoes,1,27,F,13.0
20265477,Antonio Salvador,Engenharia de Redes,1,19,M,14.7
20265478,Dario Miguel,Engenharia Informatica,3,24,F,11.6
20265479,Helena Augusto,Engenharia Electronica,1,24,M,13.6
20265480,Elsa Domingos,Engenharia Informatica,4,21,M,17.7
20265481,Antonio Salvador,Engenharia Electronica,3,28,F,6.4
20265482,Alberto Jaime,Engenharia Telecomunicacoes,4,26,F,11.5
20265483,Ana Manuel,Engenharia Electronica,2,28,F,14.4
20265484,Rosa Fernando,Engenharia Telecomunicacoes,4,25,M,14.3
20265485,Sonia Armando,Engenharia Telecomunicacoes,2,27,F,8.3
20265486,Rosa Fernando,Engenharia de Redes,2,27,F,6.2
20265487,Antonio Salvador,Engenharia Informatica,2,19,F,13.9
20265488,Antonio Salvador,Engenharia de Redes,3,29,M,16.7
20265489,Ana Manuel,Engenharia Telecomunicacoes,3,17,M,11.5
20265490,Teresa Carlos,Engenharia de Redes,1,23,M,8.3
20265491,Edson Mateus,Engenharia de Redes,4,24,F,18.1
20265492,Helena Augusto,Engenharia de Redes,2,19,M,15.9
20265493,Marta Paulo,Engenharia Informatica,2,25,M,7.8
20265494,Celina Ernesto,Engenharia de Redes,4,19,F,6.5
20265495,Antonio Salvador,Engenharia de Redes,2,27,M,9.4
20265496,Helena Augusto,Engenharia de Redes,2,26,M,14.2
20265497,Samuel Ernesto,Engenharia Electronica,1,20,M,9.8
20265498,Edson Mateus,Engenharia de Redes,3,23,M,8.0
20265499,Alberto Jaime,Engenharia Informatica,4,20,F,5.8
20265500,Marta Paulo,Engenharia Informatica,2,28,M,19.1
20265501,Elsa Domingos,Engenharia de Redes,2,27,F,10.3
20265502,Elsa Domingos,Engenharia de Redes,2,28,F,7.6
20265503,Fatima Luis,Engenharia Electronica,4,21,F,14.0
20265504,Marta Paulo,Engenharia de Redes,4,17,F,13.7
20265505,Carlos Jose,Engenharia Informatica,3,25,M,10.9
20265506,Ana Manuel,Engenharia de Redes,2,30,F,11.2
20265507,Edson Mateus,Engenharia de Redes,2,27,M,12.7
20265508,Samuel Ernesto,Engenharia Electronica,3,18,M,19.9
20265509,Carlos Jose,Engenharia Informatica,2,24,F,18.8
20265510,Edson Mateus,Engenharia Electronica,1,17,M,10.3
20265511,Alberto Jaime,Engenharia Telecomunicacoes,3,23,M,19.4
20265512,Edson Mateus,Engenharia Electronica,4,29,F,15.3
20265513,Nelson Mario,Engenharia de Redes,1,28,M,7.0
20265514,Helena Augusto,Engenharia Informatica,3,23,M,10.2
20265515,Marta Paulo,Engenharia Telecomunicacoes,4,25,M,16.1
20265516,Rosa Fernando,Engenharia Informatica,2,24,M,8.7
20265517,Sonia Armando,Engenharia Electronica,1,26,M,12.6
20265518,Samuel Ernesto,Engenharia Telecomunicacoes,1,23,F,16.2
20265519,Carlos Jose,Engenharia Telecomunicacoes,2,17,M,9.2
20265520,Samuel Ernesto,Engenharia Telecomunicacoes,3,20,M,16.6
20265521,Nelson Mario,Engenharia Electronica,3,25,M,13.9
20265522,Pedro Tomas,Engenharia Informatica,2,30,F,15.3
20265523,Elsa Domingos,Engenharia Informatica,2,25,M,6.0
20265524,Teresa Carlos,Engenharia Informatica,2,22,M,11.3
20265525,Edson Mateus,Engenharia de Redes,4,17,M,13.8
20265526,Carlos Jose,Engenharia Telecomunicacoes,4,23,M,11.6
20265527,Rosa Fernando,Engenharia de Redes,1,27,F,11.4
20265528,Pedro Tomas,Engenharia Telecomunicacoes,1,29,M,5.7
20265529,Nelson Mario,Engenharia de Redes,3,22,M,15.7
20265530,Marta Paulo,Engenharia Informatica,1,29,M,6.8
20265531,Teresa Carlos,Engenharia Telecomunicacoes,2,20,M,7.0
20265532,Dario Miguel,Engenharia de Redes,4,17,F,17.2
20265533,Teresa Carlos,Engenharia Electronica,3,28,F,16.5
20265534,Ana Manuel,Engenharia Telecomunicacoes,3,29,M,7.9
20265535,Teresa Carlos,Engenharia Informatica,1,17,F,7.8
20265536,Edson Mateus,Engenharia Electronica,4,18,F,18.7
20265537,Dario Miguel,Engenharia Informatica,4,28,F,14.0
20265538,Samuel Ernesto,Engenharia Informatica,2,23,M,5.5
20265539,Antonio Salvador,Engenharia Electronica,1,26,F,15.1
20265540,Helena Augusto,Engenharia Telecomunicacoes,4,25,M,6.2
20265541,Manuel Sergio,Engenharia de Redes,1,24,F,13.0
20265542,Edson Mateus,Engenharia Telecomunicacoes,2,28,F,16.3
20265543,Dario Miguel,Engenharia Electronica,1,24,F,14.0
20265544,Marta Paulo,Engenharia Telecomunicacoes,2,20,F,6.1
20265545,Fatima Luis,Engenharia Electronica,3,19,F,5.6
20265546,Sonia Armando,Engenharia Informatica,1,30,F,12.2
20265547,Marta Paulo,Engenharia de Redes,4,22,M,10.8
20265548,Rosa Fernando,Engenharia Electronica,1,23,M,6.6
20265549,Pedro Tomas,Engenharia de Redes,2,28,F,14.7
20265550,Carlos Jose,Engenharia de Redes,3,18,M,9.8
20265551,Marta Paulo,Engenharia Telecomunicacoes,1,18,M,5.7
20265552,Marta Paulo,Engenharia Informatica,1,27,F,18.0
20265553,Nelson Mario,Engenharia Telecomunicacoes,2,17,F,9.9
20265554,Helena Augusto,Engenharia de Redes,2,17,M,16.8
20265555,Nelson Mario,Engenharia Informatica,3,30,M,14.0
20265556,Dario Miguel,Engenharia Informatica,1,26,M,14.5
20265557,Helena Augusto,Engenharia de Redes,1,21,M,5.5
20265558,Pedro Tomas,Engenharia Informatica,1,19,F,17.6
20265559,Manuel Sergio,Engenharia Informatica,1,23,M,16.6
20265560,Dario Miguel,Engenharia Informatica,3,21,M,17.6
20265561,Dario Miguel,Engenharia Informatica,4,18,M,5.6
20265562,Dario Miguel,Engenharia Telecomunicacoes,3,23,M,9.0
20265563,Helena Augusto,Engenharia Electronica,1,30,M,5.2
20265564,Lucia Joaquim,Engenharia Informatica,4,30,F,15.4
20265565,Rosa Fernando,Engenharia Electronica,3,23,M,13.9
20265566,Nelson Mario,Engenharia Electronica,1,24,M,7.1
20265567,Sonia Armando,Engenharia Informatica,3,19,F,9.4
20265568,Antonio Salvador,Engenharia de Redes,4,23,F,9.7
20265569,Fatima Luis,Engenharia Electronica,4,23,M,14.1
20265570,Samuel Ernesto,Engenharia Electronica,2,17,F,10.9
20265571,Edson Mateus,Engenharia de Redes,2,25,M,6.9
20265572,Edson Mateus,Engenharia de Redes,3,26,F,7.0
20265573,Elsa Domingos,Engenharia Telecomunicacoes,4,23,F,6.8
20265574,Elsa Domingos,Engenharia de Redes,2,29,M,11.5
20265575,Fatima Luis,Engenharia Electronica,2,21,M,18.1
20265576,Samuel Ernesto,Engenharia de Redes,4,27,F,6.9
20265577,Antonio Salvador,Engenharia de Redes,2,30,M,16.2
20265578,Edson Mateus,Engenharia Informatica,2,18,M,17.3
20265579,Alberto Jaime,Engenharia Telecomunicacoes,2,18,F,9.8
20265580,Sonia Armando,Engenharia Telecomunicacoes,2,22,F,10.1
20265581,Elsa Domingos,Engenharia Informatica,1,25,M,16.2
20265582,Teresa Carlos,Engenharia Electronica,4,18,M,7.7
20265583,Antonio Salvador,Engenharia Informatica,3,29,F,5.1
20265584,Antonio Salvador,Engenharia Telecomunicacoes,3,20,F,7.8
20265585,Joao Alberto,Engenharia Electronica,3,23,F,9.9
20265586,Samuel Ernesto,Engenharia Telecomunicacoes,3,27,F,8.6
20265587,Celina Ernesto,Engenharia Informatica,1,26,F,18.2
20265588,Helena Augusto,Engenharia Electronica,3,28,F,15.9
20265589,Sonia Armando,Engenharia Informatica,3,30,F,17.1
20265590,Dario Miguel,Engenharia de Redes,2,21,F,15.2
20265591,Rosa Fernando,Engenharia de Redes,2,28,M,5.7
20265592,Celina Ernesto,Engenharia Informatica,1,23,F,8.4
20265593,Fatima Luis,Engenharia de Redes,1,25,F,14.8
20265594,Carlos Jose,Engenharia de Redes,2,30,M,7.4
20265595,Manuel Sergio,Engenharia Electronica,4,25,M,17.2
20265596,Lucia Joaquim,Engenharia Electronica,4,24,M,16.6
20265597,Antonio Salvador,Engenharia Telecomunicacoes,4,20,M,12.5
20265598,Dario Miguel,Engenharia Telecomunicacoes,2,28,M,17.4
20265599,Celina Ernesto,Engenharia Electronica,3,21,F,6.9
20265600,Lucia Joaquim,Engenharia Telecomunicacoes,3,18,F,18.5
20265601,Teresa Carlos,Engenharia Telecomunicacoes,1,22,F,19.8
20265602,Sonia Armando,Engenharia Electronica,3,20,F,12.7
20265603,Alberto Jaime,Engenharia Telecomunicacoes,1,21,M,11.0
20265604,Manuel Sergio,Engenharia de Redes,4,28,F,13.0
20265605,Dario Miguel,Engenharia de Redes,3,22,M,6.2
20265606,Celina Ernesto,Engenharia Informatica,4,22,F,6.1
20265607,Fatima Luis,Engenharia de Redes,3,26,F,6.5
20265608,Celina Ernesto,Engenharia de Redes,2,18,F,12.2
20265609,Edson Mateus,Engenharia Informatica,3,29,M,8.3
20265610,Joao Alberto,Engenharia Informatica,4,18,M,18.8
20265611,Antonio Salvador,Engenharia Telecomunicacoes,4,21,M,15.6
20265612,Edson Mateus,Engenharia Electronica,2,20,F,13.9
20265613,Samuel Ernesto,Engenharia de Redes,1,29,F,15.3
20265614,Antonio Salvador,Engenharia Telecomunicacoes,2,30,F,18.3
20265615,Helena Augusto,Engenharia de Redes,2,26,M,17.6
20265616,Rosa Fernando,Engenharia Informatica,1,17,F,16.2
20265617,Edson Mateus,Engenharia Telecomunicacoes,3,21,M,10.5
20265618,Dario Miguel,Engenharia Electronica,4,27,F,16.0
20265619,Teresa Carlos,Engenharia Informatica,4,25,M,5.8
20265620,Celina Ernesto,Engenharia Informatica,3,26,F,12.5
20265621,Sonia Armando,Engenharia Telecomunicacoes,4,23,F,12.7
20265622,Alberto Jaime,Engenharia Electronica,1,20,F,6.8
20265623,Pedro Tomas,Engenharia Telecomunicacoes,2,30,M,9.0
20265624,Carlos Jose,Engenharia de Redes,1,21,M,8.1
20265625,Joao Alberto,Engenharia Electronica,2,29,M,13.3
20265626,Edson Mateus,Engenharia de Redes,4,28,M,8.8
20265627,Rosa Fernando,Engenharia Informatica,2,23,M,11.2
20265628,Antonio Salvador,Engenharia de Redes,1,17,M,10.7
20265629,Celina Ernesto,Engenharia Telecomunicacoes,2,18,F,16.8
20265630,Dario Miguel,Engenharia Telecomunicacoes,1,26,F,17.9
20265631,Teresa Carlos,Engenharia de Redes,2,24,M,16.4
20265632,Celina Ernesto,Engenharia de Redes,3,28,F,14.0
20265633,Fatima Luis,Engenharia Informatica,3,28,M,14.7
20265634,Manuel Sergio,Engenharia Telecomunicacoes,1,23,M,14.9
20265635,Elsa Domingos,Engenharia Informatica,3,25,M,19.8
20265636,Joao Alberto,Engenharia Telecomunicacoes,2,21,M,8.1
20265637,Lucia Joaquim,Engenharia Electronica,1,18,M,19.7
20265638,Manuel Sergio,Engenharia Electronica,1,19,M,7.7
20265639,Ana Manuel,Engenharia de Redes,2,24,F,12.1
20265640,Ana Manuel,Engenharia Electronica,2,29,M,8.8
20265641,Teresa Carlos,Engenharia Informatica,1,28,M,15.9
20265642,Helena Augusto,Engenharia Electronica,3,28,M,13.6
20265643,Sonia Armando,Engenharia Telecomunicacoes,1,26,F,12.5
20265644,Fatima Luis,Engenharia Informatica,2,29,M,7.9
20265645,Elsa Domingos,Engenharia Electronica,4,19,M,11.0
20265646,Manuel Sergio,Engenharia de Redes,4,24,M,13.5
20265647,Antonio Salvador,Engenharia de Redes,1,20,M,6.3
20265648,Sonia Armando,Engenharia Informatica,3,20,F,19.4
20265649,Dario Miguel,Engenharia Electronica,2,23,M,17.8
20265650,Fatima Luis,Engenharia Telecomunicacoes,1,27,M,17.7
20265651,Joao Alberto,Engenharia Electronica,1,17,F,6.1
20265652,Nelson Mario,Engenharia Informatica,3,21,F,9.6
20265653,Pedro Tomas,Engenharia Telecomunicacoes,4,21,M,14.3
20265654,Marta Paulo,Engenharia Electronica,1,18,F,18.0
20265655,Teresa Carlos,Engenharia de Redes,1,29,M,16.7
20265656,Sonia Armando,Engenharia de Redes,1,21,F,10.1
20265657,Alberto Jaime,Engenharia Telecomunicacoes,1,23,M,14.2
20265658,Helena Augusto,Engenharia de Redes,4,27,F,10.8
20265659,Pedro Tomas,Engenharia Informatica,4,18,F,17.0
20265660,Fatima Luis,Engenharia de Redes,2,23,M,8.4
20265661,Pedro Tomas,Engenharia Informatica,3,25,M,13.5
20265662,Rosa Fernando,Engenharia Telecomunicacoes,3,22,M,6.6
20265663,Antonio Salvador,Engenharia Electronica,4,26,F,7.4
20265664,Alberto Jaime,Engenharia de Redes,1,18,F,15.2
20265665,Edson Mateus,Engenharia Informatica,4,27,M,8.1
20265666,Pedro Tomas,Engenharia de Redes,1,30,M,12.6
20265667,Manuel Sergio,Engenharia de Redes,1,17,M,15.1
20265668,Alberto Jaime,Engenharia Telecomunicacoes,3,25,M,19.8
20265669,Alberto Jaime,Engenharia Electronica,2,28,F,19.9
20265670,Manuel Sergio,Engenharia Electronica,3,24,F,7.5
20265671,Fatima Luis,Engenharia Telecomunicacoes,4,23,M,14.9
20265672,Antonio Salvador,Engenharia de Redes,3,28,M,12.8
20265673,Elsa Domingos,Engenharia de Redes,3,30,M,19.6
20265674,Marta Paulo,Engenharia Electronica,3,30,F,9.1
20265675,Rosa Fernando,Engenharia Electronica,3,27,F,15.8
20265676,Celina Ernesto,Engenharia Electronica,1,29,M,8.6
20265677,Alberto Jaime,Engenharia Telecomunicacoes,1,25,M,15.2
20265678,Teresa Carlos,Engenharia de Redes,3,20,M,10.0
20265679,Ana Manuel,Engenharia Telecomunicacoes,4,29,M,9.2
20265680,Carlos Jose,Engenharia de Redes,1,22,F,13.0
20265681,Fatima Luis,Engenharia Electronica,4,26,F,7.8
20265682,Samuel Ernesto,Engenharia Informatica,2,23,M,9.5
20265683,Teresa Carlos,Engenharia Informatica,3,29,F,12.1
20265684,Rosa Fernando,Engenharia Telecomunicacoes,1,29,M,6.3
20265685,Ana Manuel,Engenharia de Redes,2,19,M,17.6
20265686,Lucia Joaquim,Engenharia Informatica,1,29,F,11.1
20265687,Teresa Carlos,Engenharia Telecomunicacoes,4,27,M,8.1
20265688,Edson Mateus,Engenharia de Redes,4,21,M,9.0
20265689,Elsa Domingos,Engenharia de Redes,1,20,F,17.8
20265690,Celina Ernesto,Engenharia de Redes,2,30,M,9.0
20265691,Lucia Joaquim,Engenharia Telecomunicacoes,1,28,M,17.3
20265692,Marta Paulo,Engenharia Informatica,1,17,F,14.4
20265693,Manuel Sergio,Engenharia Informatica,4,29,F,15.2
20265694,Samuel Ernesto,Engenharia Electronica,1,23,M,19.7
20265695,Sonia Armando,Engenharia de Redes,4,26,M,8.0
20265696,Fatima Luis,Engenharia Telecomunicacoes,1,23,F,9.0
20265697,Fatima Luis,Engenharia Electronica,4,30,M,9.0
20265698,Alberto Jaime,Engenharia Telecomunicacoes,3,17,M,15.0
20265699,Pedro Tomas,Engenharia de Redes,1,19,M,5.4
20265700,Elsa Domingos,Engenharia de Redes,3,23,M,5.9
20265701,Marta Paulo,Engenharia Informatica,2,26,F,8.6
20265702,Elsa Domingos,Engenharia Informatica,2,26,F,6.9
20265703,Alberto Jaime,Engenharia de Redes,3,22,M,19.4
20265704,Joao Alberto,Engenharia Telecomunicacoes,2,24,M,19.0
20265705,Rosa Fernando,Engenharia Informatica,3,28,F,12.3
20265706,Marta Paulo,Engenharia Informatica,4,30,M,6.8
20265707,Ana Manuel,Engenharia de Redes,3,17,M,5.5
20265708,Rosa Fernando,Engenharia Telecomunicacoes,3,24,M,12.7
20265709,Fatima Luis,Engenharia Informatica,2,21,M,11.9
20265710,Manuel Sergio,Engenharia Electronica,3,28,F,18.0
20265711,Sonia Armando,Engenharia Telecomunicacoes,4,19,F,14.2
20265712,Fatima Luis,Engenharia Informatica,4,25,F,16.9
20265713,Elsa Domingos,Engenharia Electronica,2,28,F,11.4
20265714,Teresa Carlos,Engenharia Electronica,3,21,M,18.3
20265715,Dario Miguel,Engenharia Electronica,2,17,F,19.9
20265716,Carlos Jose,Engenharia de Redes,3,23,F,17.7
20265717,Lucia Joaquim,Engenharia Telecomunicacoes,4,26,F,6.9
20265718,Antonio Salvador,Engenharia Telecomunicacoes,2,30,F,18.5
20265719,Samuel Ernesto,Engenharia de Redes,4,20,F,5.3
20265720,Samuel Ernesto,Engenharia Telecomunicacoes,2,22,M,10.3
20265721,Ana Manuel,Engenharia Telecomunicacoes,1,24,F,17.0
20265722,Sonia Armando,Engenharia Informatica,2,27,M,8.1
20265723,Pedro Tomas,Engenharia Informatica,1,19,M,8.2
20265724,Dario Miguel,Engenharia Electronica,1,17,M,6.9
20265725,Marta Paulo,Engenharia Telecomunicacoes,1,29,M,19.0
20265726,Celina Ernesto,Engenharia Informatica,3,25,F,16.7
20265727,Carlos Jose,Engenharia Telecomunicacoes,1,22,M,13.0
20265728,Rosa Fernando,Engenharia Telecomunicacoes,3,24,M,14.0
20265729,Fatima Luis,Engenharia Telecomunicacoes,3,30,M,14.6
20265730,Lucia Joaquim,Engenharia Telecomunicacoes,1,22,F,13.0
20265731,Alberto Jaime,Engenharia Telecomunicacoes,2,29,F,11.5
20265732,Sonia Armando,Engenharia Telecomunicacoes,3,30,F,12.6
20265733,Pedro Tomas,Engenharia Electronica,3,27,M,15.3
20265734,Teresa Carlos,Engenharia Informatica,3,22,F,8.7
20265735,Teresa Carlos,Engenharia Informatica,4,28,M,17.7
20265736,Sonia Armando,Engenharia de Redes,4,18,M,5.2
20265737,Edson Mateus,Engenharia Electronica,1,28,M,16.1
20265738,Teresa Carlos,Engenharia Telecomunicacoes,3,21,M,15.7
20265739,Carlos Jose,Engenharia Telecomunicacoes,3,17,M,19.0
20265740,Manuel Sergio,Engenharia Electronica,3,29,M,14.0
20265741,Fatima Luis,Engenharia Electronica,3,25,F,17.9
20265742,Teresa Carlos,Engenharia Telecomunicacoes,2,24,M,16.6
20265743,Edson Mateus,Engenharia de Redes,4,27,M,19.0
20265744,Sonia Armando,Engenharia Electronica,2,22,M,18.2
20265745,Joao Alberto,Engenharia Telecomunicacoes,2,25,M,7.2
20265746,Edson Mateus,Engenharia Telecomunicacoes,4,26,M,14.2
20265747,Ana Manuel,Engenharia de Redes,1,28,M,18.1
20265748,Antonio Salvador,Engenharia Electronica,3,26,M,11.9
20265749,Sonia Armando,Engenharia Informatica,4,23,F,8.0
20265750,Helena Augusto,Engenharia Electronica,4,27,M,6.8
20265751,Lucia Joaquim,Engenharia Electronica,2,22,F,19.0
20265752,Rosa Fernando,Engenharia de Redes,4,21,F,10.6
20265753,Joao Alberto,Engenharia Telecomunicacoes,2,24,F,15.2
20265754,Elsa Domingos,Engenharia Electronica,2,29,F,19.1
20265755,Antonio Salvador,Engenharia Informatica,2,21,F,12.4
20265756,Carlos Jose,Engenharia Informatica,3,21,M,10.0
20265757,Nelson Mario,Engenharia Electronica,3,22,M,18.3
20265758,Antonio Salvador,Engenharia de Redes,2,18,M,19.9
20265759,Fatima Luis,Engenharia Telecomunicacoes,3,29,M,15.5
20265760,Manuel Sergio,Engenharia de Redes,1,25,M,16.4
20265761,Edson Mateus,Engenharia Informatica,1,25,M,16.4
20265762,Carlos Jose,Engenharia Electronica,2,18,M,6.3
20265763,Lucia Joaquim,Engenharia de Redes,3,29,F,6.4
20265764,Helena Augusto,Engenharia de Redes,2,20,M,13.3
20265765,Carlos Jose,Engenharia Telecomunicacoes,1,27,M,5.5
20265766,Helena Augusto,Engenharia Electronica,1,18,F,10.5
20265767,Dario Miguel,Engenharia Telecomunicacoes,1,18,F,10.5
20265768,Fatima Luis,Engenharia Telecomunicacoes,1,19,M,9.3
20265769,Carlos Jose,Engenharia Telecomunicacoes,2,28,F,19.1
20265770,Manuel Sergio,Engenharia Telecomunicacoes,4,26,F,7.8
20265771,Ana Manuel,Engenharia Telecomunicacoes,4,25,F,19.2
20265772,Marta Paulo,Engenharia Telecomunicacoes,3,21,M,12.8
20265773,Manuel Sergio,Engenharia de Redes,4,23,F,16.2
20265774,Sonia Armando,Engenharia Telecomunicacoes,1,25,F,9.5
20265775,Marta Paulo,Engenharia Telecomunicacoes,3,19,M,11.5
20265776,Alberto Jaime,Engenharia Electronica,2,28,M,9.6
20265777,Ana Manuel,Engenharia Electronica,4,27,F,16.5
20265778,Pedro Tomas,Engenharia de Redes,4,23,F,11.6
20265779,Lucia Joaquim,Engenharia Informatica,4,24,M,9.1
20265780,Helena Augusto,Engenharia Telecomunicacoes,3,23,M,15.0
20265781,Edson Mateus,Engenharia Electronica,4,30,F,19.7
20265782,Helena Augusto,Engenharia Electronica,2,18,M,10.0
20265783,Manuel Sergio,Engenharia de Redes,3,27,F,7.9
20265784,Sonia Armando,Engenharia Informatica,2,27,M,16.9
20265785,Helena Augusto,Engenharia Informatica,4,21,M,10.9
20265786,Teresa Carlos,Engenharia Informatica,1,27,F,17.6
20265787,Helena Augusto,Engenharia Telecomunicacoes,2,27,F,9.0
20265788,Dario Miguel,Engenharia de Redes,2,19,F,8.4
20265789,Fatima Luis,Engenharia Telecomunicacoes,4,28,M,5.8
20265790,Elsa Domingos,Engenharia Informatica,2,25,M,12.4
20265791,Edson Mateus,Engenharia Electronica,4,25,F,5.8
20265792,Sonia Armando,Engenharia Electronica,3,26,M,15.3
20265793,Lucia Joaquim,Engenharia de Redes,4,27,M,17.4
20265794,Rosa Fernando,Engenharia de Redes,1,17,M,10.1
20265795,Celina Ernesto,Engenharia de Redes,4,27,M,8.9
20265796,Sonia Armando,Engenharia Electronica,2,23,F,7.5
20265797,Carlos Jose,Engenharia Electronica,4,18,M,19.4
20265798,Antonio Salvador,Engenharia Telecomunicacoes,3,29,M,7.7
20265799,Carlos Jose,Engenharia Electronica,2,18,M,11.6
20265800,Rosa Fernando,Engenharia Informatica,3,19,F,8.7
20265801,Marta Paulo,Engenharia Informatica,3,27,F,17.1
20265802,Manuel Sergio,Engenharia Electronica,1,20,F,9.7
20265803,Dario Miguel,Engenharia Electronica,1,25,F,14.4
20265804,Fatima Luis,Engenharia Telecomunicacoes,2,28,M,18.5
20265805,Manuel Sergio,Engenharia Telecomunicacoes,2,30,M,15.1
20265806,Carlos Jose,Engenharia Electronica,2,20,F,13.2
20265807,Ana Manuel,Engenharia de Redes,1,28,F,16.1
20265808,Alberto Jaime,Engenharia Informatica,1,22,F,6.9
20265809,Marta Paulo,Engenharia Electronica,3,24,M,13.7
20265810,Manuel Sergio,Engenharia Electronica,1,22,F,12.1
20265811,Pedro Tomas,Engenharia Electronica,4,18,F,17.0
20265812,Fatima Luis,Engenharia Electronica,2,17,M,19.1
20265813,Ana Manuel,Engenharia de Redes,4,28,M,6.9
20265814,Carlos Jose,Engenharia de Redes,1,17,F,18.5
20265815,Celina Ernesto,Engenharia Informatica,4,25,M,9.3
20265816,Fatima Luis,Engenharia de Redes,1,21,M,8.6
20265817,Celina Ernesto,Engenharia Informatica,3,20,F,14.1
20265818,Rosa Fernando,Engenharia Electronica,2,29,F,7.7
20265819,Manuel Sergio,Engenharia de Redes,3,23,F,7.6
20265820,Fatima Luis,Engenharia de Redes,1,23,M,10.1
20265821,Ana Manuel,Engenharia de Redes,2,21,M,9.9
20265822,Lucia Joaquim,Engenharia Telecomunicacoes,4,24,F,18.4
20265823,Nelson Mario,Engenharia de Redes,4,28,F,7.2
20265824,Lucia Joaquim,Engenharia Informatica,1,17,M,18.6
20265825,Manuel Sergio,Engenharia de Redes,1,23,F,9.8
20265826,Marta Paulo,Engenharia Informatica,2,18,F,17.7
20265827,Rosa Fernando,Engenharia Telecomunicacoes,2,20,M,17.0
20265828,Fatima Luis,Engenharia Telecomunicacoes,2,17,M,9.1
20265829,Edson Mateus,Engenharia Electronica,1,30,M,10.0
20265830,Carlos Jose,Engenharia de Redes,3,20,F,17.9
20265831,Teresa Carlos,Engenharia Telecomunicacoes,1,19,M,7.6
20265832,Sonia Armando,Engenharia de Redes,3,27,M,16.1
20265833,Helena Augusto,Engenharia Informatica,2,28,F,9.6
20265834,Marta Paulo,Engenharia Electronica,3,25,F,16.7
20265835,Joao Alberto,Engenharia Informatica,2,20,M,10.9
20265836,Antonio Salvador,Engenharia Telecomunicacoes,2,23,F,16.5
20265837,Ana Manuel,Engenharia Electronica,4,28,M,15.5
20265838,Fatima Luis,Engenharia de Redes,1,17,M,6.8
20265839,Sonia Armando,Engenharia Telecomunicacoes,4,24,F,14.6
20265840,Celina Ernesto,Engenharia Informatica,4,17,M,11.6
20265841,Joao Alberto,Engenharia Telecomunicacoes,3,28,F,13.3
20265842,Nelson Mario,Engenharia Telecomunicacoes,4,18,M,14.6
20265843,Dario Miguel,Engenharia Electronica,4,25,F,11.8
20265844,Samuel Ernesto,Engenharia de Redes,3,17,M,14.1
20265845,Alberto Jaime,Engenharia Telecomunicacoes,2,17,F,19.7
20265846,Antonio Salvador,Engenharia Electronica,1,29,M,14.1
20265847,Dario Miguel,Engenharia Telecomunicacoes,2,28,F,12.3
20265848,Fatima Luis,Engenharia de Redes,3,27,M,5.4
20265849,Samuel Ernesto,Engenharia Electronica,3,17,M,10.3
20265850,Edson Mateus,Engenharia Electronica,2,28,M,13.6
20265851,Antonio Salvador,Engenharia de Redes,1,27,M,17.8
20265852,Elsa Domingos,Engenharia Electronica,1,26,M,10.9
20265853,Ana Manuel,Engenharia de Redes,3,23,F,14.8
20265854,Pedro Tomas,Engenharia de Redes,1,26,F,11.2
20265855,Celina Ernesto,Engenharia de Redes,1,18,M,12.7
20265856,Ana Manuel,Engenharia Informatica,1,26,F,11.5
20265857,Ana Manuel,Engenharia Informatica,3,30,F,17.2
20265858,Marta Paulo,Engenharia de Redes,1,17,F,19.9
20265859,Alberto Jaime,Engenharia de Redes,2,25,F,10.2
20265860,Teresa Carlos,Engenharia de Redes,4,30,M,17.8
20265861,Carlos Jose,Engenharia Informatica,3,27,M,7.0
20265862,Elsa Domingos,Engenharia Telecomunicacoes,1,18,M,11.4
20265863,Samuel Ernesto,Engenharia de Redes,3,23,F,19.5
20265864,Rosa Fernando,Engenharia Telecomunicacoes,3,26,M,10.9
20265865,Helena Augusto,Engenharia Informatica,2,19,F,10.3
20265866,Joao Alberto,Engenharia Telecomunicacoes,3,23,F,17.8
20265867,Helena Augusto,Engenharia de Redes,3,28,F,10.3
20265868,Carlos Jose,Engenharia de Redes,3,18,M,12.0
20265869,Sonia Armando,Engenharia de Redes,4,20,M,13.1
20265870,Dario Miguel,Engenharia Telecomunicacoes,1,24,M,8.9
20265871,Rosa Fernando,Engenharia Electronica,4,24,F,10.6
20265872,Samuel Ernesto,Engenharia Electronica,3,20,F,10.6
20265873,Samuel Ernesto,Engenharia de Redes,1,19,M,7.2
20265874,Carlos Jose,Engenharia Informatica,2,17,M,18.4
20265875,Manuel Sergio,Engenharia Informatica,2,23,M,6.7
20265876,Marta Paulo,Engenharia de Redes,2,20,M,8.6
20265877,Carlos Jose,Engenharia Telecomunicacoes,1,20,M,13.4
20265878,Carlos Jose,Engenharia Electronica,4,25,F,12.7
20265879,Alberto Jaime,Engenharia Electronica,2,20,M,17.6
20265880,Pedro Tomas,Engenharia de Redes,2,17,F,14.0
20265881,Sonia Armando,Engenharia de Redes,3,24,F,6.7
20265882,Dario Miguel,Engenharia Telecomunicacoes,4,26,F,9.4
20265883,Antonio Salvador,Engenharia Informatica,4,20,F,17.0
20265884,Celina Ernesto,Engenharia Telecomunicacoes,1,24,M,12.7
20265885,Lucia Joaquim,Engenharia Informatica,2,26,M,15.3
20265886,Rosa Fernando,Engenharia Electronica,1,22,M,19.5
20265887,Alberto Jaime,Engenharia de Redes,1,24,M,8.1
20265888,Celina Ernesto,Engenharia Electronica,2,21,M,8.1
20265889,Nelson Mario,Engenharia Informatica,1,28,M,12.4
20265890,Carlos Jose,Engenharia Telecomunicacoes,4,19,F,14.3
20265891,Teresa Carlos,Engenharia Informatica,2,23,M,11.8
20265892,Antonio Salvador,Engenharia de Redes,2,26,M,8.0
20265893,Helena Augusto,Engenharia Informatica,4,25,M,18.3
20265894,Rosa Fernando,Engenharia Informatica,3,22,F,11.0
20265895,Sonia Armando,Engenharia Telecomunicacoes,3,21,F,5.9
20265896,Marta Paulo,Engenharia Informatica,3,19,M,16.7
20265897,Helena Augusto,Engenharia de Redes,3,26,F,10.2
20265898,Helena Augusto,Engenharia Telecomunicacoes,1,17,F,17.8
20265899,Marta Paulo,Engenharia de Redes,1,20,F,16.4
20265900,Helena Augusto,Engenharia Telecomunicacoes,3,24,M,8.2
20265901,Edson Mateus,Engenharia Informatica,1,18,M,15.7
20265902,Carlos Jose,Engenharia Telecomunicacoes,3,24,M,10.9
20265903,Marta Paulo,Engenharia de Redes,3,30,F,10.8
20265904,Edson Mateus,Engenharia Electronica,3,21,M,19.8
20265905,Ana Manuel,Engenharia Telecomunicacoes,1,30,F,10.1
20265906,Sonia Armando,Engenharia de Redes,2,19,F,13.5
20265907,Ana Manuel,Engenharia de Redes,1,29,M,8.7
20265908,Edson Mateus,Engenharia Telecomunicacoes,3,23,M,18.7
20265909,Samuel Ernesto,Engenharia Electronica,3,24,F,15.8
20265910,Carlos Jose,Engenharia de Redes,1,29,F,18.9
20265911,Teresa Carlos,Engenharia Informatica,1,24,M,6.6
20265912,Fatima Luis,Engenharia Electronica,2,18,M,14.5
20265913,Marta Paulo,Engenharia Telecomunicacoes,1,19,F,9.4
20265914,Joao Alberto,Engenharia de Redes,3,23,F,10.7
20265915,Carlos Jose,Engenharia Electronica,4,21,F,12.9
20265916,Lucia Joaquim,Engenharia Electronica,1,20,F,15.1
20265917,Manuel Sergio,Engenharia de Redes,3,28,F,7.1
20265918,Lucia Joaquim,Engenharia Informatica,3,23,M,13.3
20265919,Rosa Fernando,Engenharia Informatica,3,28,M,13.2
20265920,Helena Augusto,Engenharia Informatica,3,19,M,13.9
20265921,Pedro Tomas,Engenharia Informatica,1,27,F,14.8
20265922,Pedro Tomas,Engenharia Electronica,1,21,F,9.3
20265923,Marta Paulo,Engenharia Telecomunicacoes,3,28,M,18.5
20265924,Helena Augusto,Engenharia Telecomunicacoes,1,21,F,11.2
20265925,Celina Ernesto,Engenharia Informatica,1,30,F,17.3
20265926,Ana Manuel,Engenharia Informatica,4,21,F,7.3
20265927,Samuel Ernesto,Engenharia Electronica,3,23,M,11.0
20265928,Samuel Ernesto,Engenharia Electronica,1,28,F,12.0
20265929,Samuel Ernesto,Engenharia Informatica,2,27,M,11.9
20265930,Lucia Joaquim,Engenharia Informatica,4,21,M,15.4
20265931,Helena Augusto,Engenharia Informatica,3,20,F,15.8
20265932,Dario Miguel,Engenharia Informatica,1,18,F,5.9
20265933,Lucia Joaquim,Engenharia Telecomunicacoes,2,18,M,11.0
20265934,Dario Miguel,Engenharia Telecomunicacoes,2,21,F,13.1
20265935,Ana Manuel,Engenharia Telecomunicacoes,2,28,M,10.9
20265936,Elsa Domingos,Engenharia de Redes,1,27,F,20.0
20265937,Pedro Tomas,Engenharia Informatica,2,22,F,19.1
20265938,Sonia Armando,Engenharia Telecomunicacoes,2,25,M,11.6
20265939,Carlos Jose,Engenharia de Redes,4,23,F,9.7
20265940,Celina Ernesto,Engenharia Telecomunicacoes,4,27,M,15.6
20265941,Alberto Jaime,Engenharia Electronica,1,25,M,12.3
20265942,Celina Ernesto,Engenharia Informatica,1,24,M,7.7
20265943,Edson Mateus,Engenharia Informatica,1,20,F,15.5
20265944,Antonio Salvador,Engenharia Informatica,1,28,M,19.5
20265945,Celina Ernesto,Engenharia Electronica,4,29,F,10.2
20265946,Pedro Tomas,Engenharia de Redes,3,21,F,11.6
20265947,Dario Miguel,Engenharia Telecomunicacoes,2,24,M,16.3
20265948,Nelson Mario,Engenharia Electronica,2,20,F,17.1
20265949,Pedro Tomas,Engenharia Telecomunicacoes,4,27,F,19.6
20265950,Pedro Tomas,Engenharia de Redes,4,25,F,12.2
20265951,Carlos Jose,Engenharia Electronica,2,27,F,10.3
20265952,Rosa Fernando,Engenharia Telecomunicacoes,1,25,M,13.7
20265953,Marta Paulo,Engenharia Informatica,4,27,F,15.1
20265954,Fatima Luis,Engenharia Electronica,2,21,M,15.8
20265955,Antonio Salvador,Engenharia Informatica,4,30,F,12.4
20265956,Antonio Salvador,Engenharia Informatica,3,26,M,14.9
20265957,Samuel Ernesto,Engenharia de Redes,2,29,M,11.8
20265958,Teresa Carlos,Engenharia de Redes,4,19,F,8.6
20265959,Ana Manuel,Engenharia Electronica,3,18,M,13.3
20265960,Antonio Salvador,Engenharia Electronica,2,19,M,13.7
20265961,Lucia Joaquim,Engenharia Informatica,2,30,F,15.6
20265962,Lucia Joaquim,Engenharia Informatica,3,21,F,13.7
20265963,Fatima Luis,Engenharia Electronica,1,28,F,5.4
20265964,Manuel Sergio,Engenharia de Redes,3,22,F,15.1
20265965,Manuel Sergio,Engenharia Telecomunicacoes,4,29,M,16.0
20265966,Ana Manuel,Engenharia Electronica,1,21,F,12.4
20265967,Alberto Jaime,Engenharia Telecomunicacoes,2,20,M,7.0
20265968,Alberto Jaime,Engenharia de Redes,1,28,F,18.3
20265969,Pedro Tomas,Engenharia Telecomunicacoes,1,19,F,11.6
20265970,Teresa Carlos,Engenharia Telecomunicacoes,3,30,M,15.1
20265971,Lucia Joaquim,Engenharia Telecomunicacoes,1,18,F,11.6
20265972,Lucia Joaquim,Engenharia de Redes,2,29,M,18.4
20265973,Fatima Luis,Engenharia Informatica,1,21,F,8.6
20265974,Joao Alberto,Engenharia Informatica,4,19,F,5.8
20265975,Manuel Sergio,Engenharia Electronica,3,27,F,5.4
20265976,Dario Miguel,Engenharia Informatica,1,20,M,9.5
20265977,Antonio Salvador,Engenharia Informatica,1,17,F,6.0
20265978,Celina Ernesto,Engenharia Electronica,1,28,M,5.4
20265979,Marta Paulo,Engenharia de Redes,1,19,M,19.6
20265980,Marta Paulo,Engenharia de Redes,4,25,M,14.6
20265981,Fatima Luis,Engenharia Telecomunicacoes,1,21,M,17.9
20265982,Ana Manuel,Engenharia Telecomunicacoes,2,17,M,7.8
20265983,Edson Mateus,Engenharia de Redes,3,20,F,9.6
20265984,Celina Ernesto,Engenharia Informatica,1,23,M,6.0
20265985,Carlos Jose,Engenharia Informatica,3,30,M,5.0
20265986,Ana Manuel,Engenharia Electronica,1,20,F,8.5
20265987,Antonio Salvador,Engenharia Electronica,4,26,M,7.0
20265988,Alberto Jaime,Engenharia Telecomunicacoes,2,27,F,14.0
20265989,Antonio Salvador,Engenharia de Redes,4,19,F,12.3
20265990,Marta Paulo,Engenharia de Redes,4,24,M,12.1
20265991,Rosa Fernando,Engenharia Electronica,1,20,M,12.0
20265992,Marta Paulo,Engenharia Telecomunicacoes,2,26,F,13.0
20265993,Helena Augusto,Engenharia Telecomunicacoes,4,27,F,5.6
20265994,Teresa Carlos,Engenharia de Redes,2,17,M,10.4
20265995,Helena Augusto,Engenharia Electronica,3,22,M,18.9
20265996,Marta Paulo,Engenharia de Redes,2,21,F,13.1
20265997,Ana Manuel,Engenharia de Redes,4,29,M,15.9
20265998,Carlos Jose,Engenharia Telecomunicacoes,1,22,M,17.1
20265999,Teresa Carlos,Engenharia Electronica,2,26,F,16.5
20266000,Dario Miguel,Engenharia Electronica,2,27,M,15.8
20266001,Carlos Jose,Engenharia Electronica,3,30,M,14.0
20266002,Nelson Mario,Engenharia Telecomunicacoes,4,18,M,8.8
20266003,Manuel Sergio,Engenharia Telecomunicacoes,3,30,M,18.4
20266004,Ana Manuel,Engenharia Telecomunicacoes,1,28,M,19.5
20266005,Marta Paulo,Engenharia Electronica,2,24,M,7.8
20266006,Antonio Salvador,Engenharia Electronica,3,28,M,16.3
20266007,Lucia Joaquim,Engenharia Electronica,3,29,F,11.8
20266008,Teresa Carlos,Engenharia de Redes,4,24,F,14.7
20266009,Celina Ernesto,Engenharia Informatica,1,28,F,11.8
20266010,Celina Ernesto,Engenharia Informatica,3,17,M,12.4
20266011,Marta Paulo,Engenharia Informatica,2,21,M,6.6
20266012,Rosa Fernando,Engenharia Electronica,4,25,F,18.4
20266013,Sonia Armando,Engenharia Informatica,1,28,M,13.3
20266014,Manuel Sergio,Engenharia de Redes,1,25,M,8.9
20266015,Sonia Armando,Engenharia Telecomunicacoes,4,19,M,9.5
20266016,Alberto Jaime,Engenharia Informatica,3,26,M,12.1
20266017,Joao Alberto,Engenharia Informatica,1,25,M,12.0
20266018,Ana Manuel,Engenharia Telecomunicacoes,2,19,M,11.9
20266019,Carlos Jose,Engenharia Electronica,3,20,F,12.0
20266020,Celina Ernesto,Engenharia Electronica,4,27,M,16.6
20266021,Helena Augusto,Engenharia de Redes,3,26,F,16.3
20266022,Carlos Jose,Engenharia Electronica,2,25,F,17.0
20266023,Rosa Fernando,Engenharia Telecomunicacoes,3,23,F,9.3
20266024,Ana Manuel,Engenharia Electronica,1,18,F,5.9
20266025,Teresa Carlos,Engenharia de Redes,3,20,F,8.7
20266026,Sonia Armando,Engenharia Electronica,4,30,M,6.5
20266027,Joao Alberto,Engenharia Telecomunicacoes,4,22,F,18.5
20266028,Alberto Jaime,Engenharia Informatica,1,20,M,8.6
20266029,Rosa Fernando,Engenharia Electronica,2,28,F,10.3
20266030,Elsa Domingos,Engenharia de Redes,3,17,M,8.1
20266031,Celina Ernesto,Engenharia Electronica,1,27,F,8.1
20266032,Marta Paulo,Engenharia Electronica,3,18,F,6.7
20266033,Ana Manuel,Engenharia Telecomunicacoes,1,23,F,12.3
20266034,Nelson Mario,Engenharia de Redes,2,17,F,10.4
20266035,Celina Ernesto,Engenharia Telecomunicacoes,1,27,M,9.0
20266036,Manuel Sergio,Engenharia de Redes,2,28,M,17.2
20266037,Dario Miguel,Engenharia Electronica,2,22,M,6.8
20266038,Manuel Sergio,Engenharia Informatica,3,27,M,9.1
20266039,Celina Ernesto,Engenharia de Redes,1,25,M,17.8
20266040,Lucia Joaquim,Engenharia Electronica,2,24,M,13.0
20266041,Celina Ernesto,Engenharia de Redes,2,28,M,5.9
20266042,Joao Alberto,Engenharia Electronica,3,17,F,17.0
20266043,Celina Ernesto,Engenharia Telecomunicacoes,3,25,M,13.9
20266044,Antonio Salvador,Engenharia Informatica,2,27,M,18.1
20266045,Pedro Tomas,Engenharia Informatica,3,17,M,9.7
20266046,Alberto Jaime,Engenharia Informatica,4,29,F,10.4
20266047,Edson Mateus,Engenharia Telecomunicacoes,3,19,M,15.6
20266048,Alberto Jaime,Engenharia de Redes,4,24,M,9.3
20266049,Sonia Armando,Engenharia de Redes,3,29,F,5.5
20266050,Manuel Sergio,Engenharia Electronica,1,17,M,5.1
20266051,Helena Augusto,Engenharia Telecomunicacoes,4,21,M,6.9
20266052,Rosa Fernando,Engenharia Electronica,3,29,F,12.5
20266053,Helena Augusto,Engenharia Telecomunicacoes,3,27,M,14.8
20266054,Elsa Domingos,Engenharia Informatica,1,19,F,5.3
20266055,Sonia Armando,Engenharia Informatica,4,19,M,8.8
20266056,Antonio Salvador,Engenharia Telecomunicacoes,4,17,F,16.3
20266057,Carlos Jose,Engenharia Telecomunicacoes,2,30,M,12.0
20266058,Rosa Fernando,Engenharia Telecomunicacoes,4,19,M,15.0
20266059,Joao Alberto,Engenharia de Redes,3,20,F,15.3
20266060,Carlos Jose,Engenharia Telecomunicacoes,2,22,F,14.7
20266061,Nelson Mario,Engenharia Electronica,2,27,M,19.2
20266062,Celina Ernesto,Engenharia de Redes,3,19,F,11.4
20266063,Alberto Jaime,Engenharia Electronica,4,28,M,10.0
20266064,Edson Mateus,Engenharia Electronica,3,30,M,16.0
20266065,Joao Alberto,Engenharia Telecomunicacoes,4,28,F,15.9
20266066,Alberto Jaime,Engenharia Electronica,2,24,F,12.9
20266067,Celina Ernesto,Engenharia Telecomunicacoes,3,17,F,8.2
20266068,Fatima Luis,Engenharia de Redes,2,24,M,6.5
20266069,Manuel Sergio,Engenharia Electronica,1,29,M,19.7
20266070,Sonia Armando,Engenharia de Redes,3,27,M,6.5
20266071,Pedro Tomas,Engenharia de Redes,2,25,F,19.4
20266072,Ana Manuel,Engenharia Electronica,1,19,F,13.0
20266073,Samuel Ernesto,Engenharia Telecomunicacoes,1,24,M,15.2
20266074,Lucia Joaquim,Engenharia Electronica,2,29,F,11.6
20266075,Manuel Sergio,Engenharia de Redes,4,29,M,7.7
20266076,Samuel Ernesto,Engenharia Telecomunicacoes,3,28,M,8.3
20266077,Nelson Mario,Engenharia de Redes,2,28,F,15.7
20266078,Teresa Carlos,Engenharia Telecomunicacoes,4,29,F,6.2
20266079,Antonio Salvador,Engenharia Informatica,1,17,F,10.7
20266080,Alberto Jaime,Engenharia de Redes,2,18,M,7.9
20266081,Sonia Armando,Engenharia de Redes,4,29,M,8.2
20266082,Alberto Jaime,Engenharia Informatica,3,22,M,8.7
20266083,Ana Manuel,Engenharia Electronica,2,17,F,6.0
20266084,Rosa Fernando,Engenharia Telecomunicacoes,1,27,M,5.8
20266085,Samuel Ernesto,Engenharia Telecomunicacoes,2,24,M,17.7
20266086,Nelson Mario,Engenharia Informatica,2,26,M,19.8
20266087,Sonia Armando,Engenharia Informatica,3,25,M,5.8
20266088,Pedro Tomas,Engenharia de Redes,3,26,F,12.9
20266089,Manuel Sergio,Engenharia Informatica,1,26,F,12.1
20266090,Pedro Tomas,Engenharia Informatica,4,18,F,19.2
20266091,Joao Alberto,Engenharia Electronica,3,19,F,13.9
20266092,Lucia Joaquim,Engenharia de Redes,1,19,F,8.1
20266093,Lucia Joaquim,Engenharia de Redes,3,18,M,10.4
20266094,Samuel Ernesto,Engenharia Informatica,2,19,F,5.2
20266095,Dario Miguel,Engenharia Informatica,4,30,F,18.3
20266096,Edson Mateus,Engenharia Informatica,4,22,F,7.5
20266097,Sonia Armando,Engenharia Informatica,2,17,F,11.7
20266098,Dario Miguel,Engenharia de Redes,4,27,M,12.7
20266099,Alberto Jaime,Engenharia Electronica,3,27,M,19.2
20266100,Ana Manuel,Engenharia Electronica,1,21,M,5.6
20266101,Samuel Ernesto,Engenharia de Redes,2,20,M,11.2
20266102,Edson Mateus,Engenharia de Redes,2,24,F,12.5
20266103,Lucia Joaquim,Engenharia Informatica,1,21,F,5.6
20266104,Nelson Mario,Engenharia Electronica,3,17,M,18.6
20266105,Celina Ernesto,Engenharia Informatica,4,23,M,14.9
20266106,Edson Mateus,Engenharia Telecomunicacoes,3,18,M,16.8
20266107,Elsa Domingos,Engenharia de Redes,3,17,M,13.3
20266108,Dario Miguel,Engenharia de Redes,3,25,M,11.7
20266109,Samuel Ernesto,Engenharia Informatica,1,17,M,14.7
20266110,Manuel Sergio,Engenharia de Redes,2,23,M,19.2
20266111,Teresa Carlos,Engenharia de Redes,2,27,M,13.1
20266112,Lucia Joaquim,Engenharia Telecomunicacoes,4,24,F,6.1
20266113,Pedro Tomas,Engenharia Electronica,2,30,F,11.5
20266114,Sonia Armando,Engenharia Electronica,2,21,F,19.8
20266115,Rosa Fernando,Engenharia Informatica,3,24,F,9.4
20266116,Alberto Jaime,Engenharia Telecomunicacoes,4,22,F,17.0
20266117,Rosa Fernando,Engenharia Electronica,4,29,F,19.8
20266118,Helena Augusto,Engenharia Telecomunicacoes,1,30,F,15.0
20266119,Pedro Tomas,Engenharia de Redes,2,22,M,6.8
20266120,Antonio Salvador,Engenharia de Redes,4,19,F,7.3
20266121,Nelson Mario,Engenharia Informatica,1,25,M,11.9
20266122,Teresa Carlos,Engenharia Electronica,1,22,F,7.1
20266123,Edson Mateus,Engenharia Telecomunicacoes,3,29,M,10.7
20266124,Ana Manuel,Engenharia Informatica,3,24,F,11.1
20266125,Samuel Ernesto,Engenharia Informatica,2,17,F,18.5
20266126,Sonia Armando,Engenharia Informatica,2,30,M,10.1
20266127,Fatima Luis,Engenharia Telecomunicacoes,3,23,M,14.2
20266128,Samuel Ernesto,Engenharia de Redes,4,30,F,16.0
20266129,Carlos Jose,Engenharia de Redes,1,17,M,9.1
20266130,Elsa Domingos,Engenharia Informatica,3,29,F,8.7
20266131,Rosa Fernando,Engenharia Informatica,1,29,M,16.0
20266132,Marta Paulo,Engenharia de Redes,3,21,F,10.8
20266133,Rosa Fernando,Engenharia Informatica,4,20,M,11.5
20266134,Marta Paulo,Engenharia Electronica,4,28,M,17.0
20266135,Ana Manuel,Engenharia Electronica,3,22,M,11.4
20266136,Teresa Carlos,Engenharia Telecomunicacoes,3,29,M,9.6
20266137,Sonia Armando,Engenharia Telecomunicacoes,4,25,M,18.2
20266138,Marta Paulo,Engenharia Electronica,1,28,M,7.6
20266139,Fatima Luis,Engenharia Electronica,2,18,F,7.0
20266140,Nelson Mario,Engenharia Telecomunicacoes,1,22,F,5.2
20266141,Joao Alberto,Engenharia Telecomunicacoes,2,27,F,9.3
20266142,Sonia Armando,Engenharia Electronica,3,23,M,18.9
20266143,Alberto Jaime,Engenharia Informatica,3,30,M,6.7
20266144,Rosa Fernando,Engenharia de Redes,4,17,M,9.7
20266145,Dario Miguel,Engenharia Telecomunicacoes,1,18,M,15.3
20266146,Edson Mateus,Engenharia Electronica,4,27,M,12.4
20266147,Rosa Fernando,Engenharia de Redes,3,30,M,15.8
20266148,Elsa Domingos,Engenharia de Redes,3,24,M,5.7
20266149,Antonio Salvador,Engenharia Telecomunicacoes,1,25,M,17.7
20266150,Celina Ernesto,Engenharia de Redes,3,22,M,18.9
20266151,Marta Paulo,Engenharia de Redes,3,17,M,13.6
20266152,Dario Miguel,Engenharia de Redes,2,26,M,19.9
20266153,Rosa Fernando,Engenharia Electronica,3,28,M,7.1
20266154,Ana Manuel,Engenharia de Redes,1,27,M,15.4
20266155,Manuel Sergio,Engenharia Telecomunicacoes,4,29,F,14.7
20266156,Manuel Sergio,Engenharia Electronica,1,17,M,17.0
20266157,Celina Ernesto,Engenharia Electronica,4,30,M,8.0
20266158,Carlos Jose,Engenharia Telecomunicacoes,2,29,F,8.9
20266159,Carlos Jose,Engenharia Telecomunicacoes,1,25,F,20.0
20266160,Nelson Mario,Engenharia Telecomunicacoes,1,18,F,18.8
20266161,Teresa Carlos,Engenharia Electronica,1,23,M,8.8
20266162,Dario Miguel,Engenharia Electronica,3,25,M,9.8
20266163,Celina Ernesto,Engenharia Electronica,3,19,M,6.6
20266164,Marta Paulo,Engenharia Electronica,2,23,M,19.0
20266165,Antonio Salvador,Engenharia de Redes,2,22,F,19.1
20266166,Helena Augusto,Engenharia Telecomunicacoes,4,28,F,14.9
20266167,Lucia Joaquim,Engenharia Electronica,4,23,M,19.6
20266168,Nelson Mario,Engenharia Telecomunicacoes,3,28,M,15.0
20266169,Marta Paulo,Engenharia de Redes,2,22,M,18.6
20266170,Joao Alberto,Engenharia Informatica,4,19,M,17.9
20266171,Samuel Ernesto,Engenharia Electronica,4,23,F,13.9
20266172,Elsa Domingos,Engenharia Electronica,2,23,M,17.5
20266173,Alberto Jaime,Engenharia de Redes,2,23,M,13.5
20266174,Samuel Ernesto,Engenharia Informatica,1,30,F,7.0
20266175,Alberto Jaime,Engenharia Informatica,1,27,M,17.8
20266176,Celina Ernesto,Engenharia Informatica,2,25,M,7.4
20266177,Celina Ernesto,Engenharia Informatica,3,27,F,13.6
20266178,Sonia Armando,Engenharia Electronica,4,19,M,17.2
20266179,Sonia Armando,Engenharia de Redes,2,19,F,6.4
20266180,Lucia Joaquim,Engenharia de Redes,4,20,F,14.0
20266181,Antonio Salvador,Engenharia Informatica,2,21,F,16.0
20266182,Elsa Domingos,Engenharia Telecomunicacoes,3,20,F,19.3
20266183,Ana Manuel,Engenharia Telecomunicacoes,1,27,M,9.7
20266184,Samuel Ernesto,Engenharia Electronica,1,27,M,18.4
20266185,Carlos Jose,Engenharia Telecomunicacoes,3,25,M,7.8
20266186,Antonio Salvador,Engenharia Informatica,4,21,M,5.2
20266187,Samuel Ernesto,Engenharia Telecomunicacoes,2,19,F,17.8
20266188,Helena Augusto,Engenharia de Redes,1,19,M,9.0
20266189,Edson Mateus,Engenharia Telecomunicacoes,1,17,F,12.0
20266190,Joao Alberto,Engenharia Telecomunicacoes,2,27,M,15.5
20266191,Nelson Mario,Engenharia Telecomunicacoes,4,24,F,12.3
20266192,Antonio Salvador,Engenharia Electronica,3,24,M,6.0
20266193,Celina Ernesto,Engenharia de Redes,3,24,F,10.1
20266194,Edson Mateus,Engenharia Informatica,3,24,F,7.7
20266195,Elsa Domingos,Engenharia de Redes,4,18,M,18.4
20266196,Nelson Mario,Engenharia Telecomunicacoes,2,26,M,7.7
20266197,Carlos Jose,Engenharia Telecomunicacoes,1,22,F,19.0
20266198,Joao Alberto,Engenharia Telecomunicacoes,3,30,F,14.5
20266199,Helena Augusto,Engenharia Informatica,4,19,M,14.3
20266200,Dario Miguel,Engenharia Electronica,2,21,M,12.1
20266201,Fatima Luis,Engenharia Informatica,2,26,F,8.3
20266202,Joao Alberto,Engenharia Informatica,2,24,M,14.0
20266203,Helena Augusto,Engenharia Electronica,3,24,F,19.2
20266204,Pedro Tomas,Engenharia Informatica,1,23,F,19.7
20266205,Carlos Jose,Engenharia de Redes,3,26,F,5.7
20266206,Sonia Armando,Engenharia Electronica,2,23,M,18.1
20266207,Elsa Domingos,Engenharia Electronica,3,21,F,17.4
20266208,Helena Augusto,Engenharia de Redes,1,21,F,7.3
20266209,Ana Manuel,Engenharia Informatica,4,27,F,7.5
20266210,Rosa Fernando,Engenharia de Redes,2,22,F,11.9
20266211,Carlos Jose,Engenharia de Redes,3,27,M,6.6
20266212,Samuel Ernesto,Engenharia Telecomunicacoes,2,25,M,8.3
20266213,Ana Manuel,Engenharia Informatica,1,17,M,8.2
20266214,Celina Ernesto,Engenharia Electronica,4,27,M,19.0
20266215,Lucia Joaquim,Engenharia Electronica,4,22,M,6.8
20266216,Pedro Tomas,Engenharia Electronica,4,27,F,8.6
20266217,Sonia Armando,Engenharia de Redes,2,20,F,15.7
20266218,Elsa Domingos,Engenharia Electronica,4,30,M,19.1
20266219,Marta Paulo,Engenharia Electronica,3,28,M,16.0
20266220,Lucia Joaquim,Engenharia Informatica,4,22,M,8.1
20266221,Marta Paulo,Engenharia Electronica,1,29,M,10.9
20266222,Elsa Domingos,Engenharia Electronica,3,26,M,9.9
20266223,Manuel Sergio,Engenharia Informatica,1,29,F,15.6
20266224,Rosa Fernando,Engenharia Electronica,2,19,M,16.1
20266225,Teresa Carlos,Engenharia Electronica,2,18,F,13.5
20266226,Pedro Tomas,Engenharia Telecomunicacoes,3,18,M,10.1
20266227,Alberto Jaime,Engenharia Electronica,2,24,F,8.4
20266228,Elsa Domingos,Engenharia de Redes,1,21,F,9.3
20266229,Manuel Sergio,Engenharia Electronica,2,17,F,14.3
20266230,Alberto Jaime,Engenharia Informatica,1,20,M,7.3
20266231,Helena Augusto,Engenharia Telecomunicacoes,1,17,F,10.4
20266232,Celina Ernesto,Engenharia Electronica,2,26,F,7.5
20266233,Antonio Salvador,Engenharia Informatica,1,28,M,13.5
20266234,Celina Ernesto,Engenharia Electronica,1,24,M,15.2
20266235,Helena Augusto,Engenharia Electronica,2,26,F,18.8
20266236,Rosa Fernando,Engenharia Telecomunicacoes,3,29,M,11.0
20266237,Samuel Ernesto,Engenharia Informatica,1,24,F,9.7
20266238,Elsa Domingos,Engenharia de Redes,4,23,M,15.3
20266239,Nelson Mario,Engenharia de Redes,1,27,M,8.2
20266240,Manuel Sergio,Engenharia Telecomunicacoes,3,28,F,12.9
20266241,Lucia Joaquim,Engenharia Telecomunicacoes,3,29,M,7.5
20266242,Alberto Jaime,Engenharia Telecomunicacoes,4,23,F,8.2
20266243,Celina Ernesto,Engenharia Electronica,4,28,F,12.3
20266244,Edson Mateus,Engenharia de Redes,2,24,F,15.9
20266245,Sonia Armando,Engenharia de Redes,2,20,F,8.8
20266246,Sonia Armando,Engenharia de Redes,4,23,F,5.7
20266247,Joao Alberto,Engenharia Electronica,4,18,F,19.7
20266248,Teresa Carlos,Engenharia de Redes,2,25,M,16.4
20266249,Teresa Carlos,Engenharia de Redes,2,21,M,14.1
20266250,Sonia Armando,Engenharia Informatica,2,27,M,6.3
20266251,Manuel Sergio,Engenharia Electronica,4,29,F,8.4
20266252,Edson Mateus,Engenharia Electronica,1,30,F,15.4
20266253,Nelson Mario,Engenharia Informatica,2,25,F,6.8
20266254,Helena Augusto,Engenharia Telecomunicacoes,3,24,M,13.8
20266255,Celina Ernesto,Engenharia Telecomunicacoes,4,24,F,14.5
20266256,Samuel Ernesto,Engenharia Informatica,1,29,F,7.4
20266257,Ana Manuel,Engenharia Informatica,4,20,F,12.5
20266258,Antonio Salvador,Engenharia Telecomunicacoes,1,17,F,8.6
20266259,Joao Alberto,Engenharia Electronica,2,20,F,18.9
20266260,Nelson Mario,Engenharia de Redes,2,27,F,9.4
20266261,Ana Manuel,Engenharia Telecomunicacoes,1,19,M,5.7
20266262,Nelson Mario,Engenharia Informatica,4,24,F,5.5
20266263,Joao Alberto,Engenharia Telecomunicacoes,3,26,F,18.5
20266264,Nelson Mario,Engenharia Informatica,4,24,M,11.0
20266265,Helena Augusto,Engenharia Informatica,1,28,F,15.4
20266266,Helena Augusto,Engenharia Informatica,4,23,M,17.6
20266267,Fatima Luis,Engenharia Telecomunicacoes,3,30,M,12.9
20266268,Sonia Armando,Engenharia Telecomunicacoes,4,18,M,18.7
20266269,Lucia Joaquim,Engenharia Electronica,4,21,M,14.3
20266270,Joao Alberto,Engenharia de Redes,1,28,M,5.2
20266271,Alberto Jaime,Engenharia Telecomunicacoes,2,17,M,5.8
20266272,Samuel Ernesto,Engenharia Telecomunicacoes,1,30,F,9.2
20266273,Helena Augusto,Engenharia Informatica,2,30,F,7.5
20266274,Elsa Domingos,Engenharia Informatica,1,22,F,7.7
20266275,Marta Paulo,Engenharia Telecomunicacoes,2,27,M,7.8
20266276,Rosa Fernando,Engenharia de Redes,2,22,F,14.8
20266277,Carlos Jose,Engenharia Telecomunicacoes,1,20,F,6.5
20266278,Rosa Fernando,Engenharia Electronica,3,19,F,7.5
20266279,Elsa Domingos,Engenharia de Redes,1,18,F,11.0
20266280,Teresa Carlos,Engenharia Informatica,1,29,M,19.8
20266281,Rosa Fernando,Engenharia de Redes,2,26,F,7.7
20266282,Joao Alberto,Engenharia Electronica,2,25,M,18.1
20266283,Pedro Tomas,Engenharia de Redes,4,20,F,7.6
20266284,Carlos Jose,Engenharia Electronica,1,24,M,8.1
20266285,Ana Manuel,Engenharia Electronica,1,22,F,6.2
20266286,Teresa Carlos,Engenharia Electronica,1,17,M,5.4
20266287,Lucia Joaquim,Engenharia Electronica,1,25,M,12.5
20266288,Pedro Tomas,Engenharia Electronica,4,24,M,5.9
20266289,Alberto Jaime,Engenharia Electronica,4,24,M,5.7
20266290,Ana Manuel,Engenharia Telecomunicacoes,1,27,M,10.9
20266291,Edson Mateus,Engenharia Informatica,3,25,F,9.8
20266292,Ana Manuel,Engenharia Informatica,4,19,M,7.5
20266293,Samuel Ernesto,Engenharia de Redes,2,28,F,13.2
20266294,Helena Augusto,Engenharia Informatica,1,30,F,7.0
20266295,Antonio Salvador,Engenharia Informatica,1,29,F,5.9
20266296,Fatima Luis,Engenharia Electronica,1,23,F,17.7
20266297,Dario Miguel,Engenharia Informatica,1,26,F,10.5
20266298,Pedro Tomas,Engenharia Electronica,1,23,M,6.0
20266299,Alberto Jaime,Engenharia Electronica,4,29,F,15.8
20266300,Rosa Fernando,Engenharia Informatica,4,21,M,19.1
20266301,Rosa Fernando,Engenharia de Redes,4,20,F,7.5
20266302,Sonia Armando,Engenharia Informatica,4,28,F,9.6
20266303,Edson Mateus,Engenharia Informatica,2,25,F,13.7
20266304,Joao Alberto,Engenharia Informatica,3,30,M,15.5
20266305,Alberto Jaime,Engenharia de Redes,4,24,M,18.5
20266306,Helena Augusto,Engenharia Electronica,2,21,M,16.1
20266307,Joao Alberto,Engenharia de Redes,1,26,F,16.9
20266308,Rosa Fernando,Engenharia de Redes,3,22,F,19.0
20266309,Alberto Jaime,Engenharia de Redes,1,19,F,15.0
20266310,Dario Miguel,Engenharia Informatica,3,28,M,19.4
20266311,Edson Mateus,Engenharia de Redes,2,24,M,14.9
20266312,Lucia Joaquim,Engenharia Telecomunicacoes,2,17,M,14.5
20266313,Pedro Tomas,Engenharia Electronica,4,29,F,10.4
20266314,Teresa Carlos,Engenharia de Redes,2,24,F,14.3
20266315,Fatima Luis,Engenharia Telecomunicacoes,3,28,M,18.4
20266316,Ana Manuel,Engenharia Telecomunicacoes,3,17,F,13.6
20266317,Elsa Domingos,Engenharia de Redes,2,28,M,16.5
20266318,Edson Mateus,Engenharia Electronica,3,19,M,8.7
20266319,Dario Miguel,Engenharia Telecomunicacoes,3,28,M,16.9
20266320,Antonio Salvador,Engenharia Telecomunicacoes,2,26,F,13.3
20266321,Dario Miguel,Engenharia de Redes,4,23,F,16.8
20266322,Celina Ernesto,Engenharia de Redes,2,22,F,17.5
20266323,Edson Mateus,Engenharia Informatica,4,27,F,5.8
20266324,Joao Alberto,Engenharia de Redes,4,20,F,9.1
20266325,Carlos Jose,Engenharia Informatica,3,28,F,6.4
20266326,Elsa Domingos,Engenharia Telecomunicacoes,3,28,M,7.7
20266327,Manuel Sergio,Engenharia Telecomunicacoes,4,19,M,7.7
20266328,Fatima Luis,Engenharia Telecomunicacoes,3,24,F,9.2
20266329,Sonia Armando,Engenharia Electronica,3,29,F,16.1
20266330,Edson Mateus,Engenharia Telecomunicacoes,3,30,M,19.0
20266331,Marta Paulo,Engenharia Informatica,1,24,M,9.0
20266332,Helena Augusto,Engenharia Electronica,3,26,M,12.2
20266333,Edson Mateus,Engenharia Telecomunicacoes,1,27,M,7.7
20266334,Edson Mateus,Engenharia de Redes,2,25,F,18.5
20266335,Marta Paulo,Engenharia Telecomunicacoes,1,18,M,9.1
20266336,Alberto Jaime,Engenharia Telecomunicacoes,3,27,M,9.3
20266337,Helena Augusto,Engenharia de Redes,2,21,M,15.9
20266338,Lucia Joaquim,Engenharia Telecomunicacoes,4,22,F,10.4
20266339,Ana Manuel,Engenharia Informatica,4,22,F,8.9
20266340,Marta Paulo,Engenharia Telecomunicacoes,3,24,F,18.8
20266341,Nelson Mario,Engenharia Informatica,3,24,F,8.9
20266342,Fatima Luis,Engenharia Informatica,1,28,F,7.1
20266343,Elsa Domingos,Engenharia Electronica,2,28,M,13.0
20266344,Elsa Domingos,Engenharia Telecomunicacoes,3,20,F,19.8
20266345,Marta Paulo,Engenharia Electronica,4,17,M,11.3
20266346,Helena Augusto,Engenharia de Redes,1,28,F,10.7
20266347,Samuel Ernesto,Engenharia de Redes,2,28,M,18.7
20266348,Samuel Ernesto,Engenharia Informatica,2,29,F,12.8
20266349,Alberto Jaime,Engenharia Informatica,4,22,F,11.4
20266350,Sonia Armando,Engenharia de Redes,1,22,F,6.5
20266351,Pedro Tomas,Engenharia Electronica,1,19,F,6.2
20266352,Carlos Jose,Engenharia Informatica,3,29,F,7.8
20266353,Alberto Jaime,Engenharia Telecomunicacoes,4,29,F,14.6
20266354,Joao Alberto,Engenharia Telecomunicacoes,1,25,M,18.3
20266355,Sonia Armando,Engenharia Electronica,2,22,F,17.8
20266356,Samuel Ernesto,Engenharia de Redes,4,26,M,12.6
20266357,Sonia Armando,Engenharia Telecomunicacoes,1,17,F,9.3
20266358,Sonia Armando,Engenharia Electronica,2,21,M,5.2
20266359,Alberto Jaime,Engenharia Telecomunicacoes,4,19,F,15.6
20266360,Dario Miguel,Engenharia de Redes,1,28,M,13.7
20266361,Pedro Tomas,Engenharia Electronica,3,24,M,14.9
20266362,Manuel Sergio,Engenharia Telecomunicacoes,4,28,F,13.9
20266363,Ana Manuel,Engenharia Electronica,3,24,M,13.6
20266364,Samuel Ernesto,Engenharia Telecomunicacoes,4,24,M,5.2
20266365,Edson Mateus,Engenharia Informatica,1,22,F,14.1
20266366,Dario Miguel,Engenharia Informatica,3,17,M,17.3
20266367,Nelson Mario,Engenharia Informatica,2,22,M,16.1
20266368,Celina Ernesto,Engenharia Electronica,4,26,M,11.4
20266369,Ana Manuel,Engenharia de Redes,2,22,M,15.1
20266370,Elsa Domingos,Engenharia Informatica,4,22,F,17.0
20266371,Marta Paulo,Engenharia Informatica,1,25,M,6.9
20266372,Pedro Tomas,Engenharia Telecomunicacoes,4,21,M,18.7
20266373,Teresa Carlos,Engenharia Informatica,2,30,M,10.2
20266374,Edson Mateus,Engenharia Informatica,3,29,F,9.8
20266375,Antonio Salvador,Engenharia Telecomunicacoes,3,19,M,14.6
20266376,Alberto Jaime,Engenharia de Redes,3,17,M,15.8
20266377,Manuel Sergio,Engenharia Electronica,3,24,F,12.3
20266378,Sonia Armando,Engenharia Electronica,2,22,F,7.6
20266379,Lucia Joaquim,Engenharia Electronica,4,24,F,6.2
20266380,Alberto Jaime,Engenharia Electronica,2,30,F,17.8
20266381,Helena Augusto,Engenharia Telecomunicacoes,3,26,M,9.9
20266382,Pedro Tomas,Engenharia Telecomunicacoes,4,24,M,15.2
20266383,Helena Augusto,Engenharia Informatica,2,17,F,15.0
20266384,Lucia Joaquim,Engenharia Electronica,1,24,F,5.9
20266385,Sonia Armando,Engenharia Informatica,3,26,F,19.1
20266386,Edson Mateus,Engenharia Telecomunicacoes,4,26,M,12.0
20266387,Lucia Joaquim,Engenharia Telecomunicacoes,3,18,F,15.1
20266388,Samuel Ernesto,Engenharia de Redes,4,28,F,10.0
20266389,Samuel Ernesto,Engenharia Electronica,4,18,M,7.0
20266390,Manuel Sergio,Engenharia Telecomunicacoes,1,21,F,12.7
20266391,Celina Ernesto,Engenharia Informatica,4,29,F,8.1
20266392,Manuel Sergio,Engenharia Informatica,1,25,M,12.9
20266393,Fatima Luis,Engenharia de Redes,2,25,F,14.8
20266394,Antonio Salvador,Engenharia Telecomunicacoes,2,28,F,9.3
20266395,Samuel Ernesto,Engenharia Informatica,4,18,M,5.7
20266396,Nelson Mario,Engenharia Telecomunicacoes,2,17,M,9.4
20266397,Marta Paulo,Engenharia Electronica,2,23,M,5.8
20266398,Pedro Tomas,Engenharia Informatica,2,18,F,12.1
20266399,Dario Miguel,Engenharia Informatica,2,27,F,5.5
20266400,Nelson Mario,Engenharia de Redes,4,28,M,12.5
20266401,Rosa Fernando,Engenharia de Redes,4,20,M,10.1
20266402,Rosa Fernando,Engenharia de Redes,3,22,M,9.5
20266403,Samuel Ernesto,Engenharia Informatica,2,21,F,14.2
20266404,Sonia Armando,Engenharia Telecomunicacoes,3,29,F,6.6
20266405,Carlos Jose,Engenharia Telecomunicacoes,4,26,F,13.6
20266406,Antonio Salvador,Engenharia Telecomunicacoes,2,30,F,13.1
20266407,Celina Ernesto,Engenharia Telecomunicacoes,2,20,F,8.1
20266408,Marta Paulo,Engenharia Electronica,3,22,F,12.0
20266409,Celina Ernesto,Engenharia de Redes,3,17,M,7.1
20266410,Manuel Sergio,Engenharia Informatica,4,24,M,15.8
20266411,Lucia Joaquim,Engenharia Informatica,3,21,M,11.6
20266412,Joao Alberto,Engenharia de Redes,3,25,F,16.0
20266413,Sonia Armando,Engenharia Telecomunicacoes,4,28,M,8.7
20266414,Pedro Tomas,Engenharia Electronica,1,23,M,17.4
20266415,Pedro Tomas,Engenharia Electronica,2,27,F,7.4
20266416,Antonio Salvador,Engenharia Telecomunicacoes,4,24,F,7.4
20266417,Dario Miguel,Engenharia Telecomunicacoes,3,25,F,13.9
20266418,Helena Augusto,Engenharia Electronica,3,18,M,15.2
20266419,Lucia Joaquim,Engenharia Informatica,3,22,M,14.9
20266420,Edson Mateus,Engenharia Electronica,4,21,M,7.2
20266421,Helena Augusto,Engenharia Informatica,1,21,F,19.5
20266422,Pedro Tomas,Engenharia Electronica,2,30,M,12.4
20266423,Antonio Salvador,Engenharia Electronica,3,24,F,16.8
20266424,Teresa Carlos,Engenharia de Redes,4,26,M,16.5
20266425,Joao Alberto,Engenharia Electronica,4,24,F,16.2
20266426,Samuel Ernesto,Engenharia Telecomunicacoes,4,24,F,16.4
20266427,Lucia Joaquim,Engenharia Informatica,2,25,F,5.9
20266428,Edson Mateus,Engenharia Informatica,4,24,F,17.4
20266429,Alberto Jaime,Engenharia Telecomunicacoes,3,28,M,5.6
20266430,Nelson Mario,Engenharia Informatica,4,18,F,15.0
20266431,Ana Manuel,Engenharia de Redes,2,29,F,10.8
20266432,Sonia Armando,Engenharia Electronica,4,22,F,12.3
20266433,Edson Mateus,Engenharia Telecomunicacoes,2,30,F,16.4
20266434,Elsa Domingos,Engenharia de Redes,3,18,M,15.2
20266435,Manuel Sergio,Engenharia de Redes,1,22,M,16.1
20266436,Joao Alberto,Engenharia Electronica,3,30,M,15.2
20266437,Marta Paulo,Engenharia de Redes,4,25,M,19.7
20266438,Helena Augusto,Engenharia Telecomunicacoes,4,28,F,10.8
20266439,Manuel Sergio,Engenharia Informatica,3,26,M,9.7
20266440,Manuel Sergio,Engenharia Informatica,1,20,F,13.8
20266441,Manuel Sergio,Engenharia Telecomunicacoes,2,19,M,18.6
20266442,Marta Paulo,Engenharia Telecomunicacoes,3,23,M,6.0
20266443,Celina Ernesto,Engenharia Informatica,2,27,M,18.6
20266444,Rosa Fernando,Engenharia Electronica,4,26,M,13.3
20266445,Teresa Carlos,Engenharia de Redes,4,28,F,6.3
20266446,Manuel Sergio,Engenharia Telecomunicacoes,1,22,F,12.4
20266447,Carlos Jose,Engenharia Electronica,2,23,F,7.7
20266448,Antonio Salvador,Engenharia Informatica,4,21,F,8.5
20266449,Joao Alberto,Engenharia Telecomunicacoes,4,21,M,13.8
20266450,Ana Manuel,Engenharia Informatica,4,23,F,19.6
20266451,Samuel Ernesto,Engenharia Informatica,4,20,M,19.9
20266452,Ana Manuel,Engenharia Electronica,3,20,M,5.1
20266453,Celina Ernesto,Engenharia Telecomunicacoes,2,17,M,7.8
20266454,Manuel Sergio,Engenharia de Redes,2,27,M,12.4
20266455,Antonio Salvador,Engenharia de Redes,3,19,M,17.0
20266456,Ana Manuel,Engenharia Electronica,1,30,F,8.3
20266457,Pedro Tomas,Engenharia de Redes,2,17,F,16.3
20266458,Edson Mateus,Engenharia Telecomunicacoes,4,21,M,8.1
20266459,Lucia Joaquim,Engenharia Telecomunicacoes,2,29,M,17.6
20266460,Marta Paulo,Engenharia Informatica,2,17,F,17.5
20266461,Dario Miguel,Engenharia Informatica,4,30,M,12.6
20266462,Manuel Sergio,Engenharia Telecomunicacoes,1,25,M,8.0
20266463,Marta Paulo,Engenharia Informatica,1,27,F,12.5
20266464,Marta Paulo,Engenharia de Redes,4,29,F,17.1
20266465,Fatima Luis,Engenharia de Redes,4,23,M,8.4
20266466,Samuel Ernesto,Engenharia Electronica,4,19,F,14.8
20266467,Pedro Tomas,Engenharia de Redes,3,26,M,10.0
20266468,Fatima Luis,Engenharia Telecomunicacoes,4,26,F,15.8
20266469,Samuel Ernesto,Engenharia Electronica,1,30,F,12.4
20266470,Fatima Luis,Engenharia Electronica,2,27,F,14.9
20266471,Celina Ernesto,Engenharia Electronica,3,19,M,19.3
20266472,Lucia Joaquim,Engenharia de Redes,4,30,F,13.7
20266473,Lucia Joaquim,Engenharia Informatica,2,17,M,11.0
20266474,Rosa Fernando,Engenharia Informatica,4,29,F,6.9
20266475,Elsa Domingos,Engenharia Electronica,2,21,M,16.9
20266476,Samuel Ernesto,Engenharia Informatica,3,19,F,12.6
20266477,Pedro Tomas,Engenharia Informatica,1,22,F,9.1
20266478,Rosa Fernando,Engenharia de Redes,4,23,M,13.6
20266479,Nelson Mario,Engenharia de Redes,1,23,M,11.6
20266480,Antonio Salvador,Engenharia Telecomunicacoes,2,19,M,6.6
20266481,Helena Augusto,Engenharia Electronica,3,28,F,18.3
20266482,Celina Ernesto,Engenharia Electronica,3,26,M,7.8
20266483,Sonia Armando,Engenharia Electronica,4,24,M,18.0
20266484,Marta Paulo,Engenharia Telecomunicacoes,4,22,M,5.2
20266485,Carlos Jose,Engenharia Informatica,3,26,M,15.8
20266486,Rosa Fernando,Engenharia Telecomunicacoes,2,20,M,19.4
20266487,Helena Augusto,Engenharia Telecomunicacoes,4,29,F,18.9
20266488,Helena Augusto,Engenharia Electronica,1,19,M,5.5
20266489,Elsa Domingos,Engenharia Informatica,3,27,F,11.1
20266490,Teresa Carlos,Engenharia de Redes,1,24,F,5.0
20266491,Celina Ernesto,Engenharia Informatica,2,27,F,13.3
20266492,Dario Miguel,Engenharia Informatica,1,19,F,16.4
20266493,Helena Augusto,Engenharia de Redes,4,30,M,11.4
20266494,Nelson Mario,Engenharia de Redes,2,17,F,14.7
20266495,Nelson Mario,Engenharia Electronica,3,25,F,19.8
20266496,Elsa Domingos,Engenharia Electronica,4,24,F,11.9
20266497,Joao Alberto,Engenharia Informatica,3,23,M,12.4
20266498,Edson Mateus,Engenharia Telecomunicacoes,4,24,M,5.5
20266499,Sonia Armando,Engenharia de Redes,4,20,F,6.1
20266500,Sonia Armando,Engenharia Informatica,3,21,M,18.4
20266501,Dario Miguel,Engenharia de Redes,2,28,F,16.3
20266502,Teresa Carlos,Engenharia de Redes,1,17,F,10.0
20266503,Joao Alberto,Engenharia Telecomunicacoes,2,23,M,6.9
20266504,Sonia Armando,Engenharia de Redes,1,27,F,13.5
20266505,Teresa Carlos,Engenharia Informatica,3,17,F,16.7
20266506,Elsa Domingos,Engenharia Informatica,3,26,M,16.5
20266507,Ana Manuel,Engenharia Informatica,1,18,F,19.5
20266508,Carlos Jose,Engenharia de Redes,2,25,M,8.9
20266509,Rosa Fernando,Engenharia Telecomunicacoes,3,28,M,9.2
20266510,Elsa Domingos,Engenharia Telecomunicacoes,1,25,M,6.6
20266511,Joao Alberto,Engenharia Electronica,4,24,F,12.9
20266512,Celina Ernesto,Engenharia Informatica,2,17,M,9.4
20266513,Dario Miguel,Engenharia Electronica,2,22,F,6.6
20266514,Helena Augusto,Engenharia Informatica,2,29,M,14.0
20266515,Ana Manuel,Engenharia Electronica,2,27,M,5.9
20266516,Pedro Tomas,Engenharia Electronica,4,26,F,15.9
20266517,Nelson Mario,Engenharia Telecomunicacoes,2,25,M,15.2
20266518,Rosa Fernando,Engenharia de Redes,4,17,M,17.5
20266519,Teresa Carlos,Engenharia Electronica,1,20,M,5.3
20266520,Fatima Luis,Engenharia de Redes,2,25,M,9.3
20266521,Fatima Luis,Engenharia Informatica,1,25,F,11.1
20266522,Pedro Tomas,Engenharia Telecomunicacoes,4,28,F,7.7
20266523,Elsa Domingos,Engenharia Telecomunicacoes,2,17,M,6.8
20266524,Edson Mateus,Engenharia Informatica,3,18,F,8.3
20266525,Joao Alberto,Engenharia Informatica,4,25,M,5.8
20266526,Rosa Fernando,Engenharia de Redes,4,30,M,12.4
20266527,Helena Augusto,Engenharia Telecomunicacoes,2,29,F,18.1
20266528,Carlos Jose,Engenharia Telecomunicacoes,4,22,M,9.0
20266529,Antonio Salvador,Engenharia Telecomunicacoes,2,27,F,8.1
20266530,Ana Manuel,Engenharia de Redes,4,24,M,6.7
20266531,Pedro Tomas,Engenharia Electronica,4,27,F,10.7
20266532,Lucia Joaquim,Engenharia de Redes,1,20,M,9.2
20266533,Manuel Sergio,Engenharia de Redes,3,28,M,6.4
20266534,Edson Mateus,Engenharia Electronica,2,24,M,16.5
20266535,Antonio Salvador,Engenharia de Redes,3,29,M,15.2
20266536,Teresa Carlos,Engenharia Telecomunicacoes,3,19,M,14.8
20266537,Samuel Ernesto,Engenharia Informatica,1,30,M,19.2
20266538,Joao Alberto,Engenharia Informatica,3,28,M,12.1
20266539,Nelson Mario,Engenharia Telecomunicacoes,3,18,M,11.9
20266540,Edson Mateus,Engenharia de Redes,4,17,M,5.9
20266541,Manuel Sergio,Engenharia Informatica,2,25,F,19.9
20266542,Helena Augusto,Engenharia Telecomunicacoes,3,23,M,15.5
20266543,Pedro Tomas,Engenharia de Redes,3,25,M,5.8
20266544,Edson Mateus,Engenharia Electronica,4,20,F,17.8
20266545,Dario Miguel,Engenharia Telecomunicacoes,2,21,M,7.1
20266546,Lucia Joaquim,Engenharia de Redes,1,22,F,9.8
20266547,Lucia Joaquim,Engenharia de Redes,2,23,F,13.0
20266548,Ana Manuel,Engenharia Telecomunicacoes,2,21,F,12.0
20266549,Elsa Domingos,Engenharia Informatica,4,29,F,15.7
20266550,Teresa Carlos,Engenharia de Redes,4,28,M,12.2
20266551,Pedro Tomas,Engenharia Telecomunicacoes,4,17,F,15.3
20266552,Antonio Salvador,Engenharia Electronica,4,25,M,16.3
20266553,Pedro Tomas,Engenharia de Redes,1,26,F,18.8
20266554,Samuel Ernesto,Engenharia Telecomunicacoes,2,28,M,6.4
20266555,Pedro Tomas,Engenharia Telecomunicacoes,2,25,F,18.0
20266556,Elsa Domingos,Engenharia Telecomunicacoes,3,20,M,18.0
20266557,Joao Alberto,Engenharia Electronica,3,22,M,9.2
20266558,Dario Miguel,Engenharia Telecomunicacoes,3,25,F,6.3
20266559,Ana Manuel,Engenharia Informatica,2,22,M,8.4
20266560,Fatima Luis,Engenharia Telecomunicacoes,2,23,M,7.9
20266561,Edson Mateus,Engenharia Informatica,3,24,M,10.4
20266562,Joao Alberto,Engenharia de Redes,4,27,F,6.4
20266563,Celina Ernesto,Engenharia Electronica,1,25,M,7.6
20266564,Dario Miguel,Engenharia de Redes,3,23,M,19.4
20266565,Fatima Luis,Engenharia Electronica,4,23,F,15.3
20266566,Teresa Carlos,Engenharia Telecomunicacoes,2,17,F,17.8
20266567,Dario Miguel,Engenharia de Redes,2,25,M,10.9
20266568,Fatima Luis,Engenharia de Redes,2,18,M,8.0
20266569,Ana Manuel,Engenharia Electronica,4,17,F,12.0
20266570,Elsa Domingos,Engenharia Telecomunicacoes,1,20,F,15.5
20266571,Elsa Domingos,Engenharia Electronica,1,25,M,16.7
20266572,Alberto Jaime,Engenharia Electronica,1,27,F,11.5
20266573,Nelson Mario,Engenharia Electronica,2,30,F,8.4
20266574,Joao Alberto,Engenharia Informatica,1,23,M,8.5
20266575,Elsa Domingos,Engenharia de Redes,2,29,F,12.9
20266576,Antonio Salvador,Engenharia Electronica,3,18,M,16.3
20266577,Dario Miguel,Engenharia Electronica,4,26,M,7.3
20266578,Helena Augusto,Engenharia Electronica,1,29,F,14.5
20266579,Teresa Carlos,Engenharia Electronica,4,18,F,10.7
20266580,Manuel Sergio,Engenharia Informatica,1,19,M,18.4
20266581,Edson Mateus,Engenharia de Redes,1,27,F,11.6
20266582,Samuel Ernesto,Engenharia Electronica,2,25,F,18.6
20266583,Elsa Domingos,Engenharia Telecomunicacoes,3,21,F,19.5
20266584,Manuel Sergio,Engenharia de Redes,4,25,M,9.8
20266585,Alberto Jaime,Engenharia Telecomunicacoes,2,18,M,10.2
20266586,Pedro Tomas,Engenharia Electronica,2,20,F,10.2
20266587,Sonia Armando,Engenharia Informatica,4,18,F,14.6
20266588,Ana Manuel,Engenharia de Redes,2,26,M,5.4
20266589,Nelson Mario,Engenharia Informatica,3,27,F,17.6
20266590,Manuel Sergio,Engenharia de Redes,1,21,M,8.5
20266591,Nelson Mario,Engenharia Telecomunicacoes,1,24,F,8.8
20266592,Helena Augusto,Engenharia Electronica,3,21,F,7.6
20266593,Dario Miguel,Engenharia Telecomunicacoes,3,29,F,7.3
20266594,Pedro Tomas,Engenharia Informatica,3,29,F,5.7
20266595,Helena Augusto,Engenharia Electronica,2,18,M,18.1
20266596,Dario Miguel,Engenharia Informatica,1,30,F,11.3
20266597,Manuel Sergio,Engenharia Telecomunicacoes,3,17,M,16.4
20266598,Alberto Jaime,Engenharia Telecomunicacoes,2,21,F,8.5
20266599,Samuel Ernesto,Engenharia Electronica,2,17,F,17.3
20266600,Pedro Tomas,Engenharia Electronica,1,28,F,12.3
20266601,Samuel Ernesto,Engenharia de Redes,2,29,F,13.4
20266602,Teresa Carlos,Engenharia Electronica,3,17,F,12.2
20266603,Elsa Domingos,Engenharia Electronica,3,20,M,7.3
20266604,Dario Miguel,Engenharia Electronica,1,20,F,19.8
20266605,Teresa Carlos,Engenharia de Redes,3,30,F,9.3
20266606,Manuel Sergio,Engenharia Telecomunicacoes,2,26,F,12.7
20266607,Ana Manuel,Engenharia Electronica,1,29,M,19.1
20266608,Teresa Carlos,Engenharia de Redes,1,22,F,17.5
20266609,Joao Alberto,Engenharia Telecomunicacoes,2,24,M,7.6
20266610,Carlos Jose,Engenharia Informatica,4,21,M,8.9
20266611,Helena Augusto,Engenharia Telecomunicacoes,1,28,F,12.1
20266612,Alberto Jaime,Engenharia Electronica,1,17,F,15.7
20266613,Antonio Salvador,Engenharia de Redes,3,25,M,9.9
20266614,Alberto Jaime,Engenharia Telecomunicacoes,4,21,M,14.0
20266615,Elsa Domingos,Engenharia de Redes,1,24,F,8.3
20266616,Elsa Domingos,Engenharia Informatica,3,30,M,8.9
20266617,Celina Ernesto,Engenharia Informatica,1,25,F,7.9
20266618,Teresa Carlos,Engenharia Telecomunicacoes,2,22,F,16.9
20266619,Helena Augusto,Engenharia Electronica,1,21,F,13.7
20266620,Antonio Salvador,Engenharia Informatica,4,17,F,10.9
20266621,Lucia Joaquim,Engenharia de Redes,4,22,F,15.3
20266622,Manuel Sergio,Engenharia de Redes,3,25,F,8.3
20266623,Joao Alberto,Engenharia de Redes,2,23,M,12.8
20266624,Rosa Fernando,Engenharia Electronica,2,21,F,8.7
20266625,Nelson Mario,Engenharia de Redes,4,21,F,14.1
20266626,Teresa Carlos,Engenharia Telecomunicacoes,2,17,F,19.3
20266627,Antonio Salvador,Engenharia Telecomunicacoes,3,19,M,5.6
20266628,Dario Miguel,Engenharia Electronica,2,19,M,18.2
20266629,Edson Mateus,Engenharia Informatica,1,18,M,14.3
20266630,Samuel Ernesto,Engenharia de Redes,3,24,M,9.1
20266631,Alberto Jaime,Engenharia Telecomunicacoes,4,30,M,5.6
20266632,Helena Augusto,Engenharia Informatica,4,24,F,14.0
20266633,Antonio Salvador,Engenharia de Redes,3,26,M,19.2
20266634,Nelson Mario,Engenharia de Redes,1,29,F,14.9
20266635,Sonia Armando,Engenharia Informatica,3,24,F,18.6
20266636,Elsa Domingos,Engenharia Informatica,1,25,F,9.4
20266637,Joao Alberto,Engenharia de Redes,3,23,M,18.4
20266638,Carlos Jose,Engenharia de Redes,2,29,F,18.5
20266639,Teresa Carlos,Engenharia de Redes,4,29,F,15.2
20266640,Manuel Sergio,Engenharia Informatica,4,22,M,7.7
20266641,Manuel Sergio,Engenharia Telecomunicacoes,3,29,F,6.8
20266642,Sonia Armando,Engenharia Electronica,4,25,M,11.7
20266643,Joao Alberto,Engenharia Telecomunicacoes,4,22,M,15.4
20266644,Dario Miguel,Engenharia Informatica,2,30,F,7.5
20266645,Alberto Jaime,Engenharia Electronica,2,21,F,14.4
20266646,Elsa Domingos,Engenharia Informatica,3,18,M,15.2
20266647,Dario Miguel,Engenharia Electronica,3,20,M,15.7
20266648,Carlos Jose,Engenharia Electronica,2,24,M,8.0
20266649,Teresa Carlos,Engenharia Electronica,3,26,M,19.6
20266650,Ana Manuel,Engenharia de Redes,1,23,M,8.8
20266651,Joao Alberto,Engenharia Electronica,3,17,F,5.9
20266652,Sonia Armando,Engenharia Informatica,4,22,M,5.7
20266653,Nelson Mario,Engenharia Informatica,1,28,M,9.7
20266654,Carlos Jose,Engenharia de Redes,4,19,M,12.9
20266655,Pedro Tomas,Engenharia Telecomunicacoes,3,28,M,7.3
20266656,Fatima Luis,Engenharia Electronica,3,26,M,13.6
20266657,Samuel Ernesto,Engenharia Telecomunicacoes,3,18,M,15.3
20266658,Manuel Sergio,Engenharia de Redes,3,21,M,16.0
20266659,Antonio Salvador,Engenharia de Redes,2,27,M,18.6
20266660,Carlos Jose,Engenharia Electronica,2,26,F,10.3
20266661,Helena Augusto,Engenharia Informatica,4,28,M,11.9
20266662,Dario Miguel,Engenharia Electronica,2,28,M,5.0
20266663,Joao Alberto,Engenharia de Redes,3,20,F,8.9
20266664,Pedro Tomas,Engenharia Electronica,4,29,F,5.7
20266665,Joao Alberto,Engenharia Telecomunicacoes,1,23,M,17.7
20266666,Rosa Fernando,Engenharia Electronica,2,24,F,11.6
20266667,Celina Ernesto,Engenharia de Redes,4,18,M,11.4
20266668,Lucia Joaquim,Engenharia Informatica,4,30,M,7.7
20266669,Rosa Fernando,Engenharia Telecomunicacoes,1,28,M,8.2
20266670,Dario Miguel,Engenharia Informatica,4,28,M,11.9
20266671,Celina Ernesto,Engenharia Telecomunicacoes,4,17,F,16.1
20266672,Edson Mateus,Engenharia Telecomunicacoes,1,23,F,13.6
20266673,Lucia Joaquim,Engenharia Electronica,4,21,M,6.9
20266674,Manuel Sergio,Engenharia Informatica,3,23,M,19.8
20266675,Teresa Carlos,Engenharia Telecomunicacoes,1,27,F,11.5
20266676,Ana Manuel,Engenharia de Redes,1,22,M,5.5
20266677,Pedro Tomas,Engenharia de Redes,1,20,M,5.4
20266678,Samuel Ernesto,Engenharia de Redes,2,18,F,7.3
20266679,Carlos Jose,Engenharia de Redes,4,24,M,11.1
20266680,Lucia Joaquim,Engenharia Electronica,1,22,F,16.0
20266681,Pedro Tomas,Engenharia Electronica,2,27,F,15.4
20266682,Manuel Sergio,Engenharia Electronica,2,22,F,15.5
20266683,Teresa Carlos,Engenharia de Redes,1,24,F,10.5
20266684,Marta Paulo,Engenharia Telecomunicacoes,1,22,M,8.4
20266685,Joao Alberto,Engenharia Telecomunicacoes,4,29,M,17.9
20266686,Dario Miguel,Engenharia de Redes,3,22,M,17.5
20266687,Celina Ernesto,Engenharia de Redes,1,22,F,5.5
20266688,Ana Manuel,Engenharia Electronica,3,24,F,10.5
20266689,Pedro Tomas,Engenharia Electronica,1,25,M,13.0
20266690,Sonia Armando,Engenharia Electronica,1,19,F,10.2
20266691,Helena Augusto,Engenharia de Redes,2,22,M,14.0
20266692,Elsa Domingos,Engenharia Telecomunicacoes,3,23,F,5.5
20266693,Pedro Tomas,Engenharia Electronica,3,18,M,6.3
20266694,Helena Augusto,Engenharia de Redes,3,18,F,12.1
20266695,Teresa Carlos,Engenharia Electronica,3,20,F,17.5
20266696,Pedro Tomas,Engenharia de Redes,2,21,M,17.1
20266697,Lucia Joaquim,Engenharia Informatica,1,26,M,11.3
20266698,Pedro Tomas,Engenharia Informatica,2,21,M,16.4
20266699,Elsa Domingos,Engenharia Electronica,4,18,M,7.2
20266700,Manuel Sergio,Engenharia Electronica,2,19,F,6.9
20266701,Sonia Armando,Engenharia de Redes,1,28,F,19.7
20266702,Ana Manuel,Engenharia Informatica,3,25,F,7.5
20266703,Rosa Fernando,Engenharia Informatica,3,17,M,8.7
20266704,Edson Mateus,Engenharia Informatica,2,23,F,12.3
20266705,Samuel Ernesto,Engenharia Telecomunicacoes,1,28,F,12.8
20266706,Ana Manuel,Engenharia Electronica,1,22,F,13.2
20266707,Sonia Armando,Engenharia Informatica,2,20,M,15.7
20266708,Ana Manuel,Engenharia Electronica,1,25,F,15.4
20266709,Carlos Jose,Engenharia Electronica,4,28,F,10.1
20266710,Teresa Carlos,Engenharia de Redes,1,27,F,19.4
20266711,Nelson Mario,Engenharia Informatica,1,23,M,13.5
20266712,Manuel Sergio,Engenharia Informatica,2,27,F,7.4
20266713,Edson Mateus,Engenharia de Redes,4,30,M,16.6
20266714,Celina Ernesto,Engenharia Informatica,2,28,M,13.5
20266715,Fatima Luis,Engenharia de Redes,2,17,M,17.3
20266716,Sonia Armando,Engenharia Electronica,3,26,F,17.7
20266717,Elsa Domingos,Engenharia Informatica,2,17,F,8.4
20266718,Sonia Armando,Engenharia de Redes,3,23,M,12.4
20266719,Joao Alberto,Engenharia de Redes,4,22,M,17.8
20266720,Teresa Carlos,Engenharia Informatica,2,17,M,19.7
20266721,Samuel Ernesto,Engenharia Electronica,1,21,F,18.9
20266722,Helena Augusto,Engenharia de Redes,3,27,F,11.0
20266723,Antonio Salvador,Engenharia Informatica,4,19,M,7.9
20266724,Celina Ernesto,Engenharia Telecomunicacoes,2,17,M,19.9
20266725,Sonia Armando,Engenharia de Redes,4,21,F,18.8
20266726,Manuel Sergio,Engenharia Informatica,2,27,M,17.2
20266727,Antonio Salvador,Engenharia de Redes,3,22,M,6.8
20266728,Ana Manuel,Engenharia Electronica,2,26,F,9.7
20266729,Carlos Jose,Engenharia Telecomunicacoes,3,21,M,17.6
20266730,Alberto Jaime,Engenharia Electronica,1,26,F,5.2
20266731,Samuel Ernesto,Engenharia de Redes,3,23,F,7.7
20266732,Samuel Ernesto,Engenharia de Redes,2,24,M,15.3
20266733,Celina Ernesto,Engenharia Telecomunicacoes,4,25,F,6.2
20266734,Pedro Tomas,Engenharia de Redes,3,20,M,6.8
20266735,Fatima Luis,Engenharia Electronica,3,27,M,17.5
20266736,Carlos Jose,Engenharia Telecomunicacoes,2,25,F,6.3
20266737,Rosa Fernando,Engenharia de Redes,1,27,F,11.3
20266738,Helena Augusto,Engenharia Electronica,3,30,F,7.0
20266739,Elsa Domingos,Engenharia Electronica,3,24,F,16.7
20266740,Fatima Luis,Engenharia Electronica,1,30,M,15.4
20266741,Samuel Ernesto,Engenharia Informatica,1,28,F,7.8
20266742,Nelson Mario,Engenharia Informatica,4,30,M,19.5
20266743,Helena Augusto,Engenharia Informatica,4,23,M,19.4
20266744,Sonia Armando,Engenharia de Redes,4,27,F,16.3
20266745,Joao Alberto,Engenharia Informatica,1,21,F,13.3
20266746,Teresa Carlos,Engenharia Electronica,2,28,M,17.7
20266747,Pedro Tomas,Engenharia de Redes,1,29,F,14.6
20266748,Rosa Fernando,Engenharia de Redes,4,29,M,14.7
20266749,Fatima Luis,Engenharia Electronica,2,19,M,8.2
20266750,Nelson Mario,Engenharia Telecomunicacoes,2,21,F,10.4
20266751,Alberto Jaime,Engenharia de Redes,4,29,F,11.8
20266752,Sonia Armando,Engenharia Electronica,4,27,M,5.7
20266753,Joao Alberto,Engenharia Electronica,2,18,F,19.0
20266754,Edson Mateus,Engenharia Electronica,4,17,F,15.7
20266755,Fatima Luis,Engenharia Telecomunicacoes,4,28,M,13.1
20266756,Teresa Carlos,Engenharia Electronica,2,29,F,16.4
20266757,Edson Mateus,Engenharia de Redes,3,28,F,10.5
20266758,Teresa Carlos,Engenharia Electronica,4,29,M,5.8
20266759,Elsa Domingos,Engenharia Telecomunicacoes,2,25,M,8.6
20266760,Carlos Jose,Engenharia Telecomunicacoes,3,21,M,6.2
20266761,Manuel Sergio,Engenharia de Redes,3,23,M,14.7
20266762,Teresa Carlos,Engenharia Informatica,4,20,M,16.2
20266763,Marta Paulo,Engenharia Telecomunicacoes,3,26,M,16.7
20266764,Lucia Joaquim,Engenharia Telecomunicacoes,1,18,M,16.2
20266765,Pedro Tomas,Engenharia Telecomunicacoes,3,27,F,6.3
20266766,Sonia Armando,Engenharia de Redes,2,24,M,13.6
20266767,Celina Ernesto,Engenharia de Redes,2,25,M,18.3
20266768,Antonio Salvador,Engenharia Electronica,4,27,M,13.6
20266769,Alberto Jaime,Engenharia Telecomunicacoes,2,17,F,13.3
20266770,Joao Alberto,Engenharia Informatica,1,18,M,7.7
20266771,Manuel Sergio,Engenharia de Redes,1,23,F,9.8
20266772,Lucia Joaquim,Engenharia de Redes,3,26,M,6.6
20266773,Helena Augusto,Engenharia Informatica,4,24,F,14.5
20266774,Ana Manuel,Engenharia Informatica,1,28,M,14.5
20266775,Antonio Salvador,Engenharia de Redes,2,21,F,14.9
20266776,Alberto Jaime,Engenharia Electronica,4,23,M,15.6
20266777,Celina Ernesto,Engenharia Electronica,2,30,F,19.2
20266778,Antonio Salvador,Engenharia Informatica,4,18,M,7.3
20266779,Lucia Joaquim,Engenharia Informatica,2,27,F,18.0
20266780,Sonia Armando,Engenharia Telecomunicacoes,2,22,F,19.2
20266781,Rosa Fernando,Engenharia Electronica,4,27,M,12.5
20266782,Fatima Luis,Engenharia Electronica,2,23,M,13.0
20266783,Alberto Jaime,Engenharia Electronica,1,20,F,5.1
20266784,Helena Augusto,Engenharia de Redes,1,21,F,12.1
20266785,Alberto Jaime,Engenharia Informatica,2,30,F,19.3
20266786,Manuel Sergio,Engenharia Informatica,1,24,M,19.9
20266787,Elsa Domingos,Engenharia de Redes,4,30,M,12.1
20266788,Marta Paulo,Engenharia de Redes,1,29,F,9.3
20266789,Nelson Mario,Engenharia Electronica,4,23,F,16.7
20266790,Carlos Jose,Engenharia Telecomunicacoes,2,22,F,10.8
20266791,Helena Augusto,Engenharia Electronica,2,22,M,13.0
20266792,Elsa Domingos,Engenharia de Redes,2,22,F,12.1
20266793,Dario Miguel,Engenharia Informatica,1,27,M,7.6
20266794,Nelson Mario,Engenharia Electronica,4,30,M,9.0
20266795,Manuel Sergio,Engenharia Informatica,2,27,M,6.3
20266796,Samuel Ernesto,Engenharia Telecomunicacoes,4,27,F,6.6
20266797,Helena Augusto,Engenharia de Redes,2,30,M,10.0
20266798,Edson Mateus,Engenharia Electronica,2,26,F,13.7
20266799,Marta Paulo,Engenharia Electronica,4,23,F,20.0
20266800,Carlos Jose,Engenharia de Redes,2,23,F,15.7
20266801,Joao Alberto,Engenharia Informatica,3,27,F,10.8
20266802,Carlos Jose,Engenharia de Redes,4,30,F,18.1
20266803,Teresa Carlos,Engenharia Informatica,1,20,M,16.5
20266804,Fatima Luis,Engenharia de Redes,2,26,M,10.5
20266805,Pedro Tomas,Engenharia de Redes,2,29,M,13.7
20266806,Dario Miguel,Engenharia de Redes,4,24,M,15.5
20266807,Lucia Joaquim,Engenharia Electronica,3,25,F,12.1
20266808,Pedro Tomas,Engenharia de Redes,1,22,M,15.6
20266809,Pedro Tomas,Engenharia de Redes,1,17,F,13.6
20266810,Fatima Luis,Engenharia Informatica,2,19,M,12.6
20266811,Fatima Luis,Engenharia de Redes,3,23,F,7.3
20266812,Nelson Mario,Engenharia de Redes,3,18,M,12.5
20266813,Marta Paulo,Engenharia Telecomunicacoes,1,25,M,7.6
20266814,Antonio Salvador,Engenharia Informatica,3,29,M,16.3
20266815,Alberto Jaime,Engenharia de Redes,3,22,F,7.3
20266816,Antonio Salvador,Engenharia Electronica,2,28,M,13.3
20266817,Ana Manuel,Engenharia de Redes,2,17,F,16.5
20266818,Dario Miguel,Engenharia Telecomunicacoes,2,29,F,10.4
20266819,Celina Ernesto,Engenharia de Redes,4,18,M,15.9
20266820,Fatima Luis,Engenharia Electronica,4,21,M,19.1
20266821,Manuel Sergio,Engenharia Electronica,4,21,M,9.2
20266822,Antonio Salvador,Engenharia Electronica,1,24,F,18.5
20266823,Nelson Mario,Engenharia Informatica,1,18,M,15.9
20266824,Carlos Jose,Engenharia Informatica,4,22,M,16.1
20266825,Antonio Salvador,Engenharia Informatica,3,25,F,14.8
20266826,Lucia Joaquim,Engenharia Informatica,1,17,M,12.3
20266827,Alberto Jaime,Engenharia Electronica,3,24,M,6.2
20266828,Fatima Luis,Engenharia de Redes,4,23,F,17.5
20266829,Edson Mateus,Engenharia de Redes,3,20,F,8.5
20266830,Rosa Fernando,Engenharia de Redes,3,28,M,19.6
20266831,Fatima Luis,Engenharia de Redes,2,19,M,18.8
20266832,Pedro Tomas,Engenharia Informatica,1,22,F,7.7
20266833,Alberto Jaime,Engenharia Electronica,2,25,M,8.7
20266834,Lucia Joaquim,Engenharia Informatica,3,19,F,14.0
20266835,Ana Manuel,Engenharia Electronica,1,21,M,7.0
20266836,Manuel Sergio,Engenharia Informatica,4,30,M,7.5
20266837,Marta Paulo,Engenharia Electronica,3,26,M,11.8
20266838,Manuel Sergio,Engenharia de Redes,1,26,M,13.7
20266839,Samuel Ernesto,Engenharia Informatica,4,29,M,12.3
20266840,Nelson Mario,Engenharia de Redes,4,22,F,14.2
20266841,Teresa Carlos,Engenharia Electronica,4,29,M,12.6
20266842,Samuel Ernesto,Engenharia Electronica,3,24,F,8.7
20266843,Samuel Ernesto,Engenharia Electronica,3,21,M,6.0
20266844,Manuel Sergio,Engenharia Telecomunicacoes,3,19,M,12.2
20266845,Alberto Jaime,Engenharia de Redes,4,21,F,11.6
20266846,Pedro Tomas,Engenharia Informatica,2,20,M,12.7
20266847,Rosa Fernando,Engenharia Electronica,4,30,F,16.8
20266848,Samuel Ernesto,Engenharia Informatica,4,22,M,12.4
20266849,Dario Miguel,Engenharia Telecomunicacoes,2,28,F,17.2
20266850,Carlos Jose,Engenharia Informatica,1,22,F,9.8
20266851,Antonio Salvador,Engenharia Informatica,4,20,M,9.8
20266852,Antonio Salvador,Engenharia Electronica,1,22,F,13.6
20266853,Sonia Armando,Engenharia Electronica,2,21,M,6.9
20266854,Alberto Jaime,Engenharia Informatica,2,20,F,8.7
20266855,Carlos Jose,Engenharia de Redes,3,20,F,10.6
20266856,Fatima Luis,Engenharia Electronica,4,22,F,13.6
20266857,Pedro Tomas,Engenharia Telecomunicacoes,1,26,M,18.7
20266858,Teresa Carlos,Engenharia de Redes,4,29,M,14.5
20266859,Teresa Carlos,Engenharia Telecomunicacoes,4,20,M,17.8
20266860,Manuel Sergio,Engenharia Telecomunicacoes,1,26,M,11.8
20266861,Helena Augusto,Engenharia Telecomunicacoes,4,30,M,11.2
20266862,Helena Augusto,Engenharia de Redes,4,25,M,18.9
20266863,Ana Manuel,Engenharia Informatica,3,21,M,14.9
20266864,Rosa Fernando,Engenharia Telecomunicacoes,4,19,F,15.3
20266865,Ana Manuel,Engenharia de Redes,2,28,F,15.3
20266866,Celina Ernesto,Engenharia de Redes,3,19,M,12.8
20266867,Antonio Salvador,Engenharia Electronica,4,20,F,10.0
20266868,Edson Mateus,Engenharia Informatica,3,23,M,6.8
20266869,Rosa Fernando,Engenharia de Redes,3,20,M,7.5
20266870,Lucia Joaquim,Engenharia Informatica,4,27,F,19.7
20266871,Teresa Carlos,Engenharia Electronica,1,24,M,15.7
20266872,Fatima Luis,Engenharia Informatica,3,20,M,10.1
20266873,Alberto Jaime,Engenharia Telecomunicacoes,4,25,F,18.1
20266874,Antonio Salvador,Engenharia Informatica,4,28,F,10.2
20266875,Fatima Luis,Engenharia Informatica,4,26,M,11.7
20266876,Marta Paulo,Engenharia Telecomunicacoes,1,22,M,13.2
20266877,Dario Miguel,Engenharia de Redes,1,30,F,12.3
20266878,Teresa Carlos,Engenharia Electronica,2,24,F,6.7
20266879,Helena Augusto,Engenharia Telecomunicacoes,3,18,F,12.1
20266880,Alberto Jaime,Engenharia Telecomunicacoes,1,30,M,15.3
20266881,Helena Augusto,Engenharia Informatica,3,25,F,5.5
20266882,Dario Miguel,Engenharia Electronica,2,30,M,16.7
20266883,Teresa Carlos,Engenharia Informatica,4,24,F,8.0
20266884,Elsa Domingos,Engenharia de Redes,3,27,M,5.7
20266885,Elsa Domingos,Engenharia de Redes,4,22,M,13.5
20266886,Rosa Fernando,Engenharia Telecomunicacoes,3,21,F,17.2
20266887,Lucia Joaquim,Engenharia de Redes,4,27,F,10.3
20266888,Ana Manuel,Engenharia Electronica,1,19,M,15.3
20266889,Dario Miguel,Engenharia Informatica,1,27,M,17.1
20266890,Teresa Carlos,Engenharia de Redes,2,20,M,12.3
20266891,Edson Mateus,Engenharia Electronica,4,27,F,5.7
20266892,Ana Manuel,Engenharia Telecomunicacoes,3,18,F,16.9
20266893,Marta Paulo,Engenharia Electronica,1,29,M,16.0
20266894,Edson Mateus,Engenharia Telecomunicacoes,1,23,M,5.2
20266895,Joao Alberto,Engenharia de Redes,1,18,M,14.5
20266896,Elsa Domingos,Engenharia de Redes,1,20,M,5.2
20266897,Sonia Armando,Engenharia de Redes,3,17,F,5.6
20266898,Edson Mateus,Engenharia Electronica,3,17,F,7.0
20266899,Alberto Jaime,Engenharia Informatica,4,30,F,18.9
20266900,Elsa Domingos,Engenharia Electronica,3,26,F,10.0
20266901,Antonio Salvador,Engenharia Informatica,2,29,M,8.2
20266902,Fatima Luis,Engenharia de Redes,3,24,F,18.1
20266903,Edson Mateus,Engenharia Electronica,3,29,F,12.3
20266904,Teresa Carlos,Engenharia Telecomunicacoes,2,22,F,16.7
20266905,Edson Mateus,Engenharia Telecomunicacoes,3,21,M,11.0
20266906,Nelson Mario,Engenharia Informatica,1,28,F,8.9
20266907,Fatima Luis,Engenharia Informatica,3,28,M,12.4
20266908,Pedro Tomas,Engenharia Electronica,1,21,F,15.3
20266909,Elsa Domingos,Engenharia Informatica,4,17,M,8.2
20266910,Alberto Jaime,Engenharia Informatica,1,23,M,19.4
20266911,Dario Miguel,Engenharia Informatica,2,17,F,17.9
20266912,Dario Miguel,Engenharia Electronica,4,26,F,15.2
20266913,Dario Miguel,Engenharia Informatica,3,17,F,10.7
20266914,Lucia Joaquim,Engenharia Electronica,4,23,F,10.5
20266915,Nelson Mario,Engenharia Informatica,2,30,M,8.3
20266916,Joao Alberto,Engenharia Telecomunicacoes,4,23,M,10.9
20266917,Pedro Tomas,Engenharia Electronica,4,29,M,12.3
20266918,Antonio Salvador,Engenharia Informatica,1,27,M,6.8
20266919,Nelson Mario,Engenharia Telecomunicacoes,1,29,M,16.6
20266920,Joao Alberto,Engenharia de Redes,1,21,F,10.7
20266921,Marta Paulo,Engenharia Electronica,3,24,F,18.4
20266922,Lucia Joaquim,Engenharia Informatica,3,21,F,10.5
20266923,Manuel Sergio,Engenharia Electronica,3,22,F,14.0
20266924,Manuel Sergio,Engenharia Electronica,3,21,F,14.9
20266925,Helena Augusto,Engenharia Informatica,2,28,M,13.4
20266926,Sonia Armando,Engenharia de Redes,4,19,F,14.0
20266927,Dario Miguel,Engenharia Telecomunicacoes,4,20,M,19.0
20266928,Pedro Tomas,Engenharia Electronica,2,30,M,15.1
20266929,Ana Manuel,Engenharia de Redes,3,27,F,9.7
20266930,Sonia Armando,Engenharia Electronica,1,29,F,11.5
20266931,Joao Alberto,Engenharia Telecomunicacoes,3,20,M,7.3
20266932,Antonio Salvador,Engenharia Electronica,4,18,F,7.2
20266933,Manuel Sergio,Engenharia Telecomunicacoes,1,20,M,19.1
20266934,Antonio Salvador,Engenharia Electronica,1,30,F,13.6
20266935,Antonio Salvador,Engenharia Electronica,2,30,M,16.6
20266936,Alberto Jaime,Engenharia Electronica,1,22,M,18.5
20266937,Teresa Carlos,Engenharia Informatica,3,27,F,15.5
20266938,Rosa Fernando,Engenharia Telecomunicacoes,4,18,F,10.9
20266939,Fatima Luis,Engenharia Electronica,1,28,F,14.8
20266940,Fatima Luis,Engenharia de Redes,1,28,F,7.3
20266941,Alberto Jaime,Engenharia Telecomunicacoes,4,20,F,7.3
20266942,Manuel Sergio,Engenharia Telecomunicacoes,4,24,M,11.6
20266943,Manuel Sergio,Engenharia Electronica,1,26,M,16.4
20266944,Dario Miguel,Engenharia de Redes,4,29,M,13.8
20266945,Celina Ernesto,Engenharia Electronica,3,26,F,16.8
20266946,Fatima Luis,Engenharia de Redes,4,22,M,7.4
20266947,Elsa Domingos,Engenharia de Redes,3,28,F,18.6
20266948,Lucia Joaquim,Engenharia Telecomunicacoes,4,27,M,18.5
20266949,Teresa Carlos,Engenharia Telecomunicacoes,2,17,F,6.1
20266950,Joao Alberto,Engenharia Telecomunicacoes,1,24,M,14.0
20266951,Lucia Joaquim,Engenharia Telecomunicacoes,3,17,F,13.3
20266952,Dario Miguel,Engenharia Telecomunicacoes,2,20,F,14.8
20266953,Joao Alberto,Engenharia Informatica,1,23,M,9.2
20266954,Ana Manuel,Engenharia Telecomunicacoes,2,23,F,13.1
20266955,Joao Alberto,Engenharia Telecomunicacoes,3,20,F,6.7
20266956,Sonia Armando,Engenharia Telecomunicacoes,4,25,F,10.4
20266957,Nelson Mario,Engenharia Electronica,1,30,M,13.7
20266958,Marta Paulo,Engenharia Informatica,4,29,M,5.2
20266959,Manuel Sergio,Engenharia Telecomunicacoes,2,28,M,10.3
20266960,Edson Mateus,Engenharia de Redes,1,19,M,18.7
20266961,Pedro Tomas,Engenharia Telecomunicacoes,3,30,M,13.3
20266962,Samuel Ernesto,Engenharia Telecomunicacoes,2,22,F,14.6
20266963,Dario Miguel,Engenharia Telecomunicacoes,4,27,F,19.1
20266964,Nelson Mario,Engenharia Electronica,1,23,F,6.0
20266965,Teresa Carlos,Engenharia Electronica,1,18,M,18.0
20266966,Samuel Ernesto,Engenharia de Redes,1,23,F,15.6
20266967,Teresa Carlos,Engenharia Informatica,1,26,M,14.6
20266968,Pedro Tomas,Engenharia de Redes,4,23,M,5.7
20266969,Dario Miguel,Engenharia Telecomunicacoes,4,25,F,16.4
20266970,Dario Miguel,Engenharia Telecomunicacoes,1,21,F,11.6
20266971,Nelson Mario,Engenharia de Redes,2,17,M,6.2
20266972,Sonia Armando,Engenharia Telecomunicacoes,1,20,F,14.0
20266973,Celina Ernesto,Engenharia Informatica,1,22,M,7.7
20266974,Carlos Jose,Engenharia de Redes,1,27,F,19.8
20266975,Edson Mateus,Engenharia de Redes,3,25,M,18.4
20266976,Rosa Fernando,Engenharia Telecomunicacoes,1,20,F,11.9
20266977,Dario Miguel,Engenharia Informatica,3,19,F,13.9
20266978,Fatima Luis,Engenharia Telecomunicacoes,2,26,M,15.1
20266979,Pedro Tomas,Engenharia Electronica,3,17,F,9.5
20266980,Nelson Mario,Engenharia Electronica,4,29,M,9.4
20266981,Marta Paulo,Engenharia de Redes,3,22,M,11.8
20266982,Carlos Jose,Engenharia Informatica,4,30,F,16.0
20266983,Sonia Armando,Engenharia de Redes,2,23,M,19.8
20266984,Teresa Carlos,Engenharia Telecomunicacoes,4,30,M,10.4
20266985,Antonio Salvador,Engenharia Informatica,3,30,M,13.2
20266986,Dario Miguel,Engenharia de Redes,3,17,F,18.1
20266987,Alberto Jaime,Engenharia de Redes,1,26,F,16.0
20266988,Joao Alberto,Engenharia de Redes,2,18,F,16.9
20266989,Antonio Salvador,Engenharia Informatica,3,20,F,8.5
20266990,Antonio Salvador,Engenharia de Redes,4,21,F,6.7
20266991,Marta Paulo,Engenharia Electronica,4,17,F,18.3
20266992,Fatima Luis,Engenharia Telecomunicacoes,3,19,F,17.7
20266993,Manuel Sergio,Engenharia Telecomunicacoes,2,29,M,5.8
20266994,Helena Augusto,Engenharia Telecomunicacoes,1,23,M,7.0
20266995,Elsa Domingos,Engenharia de Redes,2,20,F,10.7
20266996,Edson Mateus,Engenharia Informatica,2,20,F,5.1
20266997,Alberto Jaime,Engenharia Informatica,4,18,M,9.7
20266998,Sonia Armando,Engenharia Informatica,3,29,F,14.1
20266999,Helena Augusto,Engenharia Electronica,1,25,F,14.0
20267000,Ana Manuel,Engenharia Informatica,3,23,M,17.0
20267001,Nelson Mario,Engenharia Electronica,2,29,M,20.0
20267002,Antonio Salvador,Engenharia Electronica,1,24,M,8.6
20267003,Pedro Tomas,Engenharia Electronica,1,20,F,7.3
20267004,Pedro Tomas,Engenharia de Redes,4,18,F,11.0
20267005,Lucia Joaquim,Engenharia de Redes,1,19,M,13.7
20267006,Fatima Luis,Engenharia Electronica,4,24,M,9.3
20267007,Edson Mateus,Engenharia Informatica,3,24,F,12.5
20267008,Fatima Luis,Engenharia Telecomunicacoes,2,28,M,18.0
20267009,Samuel Ernesto,Engenharia de Redes,3,19,M,19.8
20267010,Lucia Joaquim,Engenharia de Redes,1,23,F,6.5
20267011,Joao Alberto,Engenharia Electronica,1,18,F,8.9
20267012,Sonia Armando,Engenharia Informatica,2,21,M,19.9
20267013,Edson Mateus,Engenharia de Redes,4,20,F,18.7
20267014,Fatima Luis,Engenharia de Redes,1,28,M,18.4
20267015,Sonia Armando,Engenharia Informatica,1,27,M,11.0
20267016,Lucia Joaquim,Engenharia Electronica,3,27,F,13.1
20267017,Alberto Jaime,Engenharia Informatica,2,21,F,18.4
20267018,Marta Paulo,Engenharia de Redes,4,18,M,5.4
20267019,Joao Alberto,Engenharia Telecomunicacoes,1,18,F,15.1
20267020,Rosa Fernando,Engenharia Telecomunicacoes,2,30,F,15.0
20267021,Teresa Carlos,Engenharia Informatica,4,19,F,19.1
20267022,Lucia Joaquim,Engenharia de Redes,4,22,M,8.9
20267023,Ana Manuel,Engenharia Informatica,1,27,M,9.4
20267024,Celina Ernesto,Engenharia de Redes,1,28,M,13.3
20267025,Celina Ernesto,Engenharia Electronica,1,18,M,18.1
20267026,Fatima Luis,Engenharia Electronica,2,21,F,17.5
20267027,Sonia Armando,Engenharia de Redes,3,21,M,19.1
20267028,Celina Ernesto,Engenharia Electronica,2,19,F,19.3
20267029,Carlos Jose,Engenharia de Redes,3,19,F,16.9
20267030,Manuel Sergio,Engenharia Electronica,4,17,F,12.8
20267031,Samuel Ernesto,Engenharia Electronica,1,27,M,14.2
20267032,Nelson Mario,Engenharia Electronica,4,23,M,7.2
20267033,Alberto Jaime,Engenharia Electronica,4,21,M,7.8
20267034,Nelson Mario,Engenharia Informatica,4,29,M,13.7
20267035,Lucia Joaquim,Engenharia Informatica,4,17,M,14.7
20267036,Edson Mateus,Engenharia Informatica,1,28,F,12.1
20267037,Joao Alberto,Engenharia Telecomunicacoes,3,27,M,16.1
20267038,Nelson Mario,Engenharia Informatica,1,24,F,14.6
20267039,Dario Miguel,Engenharia de Redes,3,24,M,5.8
20267040,Dario Miguel,Engenharia Telecomunicacoes,1,21,F,15.4
20267041,Lucia Joaquim,Engenharia Electronica,3,24,M,17.6
20267042,Nelson Mario,Engenharia Telecomunicacoes,3,28,F,10.6
20267043,Samuel Ernesto,Engenharia de Redes,2,23,M,5.5
20267044,Manuel Sergio,Engenharia Electronica,2,30,M,17.6
20267045,Marta Paulo,Engenharia de Redes,3,17,M,19.8
20267046,Helena Augusto,Engenharia Telecomunicacoes,4,17,F,18.7
20267047,Joao Alberto,Engenharia Electronica,4,25,M,9.0
20267048,Ana Manuel,Engenharia Electronica,2,26,F,9.9
20267049,Antonio Salvador,Engenharia Informatica,3,24,F,12.5
20267050,Teresa Carlos,Engenharia Electronica,4,28,F,10.9
20267051,Teresa Carlos,Engenharia Informatica,4,20,F,9.3
20267052,Manuel Sergio,Engenharia Informatica,1,26,M,17.9
20267053,Carlos Jose,Engenharia de Redes,2,28,M,12.7
20267054,Samuel Ernesto,Engenharia Informatica,1,23,F,6.3
20267055,Joao Alberto,Engenharia Telecomunicacoes,1,24,M,14.0
20267056,Dario Miguel,Engenharia Telecomunicacoes,2,20,F,19.3
20267057,Pedro Tomas,Engenharia Electronica,4,24,M,7.1
20267058,Ana Manuel,Engenharia Telecomunicacoes,3,29,M,6.8
20267059,Pedro Tomas,Engenharia de Redes,1,21,F,7.8
20267060,Pedro Tomas,Engenharia de Redes,4,20,F,8.0
20267061,Alberto Jaime,Engenharia Telecomunicacoes,4,30,M,7.7
20267062,Joao Alberto,Engenharia Electronica,2,17,M,7.8
20267063,Rosa Fernando,Engenharia Telecomunicacoes,4,21,F,10.5
20267064,Teresa Carlos,Engenharia de Redes,1,26,M,7.2
20267065,Carlos Jose,Engenharia Electronica,2,27,M,8.4
20267066,Ana Manuel,Engenharia Electronica,3,28,M,12.4
20267067,Samuel Ernesto,Engenharia Telecomunicacoes,4,21,F,12.3
20267068,Rosa Fernando,Engenharia Electronica,4,19,F,12.8
20267069,Joao Alberto,Engenharia de Redes,1,19,F,6.3
20267070,Lucia Joaquim,Engenharia Informatica,1,27,F,8.6
20267071,Fatima Luis,Engenharia Informatica,1,17,M,9.9
20267072,Antonio Salvador,Engenharia Informatica,2,30,M,11.1
20267073,Helena Augusto,Engenharia Electronica,3,28,F,7.6
20267074,Celina Ernesto,Engenharia Telecomunicacoes,2,20,F,18.6
20267075,Dario Miguel,Engenharia de Redes,2,25,M,18.3
20267076,Alberto Jaime,Engenharia Informatica,3,20,F,8.7
20267077,Ana Manuel,Engenharia Electronica,4,25,F,12.2
20267078,Pedro Tomas,Engenharia Informatica,2,18,M,17.2
20267079,Dario Miguel,Engenharia Telecomunicacoes,2,23,F,12.7
20267080,Samuel Ernesto,Engenharia Telecomunicacoes,4,18,M,6.6
20267081,Nelson Mario,Engenharia Informatica,4,30,M,9.0
20267082,Samuel Ernesto,Engenharia Telecomunicacoes,1,20,M,14.6
20267083,Rosa Fernando,Engenharia Telecomunicacoes,1,18,F,16.9
20267084,Rosa Fernando,Engenharia Informatica,3,26,M,10.9
20267085,Edson Mateus,Engenharia Electronica,3,21,F,11.6
20267086,Alberto Jaime,Engenharia Informatica,1,22,F,18.8
20267087,Lucia Joaquim,Engenharia Telecomunicacoes,2,21,F,15.0
20267088,Teresa Carlos,Engenharia Informatica,2,26,F,12.8
20267089,Lucia Joaquim,Engenharia Informatica,2,28,M,12.4
20267090,Helena Augusto,Engenharia Telecomunicacoes,3,25,M,16.0
20267091,Nelson Mario,Engenharia de Redes,1,22,M,16.6
20267092,Joao Alberto,Engenharia Electronica,2,20,F,11.7
20267093,Ana Manuel,Engenharia de Redes,4,23,M,5.9
20267094,Elsa Domingos,Engenharia Telecomunicacoes,2,18,F,13.6
20267095,Marta Paulo,Engenharia de Redes,1,18,M,10.1
20267096,Nelson Mario,Engenharia Informatica,2,24,F,15.9
20267097,Fatima Luis,Engenharia Electronica,1,20,M,12.4
20267098,Marta Paulo,Engenharia de Redes,1,29,F,12.3
20267099,Fatima Luis,Engenharia Informatica,4,18,F,18.2
20267100,Ana Manuel,Engenharia Electronica,3,25,F,5.7
20267101,Celina Ernesto,Engenharia Informatica,4,19,M,11.7
20267102,Edson Mateus,Engenharia Telecomunicacoes,3,23,M,19.0
20267103,Nelson Mario,Engenharia Telecomunicacoes,3,29,M,5.9
20267104,Manuel Sergio,Engenharia Electronica,2,26,F,10.0
20267105,Nelson Mario,Engenharia de Redes,4,26,F,6.9
20267106,Rosa Fernando,Engenharia Telecomunicacoes,1,26,M,12.2
20267107,Samuel Ernesto,Engenharia Informatica,2,22,M,5.2
20267108,Dario Miguel,Engenharia Informatica,4,25,M,9.2
20267109,Manuel Sergio,Engenharia Electronica,4,28,F,17.4
20267110,Rosa Fernando,Engenharia Electronica,3,19,F,19.5
20267111,Sonia Armando,Engenharia Informatica,3,18,M,18.8
20267112,Lucia Joaquim,Engenharia de Redes,4,29,M,5.1
20267113,Pedro Tomas,Engenharia Informatica,1,28,M,14.7
20267114,Lucia Joaquim,Engenharia Telecomunicacoes,1,17,F,8.4
20267115,Sonia Armando,Engenharia Informatica,3,30,F,10.2
20267116,Dario Miguel,Engenharia Informatica,4,27,M,5.3
20267117,Marta Paulo,Engenharia Electronica,3,23,M,9.6
20267118,Sonia Armando,Engenharia Informatica,1,17,F,18.3
20267119,Carlos Jose,Engenharia Informatica,3,28,M,8.8
20267120,Antonio Salvador,Engenharia Electronica,4,23,F,9.4
20267121,Dario Miguel,Engenharia de Redes,3,19,M,11.1
20267122,Edson Mateus,Engenharia Telecomunicacoes,3,23,M,7.0
20267123,Rosa Fernando,Engenharia de Redes,1,18,F,13.0
20267124,Alberto Jaime,Engenharia Electronica,1,18,F,7.6
20267125,Joao Alberto,Engenharia de Redes,3,19,M,5.9
20267126,Joao Alberto,Engenharia Electronica,3,26,F,9.6
20267127,Joao Alberto,Engenharia Electronica,1,24,F,16.6
20267128,Sonia Armando,Engenharia Informatica,4,27,M,12.2
20267129,Alberto Jaime,Engenharia de Redes,2,30,F,14.4
20267130,Nelson Mario,Engenharia Telecomunicacoes,2,18,M,11.0
20267131,Carlos Jose,Engenharia Telecomunicacoes,3,21,M,6.5
20267132,Teresa Carlos,Engenharia Electronica,3,21,M,13.9
20267133,Edson Mateus,Engenharia Electronica,2,21,M,6.3
20267134,Dario Miguel,Engenharia Telecomunicacoes,2,25,F,18.0
20267135,Nelson Mario,Engenharia de Redes,2,21,M,16.5
20267136,Samuel Ernesto,Engenharia Telecomunicacoes,4,28,M,19.7
20267137,Marta Paulo,Engenharia Electronica,3,25,M,5.3
20267138,Ana Manuel,Engenharia Electronica,4,22,M,18.5
20267139,Nelson Mario,Engenharia Telecomunicacoes,3,25,M,13.4
20267140,Alberto Jaime,Engenharia Telecomunicacoes,4,23,M,11.3
20267141,Sonia Armando,Engenharia de Redes,2,24,F,9.8
20267142,Sonia Armando,Engenharia Telecomunicacoes,3,18,F,17.8
20267143,Rosa Fernando,Engenharia Informatica,4,19,M,9.6
20267144,Manuel Sergio,Engenharia de Redes,4,23,M,16.3
20267145,Samuel Ernesto,Engenharia Informatica,1,26,F,18.4
20267146,Pedro Tomas,Engenharia de Redes,3,19,M,13.7
20267147,Samuel Ernesto,Engenharia Telecomunicacoes,1,24,M,18.0
20267148,Alberto Jaime,Engenharia Informatica,3,23,M,9.8
20267149,Joao Alberto,Engenharia Informatica,3,30,M,16.0
20267150,Fatima Luis,Engenharia de Redes,4,17,M,17.8
20267151,Rosa Fernando,Engenharia de Redes,4,30,F,9.1
20267152,Antonio Salvador,Engenharia de Redes,4,17,F,19.5
20267153,Ana Manuel,Engenharia Informatica,3,22,M,8.8
20267154,Edson Mateus,Engenharia Informatica,3,24,M,7.0
20267155,Elsa Domingos,Engenharia Telecomunicacoes,4,21,M,19.0
20267156,Dario Miguel,Engenharia Electronica,3,22,M,15.6
20267157,Alberto Jaime,Engenharia de Redes,4,20,F,17.4
20267158,Sonia Armando,Engenharia Telecomunicacoes,1,28,M,5.4
20267159,Helena Augusto,Engenharia Electronica,2,29,F,15.3
20267160,Pedro Tomas,Engenharia de Redes,4,19,F,12.1
20267161,Helena Augusto,Engenharia Electronica,4,17,M,17.6
20267162,Pedro Tomas,Engenharia de Redes,4,17,F,11.1
20267163,Manuel Sergio,Engenharia Informatica,2,29,M,11.5
20267164,Edson Mateus,Engenharia Electronica,2,27,M,7.9
20267165,Antonio Salvador,Engenharia Informatica,1,24,M,17.0
20267166,Manuel Sergio,Engenharia Electronica,2,24,M,18.1
20267167,Rosa Fernando,Engenharia Electronica,2,21,M,6.6
20267168,Edson Mateus,Engenharia Informatica,1,23,F,19.2
20267169,Manuel Sergio,Engenharia Electronica,1,30,M,17.0
20267170,Lucia Joaquim,Engenharia Telecomunicacoes,3,17,F,10.8
20267171,Marta Paulo,Engenharia Electronica,4,26,M,13.0
20267172,Alberto Jaime,Engenharia Telecomunicacoes,2,17,M,15.0
20267173,Ana Manuel,Engenharia Informatica,2,20,M,17.4
20267174,Helena Augusto,Engenharia Informatica,2,20,M,9.5
20267175,Pedro Tomas,Engenharia de Redes,2,29,M,14.4
20267176,Joao Alberto,Engenharia Informatica,1,28,M,15.1
20267177,Antonio Salvador,Engenharia Informatica,1,27,F,13.6
20267178,Edson Mateus,Engenharia de Redes,3,17,F,6.0
20267179,Joao Alberto,Engenharia Telecomunicacoes,4,26,F,8.9
20267180,Antonio Salvador,Engenharia Electronica,1,18,F,5.4
20267181,Fatima Luis,Engenharia Telecomunicacoes,1,22,M,19.8
20267182,Manuel Sergio,Engenharia Electronica,2,20,M,17.4
20267183,Dario Miguel,Engenharia Telecomunicacoes,4,22,M,18.3
20267184,Teresa Carlos,Engenharia Electronica,4,20,M,15.8
20267185,Nelson Mario,Engenharia Electronica,3,17,F,5.1
20267186,Pedro Tomas,Engenharia de Redes,4,29,F,15.3
20267187,Marta Paulo,Engenharia de Redes,2,30,F,11.0
20267188,Antonio Salvador,Engenharia Informatica,3,22,F,7.4
20267189,Rosa Fernando,Engenharia Telecomunicacoes,3,30,M,15.1
20267190,Teresa Carlos,Engenharia Telecomunicacoes,4,19,M,19.3
20267191,Rosa Fernando,Engenharia de Redes,2,28,M,17.9
20267192,Marta Paulo,Engenharia Telecomunicacoes,4,24,F,12.6
20267193,Alberto Jaime,Engenharia Electronica,4,29,M,18.8
20267194,Marta Paulo,Engenharia Informatica,3,17,M,10.7
20267195,Pedro Tomas,Engenharia de Redes,4,22,F,17.5
20267196,Edson Mateus,Engenharia Informatica,3,24,F,6.1
20267197,Teresa Carlos,Engenharia Informatica,2,17,M,5.3
20267198,Marta Paulo,Engenharia Informatica,4,29,F,13.5
20267199,Celina Ernesto,Engenharia Electronica,2,29,F,11.8
20267200,Pedro Tomas,Engenharia de Redes,3,24,F,9.4
20267201,Elsa Domingos,Engenharia Telecomunicacoes,3,22,F,6.2
20267202,Fatima Luis,Engenharia Electronica,2,18,F,5.5
20267203,Joao Alberto,Engenharia Electronica,3,22,M,11.6
20267204,Nelson Mario,Engenharia Informatica,2,24,F,15.4
20267205,Marta Paulo,Engenharia de Redes,3,26,F,6.4
20267206,Rosa Fernando,Engenharia Electronica,4,17,M,20.0
20267207,Ana Manuel,Engenharia Telecomunicacoes,1,28,M,8.2
20267208,Fatima Luis,Engenharia Telecomunicacoes,4,29,F,6.3
20267209,Ana Manuel,Engenharia Informatica,3,26,F,11.2
20267210,Marta Paulo,Engenharia Telecomunicacoes,2,28,M,5.2
20267211,Ana Manuel,Engenharia de Redes,1,20,M,10.0
20267212,Helena Augusto,Engenharia de Redes,4,17,F,18.7
20267213,Lucia Joaquim,Engenharia Informatica,3,20,M,13.1
20267214,Carlos Jose,Engenharia Electronica,4,18,F,17.5
20267215,Ana Manuel,Engenharia Informatica,3,22,F,6.2
20267216,Lucia Joaquim,Engenharia Telecomunicacoes,1,28,F,13.6
20267217,Lucia Joaquim,Engenharia de Redes,1,30,F,12.2
20267218,Samuel Ernesto,Engenharia Telecomunicacoes,3,29,M,20.0
20267219,Samuel Ernesto,Engenharia de Redes,4,17,M,8.9
20267220,Teresa Carlos,Engenharia Electronica,4,19,M,12.1
20267221,Ana Manuel,Engenharia Electronica,2,19,M,11.0
20267222,Sonia Armando,Engenharia Informatica,4,26,M,14.9
20267223,Teresa Carlos,Engenharia de Redes,1,29,M,10.1
20267224,Sonia Armando,Engenharia Informatica,2,24,M,6.6
20267225,Joao Alberto,Engenharia Electronica,1,23,F,10.5
20267226,Dario Miguel,Engenharia Informatica,1,26,M,15.1
20267227,Lucia Joaquim,Engenharia Electronica,4,17,F,11.0
20267228,Dario Miguel,Engenharia de Redes,3,17,M,9.1
20267229,Edson Mateus,Engenharia Informatica,3,21,F,14.4
20267230,Sonia Armando,Engenharia Telecomunicacoes,4,24,F,13.0
20267231,Carlos Jose,Engenharia Electronica,1,18,M,17.3
20267232,Nelson Mario,Engenharia de Redes,4,29,F,11.2
20267233,Sonia Armando,Engenharia de Redes,1,21,F,8.8
20267234,Manuel Sergio,Engenharia Informatica,3,19,F,11.7
20267235,Elsa Domingos,Engenharia Informatica,4,27,F,5.7
20267236,Dario Miguel,Engenharia Informatica,3,20,M,10.4
20267237,Alberto Jaime,Engenharia Telecomunicacoes,2,26,M,10.9
20267238,Joao Alberto,Engenharia Informatica,3,21,F,18.0
20267239,Marta Paulo,Engenharia Electronica,1,17,M,11.5
20267240,Marta Paulo,Engenharia de Redes,3,29,F,15.7
20267241,Dario Miguel,Engenharia Informatica,1,24,M,13.3
20267242,Pedro Tomas,Engenharia Electronica,3,22,M,11.6
20267243,Teresa Carlos,Engenharia de Redes,4,24,F,11.5
20267244,Alberto Jaime,Engenharia Telecomunicacoes,1,26,F,17.0
20267245,Pedro Tomas,Engenharia Telecomunicacoes,3,26,F,8.9
20267246,Ana Manuel,Engenharia Telecomunicacoes,1,22,F,11.8
20267247,Pedro Tomas,Engenharia Electronica,4,25,F,7.9
20267248,Rosa Fernando,Engenharia Electronica,1,25,F,7.6
20267249,Carlos Jose,Engenharia Electronica,3,29,M,15.3
20267250,Elsa Domingos,Engenharia Informatica,1,19,F,10.1
20267251,Elsa Domingos,Engenharia Telecomunicacoes,1,25,F,11.2
20267252,Ana Manuel,Engenharia Informatica,2,22,M,17.4
20267253,Carlos Jose,Engenharia Informatica,4,30,F,15.8
20267254,Elsa Domingos,Engenharia Telecomunicacoes,4,17,F,18.5
20267255,Lucia Joaquim,Engenharia Electronica,1,22,F,10.9
20267256,Elsa Domingos,Engenharia Informatica,4,28,M,7.3
20267257,Helena Augusto,Engenharia de Redes,3,25,M,18.9
20267258,Fatima Luis,Engenharia de Redes,1,19,M,8.7
20267259,Elsa Domingos,Engenharia de Redes,2,19,F,14.3
20267260,Pedro Tomas,Engenharia Electronica,3,22,F,17.1
20267261,Ana Manuel,Engenharia de Redes,3,17,M,13.4
20267262,Rosa Fernando,Engenharia Telecomunicacoes,4,18,F,14.5
20267263,Edson Mateus,Engenharia Informatica,1,17,F,11.6
20267264,Lucia Joaquim,Engenharia Electronica,3,20,F,19.3
20267265,Ana Manuel,Engenharia Electronica,4,17,F,15.5
20267266,Lucia Joaquim,Engenharia de Redes,1,28,M,18.3
20267267,Elsa Domingos,Engenharia Electronica,2,24,M,14.4
20267268,Ana Manuel,Engenharia Electronica,3,24,F,14.5
20267269,Lucia Joaquim,Engenharia Telecomunicacoes,1,21,M,5.2
20267270,Alberto Jaime,Engenharia Informatica,2,30,M,11.4
20267271,Antonio Salvador,Engenharia Informatica,2,17,F,9.8
20267272,Carlos Jose,Engenharia Informatica,3,24,M,9.5
20267273,Fatima Luis,Engenharia Informatica,3,19,M,9.6
20267274,Elsa Domingos,Engenharia Telecomunicacoes,2,25,M,16.8
20267275,Rosa Fernando,Engenharia Telecomunicacoes,3,22,F,7.8
20267276,Antonio Salvador,Engenharia Telecomunicacoes,3,18,M,17.6
20267277,Carlos Jose,Engenharia Informatica,2,22,F,8.8
20267278,Marta Paulo,Engenharia Informatica,4,25,M,15.1
20267279,Antonio Salvador,Engenharia Informatica,3,18,F,19.8
20267280,Samuel Ernesto,Engenharia Informatica,3,18,F,10.4
20267281,Marta Paulo,Engenharia Electronica,1,19,F,19.5
20267282,Ana Manuel,Engenharia de Redes,3,27,F,19.7
20267283,Antonio Salvador,Engenharia Informatica,3,23,F,8.2
20267284,Celina Ernesto,Engenharia de Redes,4,28,F,16.8
20267285,Elsa Domingos,Engenharia Electronica,4,20,M,17.6
20267286,Fatima Luis,Engenharia Informatica,2,27,M,7.7
20267287,Fatima Luis,Engenharia Informatica,4,17,M,11.2
20267288,Manuel Sergio,Engenharia Informatica,4,18,F,9.5
20267289,Joao Alberto,Engenharia Telecomunicacoes,4,20,M,14.2
20267290,Celina Ernesto,Engenharia Electronica,1,26,F,18.4
20267291,Elsa Domingos,Engenharia Electronica,2,23,M,8.1
20267292,Manuel Sergio,Engenharia Electronica,2,18,M,18.5
20267293,Lucia Joaquim,Engenharia Electronica,3,23,F,10.5
20267294,Dario Miguel,Engenharia Electronica,1,21,M,15.5
20267295,Joao Alberto,Engenharia de Redes,4,23,F,8.6
20267296,Carlos Jose,Engenharia Telecomunicacoes,2,17,M,7.3
20267297,Fatima Luis,Engenharia Telecomunicacoes,2,28,F,6.6
20267298,Helena Augusto,Engenharia de Redes,1,29,F,9.9
20267299,Samuel Ernesto,Engenharia Telecomunicacoes,4,17,M,5.1
20267300,Edson Mateus,Engenharia Telecomunicacoes,4,23,M,12.7
20267301,Rosa Fernando,Engenharia Informatica,4,27,F,10.8
20267302,Pedro Tomas,Engenharia de Redes,3,24,M,19.3
20267303,Fatima Luis,Engenharia de Redes,1,22,F,19.6
20267304,Alberto Jaime,Engenharia Telecomunicacoes,1,30,F,8.0
20267305,Carlos Jose,Engenharia de Redes,1,18,F,9.4
20267306,Alberto Jaime,Engenharia Informatica,4,22,F,12.9
20267307,Elsa Domingos,Engenharia Telecomunicacoes,1,17,M,17.6
20267308,Elsa Domingos,Engenharia de Redes,2,25,F,18.2
20267309,Dario Miguel,Engenharia de Redes,1,17,M,16.6
20267310,Elsa Domingos,Engenharia Informatica,2,24,F,9.7
20267311,Pedro Tomas,Engenharia Electronica,2,25,M,10.7
20267312,Teresa Carlos,Engenharia Informatica,4,25,F,15.2
20267313,Samuel Ernesto,Engenharia Telecomunicacoes,2,27,M,6.5
20267314,Samuel Ernesto,Engenharia de Redes,4,17,F,6.8
20267315,Dario Miguel,Engenharia Informatica,2,21,F,14.3
20267316,Antonio Salvador,Engenharia Electronica,3,25,M,13.3
20267317,Carlos Jose,Engenharia Electronica,2,20,M,11.2
20267318,Lucia Joaquim,Engenharia de Redes,4,28,F,10.8
20267319,Pedro Tomas,Engenharia Informatica,2,18,F,11.3
20267320,Manuel Sergio,Engenharia de Redes,3,17,M,18.8
20267321,Samuel Ernesto,Engenharia de Redes,3,20,F,13.0
20267322,Dario Miguel,Engenharia Informatica,2,24,F,18.8
20267323,Lucia Joaquim,Engenharia Telecomunicacoes,4,18,F,11.3
20267324,Teresa Carlos,Engenharia de Redes,1,21,F,10.0
20267325,Lucia Joaquim,Engenharia de Redes,1,20,M,8.0
20267326,Marta Paulo,Engenharia Electronica,2,18,M,15.0
20267327,Elsa Domingos,Engenharia Telecomunicacoes,3,24,M,19.5
20267328,Sonia Armando,Engenharia Telecomunicacoes,2,30,F,12.5
20267329,Dario Miguel,Engenharia Telecomunicacoes,4,20,F,10.3
20267330,Samuel Ernesto,Engenharia de Redes,4,23,F,5.5
20267331,Edson Mateus,Engenharia Informatica,4,25,M,15.7
20267332,Elsa Domingos,Engenharia Electronica,1,29,F,10.0
20267333,Rosa Fernando,Engenharia Electronica,4,23,F,6.8
20267334,Samuel Ernesto,Engenharia de Redes,3,30,M,10.1
20267335,Celina Ernesto,Engenharia Electronica,3,27,M,7.2
20267336,Lucia Joaquim,Engenharia de Redes,4,24,F,14.2
20267337,Helena Augusto,Engenharia Informatica,4,19,F,19.7
20267338,Manuel Sergio,Engenharia de Redes,3,17,M,15.0
20267339,Joao Alberto,Engenharia Electronica,3,18,F,12.8
20267340,Rosa Fernando,Engenharia Telecomunicacoes,4,27,F,19.8
20267341,Samuel Ernesto,Engenharia Telecomunicacoes,2,30,M,7.1
20267342,Antonio Salvador,Engenharia Electronica,4,27,M,7.8
20267343,Manuel Sergio,Engenharia de Redes,1,17,F,10.4
20267344,Antonio Salvador,Engenharia de Redes,3,27,F,13.4
20267345,Edson Mateus,Engenharia Telecomunicacoes,4,27,F,15.6
20267346,Helena Augusto,Engenharia Telecomunicacoes,4,19,M,8.5
20267347,Antonio Salvador,Engenharia Informatica,4,17,F,15.9
20267348,Celina Ernesto,Engenharia de Redes,4,30,M,17.8
20267349,Carlos Jose,Engenharia de Redes,1,21,F,13.5
20267350,Marta Paulo,Engenharia Informatica,1,26,F,11.4
20267351,Antonio Salvador,Engenharia Electronica,3,22,M,19.0
20267352,Nelson Mario,Engenharia Informatica,1,18,M,18.3
20267353,Sonia Armando,Engenharia de Redes,2,27,M,15.9
20267354,Pedro Tomas,Engenharia Informatica,3,19,F,10.1
20267355,Dario Miguel,Engenharia de Redes,2,17,M,16.6
20267356,Fatima Luis,Engenharia Telecomunicacoes,1,23,M,10.6
20267357,Elsa Domingos,Engenharia Informatica,1,28,M,5.9
20267358,Dario Miguel,Engenharia de Redes,1,30,F,17.2
20267359,Marta Paulo,Engenharia Telecomunicacoes,3,17,F,10.4
20267360,Ana Manuel,Engenharia de Redes,3,19,F,19.7
20267361,Manuel Sergio,Engenharia Electronica,2,21,M,16.4
20267362,Manuel Sergio,Engenharia Electronica,2,23,M,5.9
20267363,Lucia Joaquim,Engenharia Telecomunicacoes,3,24,M,15.1
20267364,Sonia Armando,Engenharia Informatica,1,23,F,7.4
20267365,Antonio Salvador,Engenharia Electronica,2,28,M,10.2
20267366,Samuel Ernesto,Engenharia de Redes,3,26,F,5.9
20267367,Marta Paulo,Engenharia Electronica,3,19,F,16.4
20267368,Carlos Jose,Engenharia Informatica,4,21,F,5.3
20267369,Nelson Mario,Engenharia Telecomunicacoes,4,24,M,9.4
20267370,Edson Mateus,Engenharia Telecomunicacoes,2,29,F,13.9
20267371,Edson Mateus,Engenharia Electronica,4,25,M,19.2
20267372,Alberto Jaime,Engenharia Electronica,1,21,M,19.1
20267373,Celina Ernesto,Engenharia Electronica,4,28,M,18.7
20267374,Alberto Jaime,Engenharia Telecomunicacoes,2,27,M,6.5
20267375,Ana Manuel,Engenharia de Redes,4,27,F,5.3
20267376,Samuel Ernesto,Engenharia de Redes,3,21,F,14.2
20267377,Pedro Tomas,Engenharia Telecomunicacoes,1,23,M,7.0
20267378,Celina Ernesto,Engenharia Telecomunicacoes,4,22,M,19.4
20267379,Alberto Jaime,Engenharia Informatica,2,21,F,5.0
20267380,Antonio Salvador,Engenharia de Redes,1,22,M,8.4
20267381,Antonio Salvador,Engenharia de Redes,3,18,F,19.9
20267382,Nelson Mario,Engenharia Electronica,2,21,M,5.8
20267383,Rosa Fernando,Engenharia Informatica,1,23,F,6.1
20267384,Nelson Mario,Engenharia Electronica,3,20,M,19.0
20267385,Dario Miguel,Engenharia Electronica,3,26,F,16.1
20267386,Fatima Luis,Engenharia Informatica,2,25,F,6.1
20267387,Joao Alberto,Engenharia Informatica,2,23,M,14.6
20267388,Joao Alberto,Engenharia Informatica,3,21,M,16.5
20267389,Dario Miguel,Engenharia Telecomunicacoes,4,27,M,5.8
20267390,Carlos Jose,Engenharia Electronica,1,24,F,14.3
20267391,Ana Manuel,Engenharia de Redes,2,23,F,7.8
20267392,Elsa Domingos,Engenharia Telecomunicacoes,3,28,F,7.0
20267393,Lucia Joaquim,Engenharia de Redes,2,17,M,14.1
20267394,Carlos Jose,Engenharia Electronica,4,17,M,12.7
20267395,Nelson Mario,Engenharia de Redes,4,24,M,7.4
20267396,Fatima Luis,Engenharia de Redes,2,23,F,17.2
20267397,Edson Mateus,Engenharia Electronica,3,21,F,18.0
20267398,Helena Augusto,Engenharia Telecomunicacoes,3,24,F,12.9
20267399,Elsa Domingos,Engenharia Telecomunicacoes,1,18,M,17.0
20267400,Antonio Salvador,Engenharia Informatica,3,26,M,7.5
20267401,Edson Mateus,Engenharia de Redes,4,18,M,14.6
20267402,Nelson Mario,Engenharia Telecomunicacoes,2,18,M,13.6
20267403,Nelson Mario,Engenharia Informatica,2,27,M,17.3
20267404,Lucia Joaquim,Engenharia de Redes,1,26,M,16.2
20267405,Rosa Fernando,Engenharia de Redes,3,27,F,7.1
20267406,Ana Manuel,Engenharia Informatica,1,19,M,12.9
20267407,Edson Mateus,Engenharia Electronica,4,17,F,10.3
20267408,Celina Ernesto,Engenharia Electronica,2,25,F,18.1
20267409,Manuel Sergio,Engenharia Telecomunicacoes,1,26,F,10.0
20267410,Fatima Luis,Engenharia de Redes,4,26,F,7.6
20267411,Dario Miguel,Engenharia de Redes,2,28,M,9.3
20267412,Elsa Domingos,Engenharia Telecomunicacoes,2,23,M,9.8
20267413,Marta Paulo,Engenharia Informatica,3,19,M,16.4
20267414,Fatima Luis,Engenharia de Redes,2,30,F,11.7
20267415,Rosa Fernando,Engenharia Telecomunicacoes,1,21,M,8.8
20267416,Samuel Ernesto,Engenharia Electronica,1,26,M,14.9
20267417,Lucia Joaquim,Engenharia de Redes,2,27,M,15.0
20267418,Dario Miguel,Engenharia Electronica,1,26,F,16.5
20267419,Rosa Fernando,Engenharia Informatica,3,24,F,15.0
20267420,Manuel Sergio,Engenharia Electronica,1,27,M,5.9
20267421,Joao Alberto,Engenharia Telecomunicacoes,3,18,F,16.9
20267422,Fatima Luis,Engenharia Informatica,4,24,F,20.0
20267423,Alberto Jaime,Engenharia Electronica,1,21,M,17.4
20267424,Antonio Salvador,Engenharia de Redes,4,18,M,17.1
20267425,Rosa Fernando,Engenharia de Redes,1,18,M,5.8
20267426,Sonia Armando,Engenharia Telecomunicacoes,3,17,F,5.0
20267427,Pedro Tomas,Engenharia de Redes,3,22,M,10.7
20267428,Edson Mateus,Engenharia de Redes,3,23,M,10.4
20267429,Rosa Fernando,Engenharia Telecomunicacoes,2,26,M,12.2
20267430,Edson Mateus,Engenharia Informatica,1,22,F,11.5
20267431,Lucia Joaquim,Engenharia Informatica,2,20,F,5.8
20267432,Edson Mateus,Engenharia de Redes,2,18,M,15.5
20267433,Ana Manuel,Engenharia de Redes,1,30,M,19.3
20267434,Lucia Joaquim,Engenharia Telecomunicacoes,4,20,F,9.8
20267435,Edson Mateus,Engenharia Telecomunicacoes,1,24,F,14.5
20267436,Manuel Sergio,Engenharia Telecomunicacoes,2,17,M,6.7
20267437,Carlos Jose,Engenharia de Redes,1,30,F,11.5
20267438,Joao Alberto,Engenharia de Redes,1,20,M,17.7
20267439,Rosa Fernando,Engenharia Informatica,3,26,F,9.0
20267440,Joao Alberto,Engenharia de Redes,4,24,M,15.1
20267441,Joao Alberto,Engenharia Electronica,4,24,F,13.5
20267442,Samuel Ernesto,Engenharia de Redes,1,25,M,9.1
20267443,Manuel Sergio,Engenharia Informatica,2,19,F,5.3
20267444,Alberto Jaime,Engenharia Electronica,4,24,F,8.8
20267445,Fatima Luis,Engenharia de Redes,3,26,M,19.8
20267446,Elsa Domingos,Engenharia de Redes,2,24,M,18.8
20267447,Pedro Tomas,Engenharia Telecomunicacoes,1,30,F,13.5
20267448,Rosa Fernando,Engenharia Informatica,3,21,M,17.2
20267449,Helena Augusto,Engenharia Electronica,1,18,F,17.8
20267450,Fatima Luis,Engenharia de Redes,4,30,F,15.9
20267451,Marta Paulo,Engenharia Informatica,3,23,M,16.5
20267452,Teresa Carlos,Engenharia Informatica,3,17,F,18.6
20267453,Pedro Tomas,Engenharia Electronica,4,21,F,14.6
20267454,Rosa Fernando,Engenharia Informatica,4,29,M,5.8
20267455,Sonia Armando,Engenharia Telecomunicacoes,2,27,F,10.6
20267456,Helena Augusto,Engenharia de Redes,2,24,F,16.9
20267457,Joao Alberto,Engenharia Informatica,3,18,F,15.6
20267458,Elsa Domingos,Engenharia Informatica,1,21,M,13.9
20267459,Edson Mateus,Engenharia de Redes,3,21,M,5.9
20267460,Antonio Salvador,Engenharia Informatica,3,18,F,14.2
20267461,Celina Ernesto,Engenharia de Redes,1,30,F,14.3
20267462,Pedro Tomas,Engenharia de Redes,1,17,M,19.4
20267463,Carlos Jose,Engenharia de Redes,1,30,M,9.6
20267464,Marta Paulo,Engenharia de Redes,4,30,M,6.4
20267465,Alberto Jaime,Engenharia de Redes,2,30,M,7.4
20267466,Ana Manuel,Engenharia de Redes,4,17,F,10.1
20267467,Teresa Carlos,Engenharia Electronica,2,21,F,8.8
20267468,Alberto Jaime,Engenharia de Redes,3,28,M,7.6
20267469,Ana Manuel,Engenharia Informatica,2,17,F,6.3
20267470,Marta Paulo,Engenharia de Redes,1,24,M,13.8
20267471,Samuel Ernesto,Engenharia de Redes,2,29,F,15.3
20267472,Samuel Ernesto,Engenharia Electronica,4,23,M,14.7
20267473,Joao Alberto,Engenharia Electronica,3,30,F,7.7
20267474,Antonio Salvador,Engenharia Informatica,1,18,F,7.0
20267475,Elsa Domingos,Engenharia Telecomunicacoes,2,21,F,19.7
20267476,Rosa Fernando,Engenharia de Redes,4,17,M,13.7
20267477,Pedro Tomas,Engenharia de Redes,2,20,M,16.1
20267478,Sonia Armando,Engenharia Telecomunicacoes,3,21,F,6.4
20267479,Teresa Carlos,Engenharia Informatica,1,18,M,14.7
20267480,Lucia Joaquim,Engenharia de Redes,4,26,M,16.7
20267481,Antonio Salvador,Engenharia Informatica,2,26,M,19.7
20267482,Nelson Mario,Engenharia Telecomunicacoes,2,24,M,5.2
20267483,Fatima Luis,Engenharia de Redes,2,18,M,9.8
20267484,Pedro Tomas,Engenharia Electronica,2,27,F,7.2
20267485,Nelson Mario,Engenharia Electronica,2,18,F,13.5
20267486,Alberto Jaime,Engenharia de Redes,3,23,F,13.3
20267487,Alberto Jaime,Engenharia Telecomunicacoes,2,22,F,5.2
20267488,Sonia Armando,Engenharia Electronica,3,28,F,20.0
20267489,Edson Mateus,Engenharia Telecomunicacoes,3,17,M,17.9
20267490,Dario Miguel,Engenharia Telecomunicacoes,4,19,M,16.0
20267491,Teresa Carlos,Engenharia de Redes,2,26,F,18.0
20267492,Rosa Fernando,Engenharia Informatica,4,29,F,14.5
20267493,Antonio Salvador,Engenharia de Redes,2,23,F,12.9
20267494,Antonio Salvador,Engenharia Electronica,2,30,F,11.3
20267495,Fatima Luis,Engenharia Informatica,4,24,M,17.7
20267496,Marta Paulo,Engenharia Informatica,3,20,F,14.5
20267497,Rosa Fernando,Engenharia Informatica,2,30,M,16.5
20267498,Edson Mateus,Engenharia de Redes,4,22,M,17.8
20267499,Dario Miguel,Engenharia de Redes,2,28,M,6.3
20267500,Rosa Fernando,Engenharia de Redes,1,25,F,17.9
20267501,Lucia Joaquim,Engenharia Telecomunicacoes,2,25,F,17.0
20267502,Celina Ernesto,Engenharia Telecomunicacoes,4,29,M,11.8
20267503,Antonio Salvador,Engenharia Telecomunicacoes,4,29,M,9.0
20267504,Edson Mateus,Engenharia Electronica,1,19,M,18.9
20267505,Celina Ernesto,Engenharia Telecomunicacoes,2,17,F,16.8
20267506,Manuel Sergio,Engenharia Electronica,3,29,F,13.8
20267507,Elsa Domingos,Engenharia Informatica,2,25,F,11.7
20267508,Dario Miguel,Engenharia de Redes,1,28,M,13.6
20267509,Fatima Luis,Engenharia Electronica,3,18,F,19.3
20267510,Teresa Carlos,Engenharia Telecomunicacoes,2,26,F,6.1
20267511,Celina Ernesto,Engenharia de Redes,1,21,F,12.3
20267512,Antonio Salvador,Engenharia de Redes,1,29,F,8.7
20267513,Fatima Luis,Engenharia Informatica,3,23,M,14.8
20267514,Manuel Sergio,Engenharia Telecomunicacoes,3,27,F,15.3
20267515,Elsa Domingos,Engenharia Electronica,1,19,F,9.8
20267516,Dario Miguel,Engenharia Informatica,4,29,F,12.9
20267517,Marta Paulo,Engenharia Informatica,4,18,M,13.9
20267518,Pedro Tomas,Engenharia Telecomunicacoes,4,17,F,16.7
20267519,Manuel Sergio,Engenharia Informatica,3,25,M,8.9
20267520,Sonia Armando,Engenharia Telecomunicacoes,4,19,F,17.6
20267521,Pedro Tomas,Engenharia de Redes,4,24,M,8.2
20267522,Dario Miguel,Engenharia Telecomunicacoes,1,28,F,15.3
20267523,Teresa Carlos,Engenharia Informatica,3,20,M,15.5
20267524,Carlos Jose,Engenharia de Redes,4,22,M,12.7
20267525,Sonia Armando,Engenharia Telecomunicacoes,1,25,F,13.3
20267526,Carlos Jose,Engenharia Informatica,4,21,M,7.5
20267527,Marta Paulo,Engenharia Telecomunicacoes,1,18,F,19.5
20267528,Antonio Salvador,Engenharia de Redes,3,23,F,8.3
20267529,Celina Ernesto,Engenharia Telecomunicacoes,1,19,F,12.3
20267530,Joao Alberto,Engenharia de Redes,1,21,F,15.5
20267531,Celina Ernesto,Engenharia de Redes,3,25,F,18.1
20267532,Dario Miguel,Engenharia Electronica,2,17,M,8.3
20267533,Sonia Armando,Engenharia Informatica,4,22,F,18.0
20267534,Pedro Tomas,Engenharia de Redes,1,25,F,5.1
20267535,Antonio Salvador,Engenharia Telecomunicacoes,1,17,F,19.6
20267536,Marta Paulo,Engenharia de Redes,2,29,M,6.0
20267537,Elsa Domingos,Engenharia Telecomunicacoes,2,20,F,6.1
20267538,Rosa Fernando,Engenharia Informatica,2,17,F,17.5
20267539,Edson Mateus,Engenharia Informatica,1,30,M,10.8
20267540,Elsa Domingos,Engenharia Informatica,2,30,M,5.5
20267541,Rosa Fernando,Engenharia de Redes,2,24,F,5.5
20267542,Edson Mateus,Engenharia Electronica,1,28,F,11.5
20267543,Fatima Luis,Engenharia Electronica,2,20,F,10.4
20267544,Joao Alberto,Engenharia de Redes,2,23,F,9.9
20267545,Marta Paulo,Engenharia Informatica,3,30,M,10.7
20267546,Joao Alberto,Engenharia de Redes,2,17,M,15.0
20267547,Lucia Joaquim,Engenharia Informatica,2,20,F,5.4
20267548,Elsa Domingos,Engenharia de Redes,2,17,F,9.4
20267549,Ana Manuel,Engenharia de Redes,3,18,F,10.1
20267550,Manuel Sergio,Engenharia de Redes,3,20,F,13.5
20267551,Nelson Mario,Engenharia de Redes,2,27,M,12.2
20267552,Fatima Luis,Engenharia Telecomunicacoes,1,26,M,18.1
20267553,Ana Manuel,Engenharia Informatica,1,29,M,6.5
20267554,Celina Ernesto,Engenharia de Redes,4,22,F,6.4
20267555,Edson Mateus,Engenharia de Redes,2,27,F,9.0
20267556,Antonio Salvador,Engenharia Informatica,1,20,M,16.5
20267557,Antonio Salvador,Engenharia Electronica,3,23,M,14.6
20267558,Carlos Jose,Engenharia Informatica,1,29,F,7.1
20267559,Pedro Tomas,Engenharia Informatica,1,23,M,6.6
20267560,Teresa Carlos,Engenharia Informatica,4,28,F,17.6
20267561,Joao Alberto,Engenharia de Redes,3,17,M,19.5
20267562,Joao Alberto,Engenharia Telecomunicacoes,4,30,M,12.1
20267563,Antonio Salvador,Engenharia Informatica,3,23,F,18.3
20267564,Pedro Tomas,Engenharia Telecomunicacoes,3,20,M,10.2
20267565,Dario Miguel,Engenharia de Redes,2,17,F,18.3
20267566,Sonia Armando,Engenharia de Redes,1,17,F,10.8
20267567,Lucia Joaquim,Engenharia Telecomunicacoes,3,24,M,16.3
20267568,Marta Paulo,Engenharia Electronica,3,29,F,15.8
20267569,Alberto Jaime,Engenharia Informatica,4,21,M,8.3
20267570,Edson Mateus,Engenharia Electronica,3,22,F,19.4
20267571,Carlos Jose,Engenharia Informatica,2,27,F,19.7
20267572,Helena Augusto,Engenharia Electronica,3,24,F,19.6
20267573,Manuel Sergio,Engenharia Electronica,2,29,M,15.3
20267574,Helena Augusto,Engenharia Electronica,2,23,F,5.6
20267575,Samuel Ernesto,Engenharia Informatica,2,21,M,5.9
20267576,Teresa Carlos,Engenharia Informatica,3,28,M,15.0
20267577,Rosa Fernando,Engenharia Informatica,2,30,F,11.3
20267578,Rosa Fernando,Engenharia Electronica,1,24,F,16.8
20267579,Ana Manuel,Engenharia Telecomunicacoes,2,22,F,10.0
20267580,Fatima Luis,Engenharia Informatica,2,21,F,11.8
20267581,Pedro Tomas,Engenharia Telecomunicacoes,1,26,M,9.5
20267582,Marta Paulo,Engenharia de Redes,3,21,F,6.4
20267583,Nelson Mario,Engenharia de Redes,1,22,M,13.3
20267584,Dario Miguel,Engenharia Informatica,4,20,F,8.2
20267585,Samuel Ernesto,Engenharia de Redes,1,17,F,17.0
20267586,Manuel Sergio,Engenharia Electronica,4,18,F,17.2
20267587,Elsa Domingos,Engenharia Electronica,4,21,M,17.6
20267588,Alberto Jaime,Engenharia de Redes,3,24,M,10.7
20267589,Lucia Joaquim,Engenharia Informatica,3,22,F,16.2
20267590,Marta Paulo,Engenharia Electronica,2,29,F,10.3
20267591,Ana Manuel,Engenharia Telecomunicacoes,4,18,F,7.2
20267592,Antonio Salvador,Engenharia Electronica,1,21,F,12.9
20267593,Celina Ernesto,Engenharia Electronica,3,19,F,8.7
20267594,Dario Miguel,Engenharia de Redes,3,30,F,13.1
20267595,Joao Alberto,Engenharia Informatica,3,19,F,17.1
20267596,Carlos Jose,Engenharia Electronica,2,17,M,12.3
20267597,Ana Manuel,Engenharia Telecomunicacoes,1,20,M,5.3
20267598,Manuel Sergio,Engenharia de Redes,4,29,M,13.9
20267599,Marta Paulo,Engenharia Informatica,1,22,F,17.7
20267600,Joao Alberto,Engenharia de Redes,1,26,M,19.7
20267601,Edson Mateus,Engenharia Electronica,3,28,M,5.4
20267602,Manuel Sergio,Engenharia Informatica,3,20,M,17.0
20267603,Alberto Jaime,Engenharia Telecomunicacoes,3,20,F,16.6
20267604,Lucia Joaquim,Engenharia Electronica,4,24,M,14.1
20267605,Samuel Ernesto,Engenharia de Redes,2,26,M,7.7
20267606,Manuel Sergio,Engenharia Telecomunicacoes,2,28,M,8.3
20267607,Sonia Armando,Engenharia Telecomunicacoes,4,29,F,7.9
20267608,Samuel Ernesto,Engenharia Informatica,1,22,M,11.1
20267609,Lucia Joaquim,Engenharia Informatica,3,18,F,9.6
20267610,Ana Manuel,Engenharia de Redes,4,25,F,7.3
20267611,Helena Augusto,Engenharia de Redes,4,29,F,14.6
20267612,Manuel Sergio,Engenharia Informatica,3,29,F,13.7
20267613,Alberto Jaime,Engenharia Informatica,2,27,M,7.8
20267614,Nelson Mario,Engenharia de Redes,2,24,M,15.9
20267615,Fatima Luis,Engenharia de Redes,2,25,F,6.0
20267616,Marta Paulo,Engenharia Electronica,2,21,F,7.8
20267617,Alberto Jaime,Engenharia Informatica,4,28,F,11.2
20267618,Marta Paulo,Engenharia Informatica,3,24,M,18.9
20267619,Pedro Tomas,Engenharia Informatica,4,20,M,11.9
20267620,Alberto Jaime,Engenharia Telecomunicacoes,3,21,F,9.2
20267621,Lucia Joaquim,Engenharia Electronica,4,30,M,11.8
20267622,Fatima Luis,Engenharia Informatica,1,29,M,12.7
20267623,Lucia Joaquim,Engenharia Telecomunicacoes,4,23,F,12.1
20267624,Ana Manuel,Engenharia Informatica,3,20,F,5.7
20267625,Edson Mateus,Engenharia Electronica,4,25,F,11.1
20267626,Manuel Sergio,Engenharia Informatica,1,27,M,18.5
20267627,Teresa Carlos,Engenharia Informatica,2,21,M,19.2
20267628,Pedro Tomas,Engenharia Telecomunicacoes,4,18,M,8.1
20267629,Elsa Domingos,Engenharia Informatica,4,20,M,17.5
20267630,Marta Paulo,Engenharia Electronica,2,28,F,12.7
20267631,Fatima Luis,Engenharia de Redes,2,29,F,13.8
20267632,Fatima Luis,Engenharia Informatica,3,22,F,14.7
20267633,Ana Manuel,Engenharia Telecomunicacoes,3,26,F,14.8
20267634,Elsa Domingos,Engenharia Electronica,4,23,M,13.7
20267635,Alberto Jaime,Engenharia Telecomunicacoes,4,25,F,8.1
20267636,Nelson Mario,Engenharia de Redes,2,28,F,14.5
20267637,Dario Miguel,Engenharia Informatica,1,22,M,18.5
20267638,Helena Augusto,Engenharia Telecomunicacoes,3,28,F,5.5
20267639,Pedro Tomas,Engenharia Informatica,2,23,M,6.0
20267640,Carlos Jose,Engenharia Telecomunicacoes,2,25,M,6.1
20267641,Alberto Jaime,Engenharia de Redes,4,17,F,12.7
20267642,Edson Mateus,Engenharia Informatica,4,19,M,18.7
20267643,Sonia Armando,Engenharia Informatica,1,22,F,8.7
20267644,Marta Paulo,Engenharia de Redes,4,25,F,7.6
20267645,Teresa Carlos,Engenharia Telecomunicacoes,4,26,F,14.0
20267646,Dario Miguel,Engenharia Electronica,2,29,F,16.7
20267647,Celina Ernesto,Engenharia Telecomunicacoes,4,27,F,9.1
20267648,Helena Augusto,Engenharia Electronica,2,26,M,8.7
20267649,Manuel Sergio,Engenharia Telecomunicacoes,2,29,F,5.6
20267650,Pedro Tomas,Engenharia Electronica,4,18,F,10.1
20267651,Pedro Tomas,Engenharia Telecomunicacoes,1,30,M,12.5
20267652,Ana Manuel,Engenharia Informatica,3,23,M,5.6
20267653,Marta Paulo,Engenharia Electronica,1,30,F,13.4
20267654,Ana Manuel,Engenharia Electronica,3,24,F,19.9
20267655,Pedro Tomas,Engenharia Informatica,2,29,M,6.9
20267656,Dario Miguel,Engenharia de Redes,3,25,M,11.0
20267657,Fatima Luis,Engenharia de Redes,4,28,F,12.2
20267658,Nelson Mario,Engenharia Telecomunicacoes,4,24,M,5.4
20267659,Manuel Sergio,Engenharia Telecomunicacoes,3,27,F,15.6
20267660,Manuel Sergio,Engenharia Informatica,4,22,M,9.4
20267661,Manuel Sergio,Engenharia Electronica,2,23,M,19.0
20267662,Nelson Mario,Engenharia Telecomunicacoes,4,28,M,11.2
20267663,Marta Paulo,Engenharia Electronica,3,20,M,12.2
20267664,Alberto Jaime,Engenharia de Redes,3,26,F,15.3
20267665,Sonia Armando,Engenharia Electronica,2,23,F,13.0
20267666,Teresa Carlos,Engenharia Telecomunicacoes,4,21,M,13.1
20267667,Helena Augusto,Engenharia Telecomunicacoes,2,29,M,5.6
20267668,Celina Ernesto,Engenharia Electronica,3,22,F,7.7
20267669,Elsa Domingos,Engenharia de Redes,1,19,F,19.8
20267670,Teresa Carlos,Engenharia Telecomunicacoes,3,29,F,18.7
20267671,Joao Alberto,Engenharia Informatica,2,24,M,8.1
20267672,Pedro Tomas,Engenharia Electronica,1,20,F,9.6
20267673,Alberto Jaime,Engenharia Electronica,1,27,F,11.6
20267674,Dario Miguel,Engenharia Informatica,4,22,M,17.9
20267675,Ana Manuel,Engenharia de Redes,1,26,M,18.8
20267676,Ana Manuel,Engenharia de Redes,2,26,F,15.2
20267677,Nelson Mario,Engenharia Telecomunicacoes,3,17,F,15.1
20267678,Antonio Salvador,Engenharia Electronica,2,22,F,6.0
20267679,Elsa Domingos,Engenharia Electronica,4,22,M,9.8
20267680,Edson Mateus,Engenharia de Redes,2,27,F,13.3
20267681,Ana Manuel,Engenharia de Redes,1,29,M,10.9
20267682,Lucia Joaquim,Engenharia Electronica,4,20,M,6.7
20267683,Helena Augusto,Engenharia de Redes,1,29,F,16.2
20267684,Elsa Domingos,Engenharia Informatica,4,29,F,14.9
20267685,Fatima Luis,Engenharia Informatica,4,23,M,5.3
20267686,Pedro Tomas,Engenharia Electronica,3,28,M,10.6
20267687,Rosa Fernando,Engenharia Informatica,1,21,F,8.5
20267688,Elsa Domingos,Engenharia de Redes,3,24,M,17.7
20267689,Antonio Salvador,Engenharia Electronica,4,29,F,10.8
20267690,Fatima Luis,Engenharia Electronica,2,23,F,10.6
20267691,Nelson Mario,Engenharia Telecomunicacoes,3,26,M,13.8
20267692,Elsa Domingos,Engenharia Informatica,1,25,M,16.4
20267693,Teresa Carlos,Engenharia Informatica,3,18,M,14.6
20267694,Fatima Luis,Engenharia de Redes,2,21,M,8.9
20267695,Joao Alberto,Engenharia Telecomunicacoes,4,18,F,18.0
20267696,Samuel Ernesto,Engenharia Informatica,2,19,F,18.2
20267697,Samuel Ernesto,Engenharia Electronica,3,20,F,15.3
20267698,Marta Paulo,Engenharia Telecomunicacoes,3,30,M,10.0
20267699,Rosa Fernando,Engenharia Informatica,1,24,F,10.1
20267700,Elsa Domingos,Engenharia de Redes,2,20,F,10.7
20267701,Fatima Luis,Engenharia de Redes,3,24,F,11.6
20267702,Marta Paulo,Engenharia Electronica,1,29,F,9.3
20267703,Nelson Mario,Engenharia de Redes,4,24,M,19.3
20267704,Alberto Jaime,Engenharia Electronica,2,28,F,15.8
20267705,Celina Ernesto,Engenharia Electronica,4,24,F,12.0
20267706,Helena Augusto,Engenharia de Redes,4,22,M,16.7
20267707,Helena Augusto,Engenharia Informatica,2,17,M,10.0
20267708,Ana Manuel,Engenharia Telecomunicacoes,3,21,F,13.4
20267709,Teresa Carlos,Engenharia Telecomunicacoes,4,30,M,11.1
20267710,Sonia Armando,Engenharia Informatica,2,27,M,10.8
20267711,Sonia Armando,Engenharia de Redes,4,26,F,12.8
20267712,Alberto Jaime,Engenharia de Redes,2,26,F,19.8
20267713,Edson Mateus,Engenharia Informatica,2,22,F,16.2
20267714,Samuel Ernesto,Engenharia Electronica,1,27,M,16.8
20267715,Sonia Armando,Engenharia de Redes,3,19,M,5.8
20267716,Celina Ernesto,Engenharia Electronica,3,21,M,15.9
20267717,Alberto Jaime,Engenharia de Redes,1,17,M,8.8
20267718,Pedro Tomas,Engenharia de Redes,3,17,M,9.8
20267719,Marta Paulo,Engenharia Telecomunicacoes,1,21,M,17.0
20267720,Nelson Mario,Engenharia de Redes,2,25,F,8.4
20267721,Manuel Sergio,Engenharia Informatica,1,25,M,13.0
20267722,Alberto Jaime,Engenharia de Redes,1,28,M,10.4
20267723,Joao Alberto,Engenharia Telecomunicacoes,2,30,F,19.8
20267724,Elsa Domingos,Engenharia de Redes,4,28,M,16.6
20267725,Elsa Domingos,Engenharia Telecomunicacoes,1,29,M,16.7
20267726,Marta Paulo,Engenharia de Redes,2,23,M,16.0
20267727,Teresa Carlos,Engenharia de Redes,1,23,F,16.9
20267728,Dario Miguel,Engenharia de Redes,2,29,F,8.6
20267729,Fatima Luis,Engenharia Telecomunicacoes,4,19,M,15.3
20267730,Samuel Ernesto,Engenharia de Redes,3,17,M,11.0
20267731,Antonio Salvador,Engenharia Electronica,4,24,F,16.7
20267732,Nelson Mario,Engenharia de Redes,3,21,F,17.3
20267733,Helena Augusto,Engenharia Electronica,3,18,F,6.6
20267734,Rosa Fernando,Engenharia de Redes,2,17,F,17.7
20267735,Pedro Tomas,Engenharia Telecomunicacoes,3,25,F,13.0
20267736,Ana Manuel,Engenharia Telecomunicacoes,1,22,F,17.9
20267737,Lucia Joaquim,Engenharia Informatica,3,27,M,11.0
20267738,Manuel Sergio,Engenharia de Redes,1,17,F,14.0
20267739,Fatima Luis,Engenharia Telecomunicacoes,1,29,M,7.0
20267740,Edson Mateus,Engenharia Informatica,3,18,M,14.6
20267741,Lucia Joaquim,Engenharia Electronica,2,24,M,12.8
20267742,Marta Paulo,Engenharia Telecomunicacoes,4,24,F,17.1
20267743,Nelson Mario,Engenharia Telecomunicacoes,3,23,M,18.6
20267744,Ana Manuel,Engenharia Informatica,3,21,M,11.7
20267745,Elsa Domingos,Engenharia Informatica,4,30,F,18.3
20267746,Antonio Salvador,Engenharia Informatica,4,21,F,5.2
20267747,Marta Paulo,Engenharia Electronica,1,27,M,18.3
20267748,Pedro Tomas,Engenharia de Redes,3,30,F,8.2
20267749,Manuel Sergio,Engenharia Electronica,3,21,M,16.2
20267750,Celina Ernesto,Engenharia Informatica,2,29,M,16.1
20267751,Manuel Sergio,Engenharia de Redes,2,23,M,9.5
20267752,Carlos Jose,Engenharia Informatica,2,28,F,18.4
20267753,Fatima Luis,Engenharia Electronica,2,22,M,17.4
20267754,Lucia Joaquim,Engenharia de Redes,2,30,M,17.1
20267755,Ana Manuel,Engenharia de Redes,1,30,F,16.7
20267756,Teresa Carlos,Engenharia Electronica,4,29,M,17.7
20267757,Nelson Mario,Engenharia Electronica,1,24,M,14.3
20267758,Teresa Carlos,Engenharia Electronica,1,22,F,15.0
20267759,Carlos Jose,Engenharia Electronica,3,29,M,11.3
20267760,Antonio Salvador,Engenharia Informatica,2,17,M,14.3
20267761,Manuel Sergio,Engenharia Informatica,1,26,M,16.6
20267762,Rosa Fernando,Engenharia Telecomunicacoes,4,19,M,8.6
20267763,Ana Manuel,Engenharia Telecomunicacoes,1,22,M,10.7
20267764,Nelson Mario,Engenharia Electronica,3,30,F,13.2
20267765,Lucia Joaquim,Engenharia Electronica,1,17,F,16.7
20267766,Fatima Luis,Engenharia Informatica,3,17,M,13.4
20267767,Nelson Mario,Engenharia Informatica,3,27,F,13.7
20267768,Carlos Jose,Engenharia Telecomunicacoes,3,27,F,19.2
20267769,Samuel Ernesto,Engenharia Telecomunicacoes,4,19,F,18.4
20267770,Antonio Salvador,Engenharia Electronica,3,28,M,17.3
20267771,Teresa Carlos,Engenharia Electronica,4,22,M,16.9
20267772,Rosa Fernando,Engenharia Telecomunicacoes,2,26,F,14.0
20267773,Edson Mateus,Engenharia Telecomunicacoes,1,17,M,6.2
20267774,Dario Miguel,Engenharia Electronica,4,25,M,13.0
20267775,Pedro Tomas,Engenharia Informatica,3,24,F,15.9
20267776,Teresa Carlos,Engenharia Telecomunicacoes,4,25,F,5.2
20267777,Marta Paulo,Engenharia de Redes,3,27,M,11.1
20267778,Ana Manuel,Engenharia de Redes,3,22,M,7.4
20267779,Lucia Joaquim,Engenharia de Redes,4,17,F,18.7
20267780,Rosa Fernando,Engenharia Informatica,4,22,M,17.3
20267781,Carlos Jose,Engenharia Informatica,2,17,M,10.1
20267782,Celina Ernesto,Engenharia Informatica,3,23,F,18.3
20267783,Edson Mateus,Engenharia Telecomunicacoes,1,27,M,17.4
20267784,Dario Miguel,Engenharia Electronica,4,24,F,14.2
20267785,Carlos Jose,Engenharia Telecomunicacoes,3,27,M,17.4
20267786,Sonia Armando,Engenharia Informatica,4,20,F,13.6
20267787,Marta Paulo,Engenharia Informatica,1,18,F,5.9
20267788,Fatima Luis,Engenharia de Redes,4,19,F,16.0
20267789,Samuel Ernesto,Engenharia Electronica,2,23,F,19.7
20267790,Elsa Domingos,Engenharia de Redes,4,21,M,6.0
20267791,Ana Manuel,Engenharia de Redes,2,22,F,11.6
20267792,Manuel Sergio,Engenharia Electronica,2,28,F,13.2
20267793,Joao Alberto,Engenharia Telecomunicacoes,1,27,F,6.1
20267794,Elsa Domingos,Engenharia Informatica,2,19,F,10.0
20267795,Helena Augusto,Engenharia Informatica,1,30,M,9.4
20267796,Elsa Domingos,Engenharia de Redes,3,20,F,13.2
20267797,Ana Manuel,Engenharia Electronica,2,25,F,6.4
20267798,Alberto Jaime,Engenharia Telecomunicacoes,2,19,M,10.7
20267799,Sonia Armando,Engenharia Electronica,4,18,F,10.7
20267800,Elsa Domingos,Engenharia Informatica,4,24,F,12.4
20267801,Rosa Fernando,Engenharia Telecomunicacoes,1,21,F,13.2
20267802,Carlos Jose,Engenharia Informatica,4,19,F,12.6
20267803,Sonia Armando,Engenharia de Redes,1,28,F,14.8
20267804,Rosa Fernando,Engenharia Informatica,3,29,M,9.1
20267805,Manuel Sergio,Engenharia Electronica,3,24,M,11.7
20267806,Ana Manuel,Engenharia Telecomunicacoes,2,23,M,18.1
20267807,Lucia Joaquim,Engenharia Electronica,4,26,F,17.5
20267808,Ana Manuel,Engenharia Telecomunicacoes,4,25,M,13.1
20267809,Elsa Domingos,Engenharia Electronica,2,20,F,13.1
20267810,Edson Mateus,Engenharia Electronica,2,20,M,18.2
20267811,Ana Manuel,Engenharia Electronica,2,17,M,17.7
20267812,Ana Manuel,Engenharia Informatica,2,23,M,10.2
20267813,Sonia Armando,Engenharia de Redes,3,20,M,17.1
20267814,Marta Paulo,Engenharia de Redes,2,25,F,10.1
20267815,Joao Alberto,Engenharia de Redes,2,30,F,5.8
20267816,Antonio Salvador,Engenharia Telecomunicacoes,1,24,F,19.7
20267817,Nelson Mario,Engenharia Telecomunicacoes,1,25,F,16.7
20267818,Sonia Armando,Engenharia Informatica,4,28,F,6.6
20267819,Antonio Salvador,Engenharia Informatica,3,21,F,5.9
20267820,Lucia Joaquim,Engenharia de Redes,4,19,F,6.5
20267821,Rosa Fernando,Engenharia Informatica,4,25,F,5.0
20267822,Teresa Carlos,Engenharia Informatica,4,23,M,19.6
20267823,Antonio Salvador,Engenharia Telecomunicacoes,1,22,F,19.0
20267824,Alberto Jaime,Engenharia Telecomunicacoes,4,18,F,5.2
20267825,Ana Manuel,Engenharia de Redes,4,25,M,9.1
20267826,Edson Mateus,Engenharia Informatica,3,24,F,10.2
20267827,Samuel Ernesto,Engenharia Electronica,4,25,M,7.9
20267828,Rosa Fernando,Engenharia Electronica,2,22,F,9.8
20267829,Rosa Fernando,Engenharia de Redes,4,28,M,17.2
20267830,Nelson Mario,Engenharia Electronica,1,23,M,5.5
20267831,Pedro Tomas,Engenharia Telecomunicacoes,4,28,F,6.5
20267832,Ana Manuel,Engenharia Electronica,1,27,M,16.9
20267833,Marta Paulo,Engenharia Electronica,1,26,M,15.9
20267834,Nelson Mario,Engenharia Telecomunicacoes,2,17,M,12.3
20267835,Alberto Jaime,Engenharia Telecomunicacoes,3,28,M,6.1
20267836,Marta Paulo,Engenharia Electronica,3,27,F,8.5
20267837,Teresa Carlos,Engenharia Electronica,1,23,F,18.9
20267838,Helena Augusto,Engenharia Informatica,4,19,F,9.8
20267839,Manuel Sergio,Engenharia de Redes,1,27,F,5.4
20267840,Helena Augusto,Engenharia Informatica,3,18,F,8.9
20267841,Fatima Luis,Engenharia Electronica,2,23,F,9.8
20267842,Teresa Carlos,Engenharia Informatica,4,24,F,9.3
20267843,Celina Ernesto,Engenharia Electronica,3,18,M,12.0
20267844,Celina Ernesto,Engenharia Informatica,4,28,M,8.6
20267845,Samuel Ernesto,Engenharia de Redes,3,24,M,7.0
20267846,Fatima Luis,Engenharia Telecomunicacoes,4,25,F,15.9
20267847,Teresa Carlos,Engenharia de Redes,1,26,F,13.8
20267848,Lucia Joaquim,Engenharia Informatica,4,27,F,13.4
20267849,Helena Augusto,Engenharia Informatica,3,22,M,12.9
20267850,Celina Ernesto,Engenharia de Redes,2,24,M,18.6
20267851,Nelson Mario,Engenharia Informatica,2,22,F,7.0
20267852,Dario Miguel,Engenharia de Redes,4,23,F,9.0
20267853,Sonia Armando,Engenharia Informatica,4,30,M,8.9
20267854,Rosa Fernando,Engenharia de Redes,3,28,F,17.7
20267855,Celina Ernesto,Engenharia Electronica,4,30,M,12.7
20267856,Lucia Joaquim,Engenharia Informatica,4,26,F,6.0
20267857,Antonio Salvador,Engenharia Informatica,4,18,F,10.6
20267858,Celina Ernesto,Engenharia Electronica,3,21,M,5.4
20267859,Lucia Joaquim,Engenharia Informatica,1,22,M,8.9
20267860,Lucia Joaquim,Engenharia Informatica,4,23,M,9.7
20267861,Rosa Fernando,Engenharia Electronica,1,20,F,6.8
20267862,Rosa Fernando,Engenharia de Redes,1,24,F,7.9
20267863,Samuel Ernesto,Engenharia Electronica,2,27,F,18.8
20267864,Antonio Salvador,Engenharia Telecomunicacoes,3,30,F,10.8
20267865,Ana Manuel,Engenharia Telecomunicacoes,3,29,F,9.6
20267866,Alberto Jaime,Engenharia de Redes,3,21,M,6.6
20267867,Sonia Armando,Engenharia Informatica,1,27,F,5.5
20267868,Joao Alberto,Engenharia Electronica,4,30,F,13.5
20267869,Marta Paulo,Engenharia Telecomunicacoes,2,29,M,12.8
20267870,Edson Mateus,Engenharia Informatica,1,19,M,12.1
20267871,Celina Ernesto,Engenharia de Redes,4,28,F,18.7
20267872,Elsa Domingos,Engenharia Electronica,2,30,F,17.5
20267873,Joao Alberto,Engenharia de Redes,3,21,M,13.5
20267874,Sonia Armando,Engenharia Informatica,1,27,F,5.4
20267875,Dario Miguel,Engenharia Telecomunicacoes,2,26,F,17.9
20267876,Sonia Armando,Engenharia Informatica,4,22,M,5.5
20267877,Helena Augusto,Engenharia Telecomunicacoes,4,23,M,9.8
20267878,Manuel Sergio,Engenharia Electronica,4,19,F,18.9
20267879,Nelson Mario,Engenharia de Redes,3,23,F,19.9
20267880,Carlos Jose,Engenharia Informatica,1,22,F,15.0
20267881,Joao Alberto,Engenharia Informatica,1,28,F,5.0
20267882,Lucia Joaquim,Engenharia Telecomunicacoes,4,25,F,13.2
20267883,Elsa Domingos,Engenharia de Redes,2,29,F,5.8
20267884,Fatima Luis,Engenharia Informatica,4,18,F,19.8
20267885,Dario Miguel,Engenharia Informatica,4,26,F,19.1
20267886,Fatima Luis,Engenharia de Redes,4,27,M,7.5
20267887,Antonio Salvador,Engenharia Electronica,1,22,F,19.6
20267888,Dario Miguel,Engenharia Informatica,4,17,F,11.8
20267889,Celina Ernesto,Engenharia Telecomunicacoes,3,30,F,14.9
20267890,Manuel Sergio,Engenharia Telecomunicacoes,3,25,F,9.6
20267891,Pedro Tomas,Engenharia de Redes,2,25,M,14.7
20267892,Sonia Armando,Engenharia Electronica,3,26,F,5.8
20267893,Celina Ernesto,Engenharia Telecomunicacoes,2,22,M,17.7
20267894,Teresa Carlos,Engenharia Electronica,4,30,F,18.4
20267895,Nelson Mario,Engenharia Electronica,4,27,F,14.7
20267896,Samuel Ernesto,Engenharia Informatica,4,18,F,10.3
20267897,Dario Miguel,Engenharia de Redes,3,20,F,15.5
20267898,Celina Ernesto,Engenharia de Redes,1,21,F,19.7
20267899,Samuel Ernesto,Engenharia Electronica,1,23,M,13.5
20267900,Pedro Tomas,Engenharia Informatica,2,24,F,9.1
20267901,Sonia Armando,Engenharia Informatica,1,25,F,12.1
20267902,Pedro Tomas,Engenharia Electronica,3,29,M,13.0
20267903,Alberto Jaime,Engenharia Electronica,3,17,F,13.6
20267904,Pedro Tomas,Engenharia de Redes,2,25,M,10.2
20267905,Dario Miguel,Engenharia Informatica,4,27,F,19.8
20267906,Carlos Jose,Engenharia Informatica,3,24,F,6.2
20267907,Alberto Jaime,Engenharia Electronica,2,29,M,11.7
20267908,Celina Ernesto,Engenharia Telecomunicacoes,3,22,M,18.1
20267909,Manuel Sergio,Engenharia Informatica,3,23,F,5.0
20267910,Lucia Joaquim,Engenharia Informatica,2,29,F,10.7
20267911,Celina Ernesto,Engenharia Electronica,2,21,M,16.8
20267912,Carlos Jose,Engenharia Informatica,2,22,F,13.6
20267913,Carlos Jose,Engenharia de Redes,4,19,M,15.4
20267914,Manuel Sergio,Engenharia Informatica,3,29,M,15.3
20267915,Pedro Tomas,Engenharia Electronica,4,24,M,11.9
20267916,Nelson Mario,Engenharia Informatica,2,22,M,7.0
20267917,Dario Miguel,Engenharia Informatica,1,30,F,5.6
20267918,Manuel Sergio,Engenharia Telecomunicacoes,3,27,M,9.6
20267919,Marta Paulo,Engenharia Informatica,3,29,F,5.7
20267920,Celina Ernesto,Engenharia Telecomunicacoes,2,17,M,16.7
20267921,Helena Augusto,Engenharia de Redes,3,24,F,8.2
20267922,Manuel Sergio,Engenharia Telecomunicacoes,4,23,M,19.4
20267923,Antonio Salvador,Engenharia Electronica,3,19,M,12.6
20267924,Dario Miguel,Engenharia Electronica,4,25,M,5.4
20267925,Manuel Sergio,Engenharia de Redes,3,25,M,12.9
20267926,Elsa Domingos,Engenharia Electronica,4,18,F,5.7
20267927,Carlos Jose,Engenharia Telecomunicacoes,3,22,M,11.1
20267928,Sonia Armando,Engenharia Electronica,2,20,M,11.7
20267929,Teresa Carlos,Engenharia Electronica,2,26,M,14.5
20267930,Teresa Carlos,Engenharia Electronica,3,24,F,9.3
20267931,Joao Alberto,Engenharia Electronica,3,17,M,15.0
20267932,Elsa Domingos,Engenharia Telecomunicacoes,2,24,F,11.4
20267933,Lucia Joaquim,Engenharia Informatica,1,25,F,13.9
20267934,Joao Alberto,Engenharia Telecomunicacoes,4,30,M,14.8
20267935,Antonio Salvador,Engenharia Electronica,3,19,F,13.6
20267936,Joao Alberto,Engenharia Telecomunicacoes,2,27,F,9.3
20267937,Samuel Ernesto,Engenharia de Redes,4,28,F,6.2
20267938,Ana Manuel,Engenharia Informatica,4,24,M,9.4
20267939,Fatima Luis,Engenharia de Redes,1,30,M,13.2
20267940,Ana Manuel,Engenharia Electronica,2,24,F,19.9
20267941,Nelson Mario,Engenharia de Redes,3,24,M,20.0
20267942,Fatima Luis,Engenharia Electronica,4,23,F,15.7
20267943,Manuel Sergio,Engenharia Informatica,4,27,F,15.5
20267944,Teresa Carlos,Engenharia de Redes,4,23,M,19.5
20267945,Lucia Joaquim,Engenharia Informatica,3,20,F,16.8
20267946,Manuel Sergio,Engenharia Electronica,2,28,F,18.6
20267947,Rosa Fernando,Engenharia Informatica,1,30,M,7.9
20267948,Marta Paulo,Engenharia Telecomunicacoes,4,17,M,9.8
20267949,Alberto Jaime,Engenharia Electronica,1,19,M,18.9
20267950,Samuel Ernesto,Engenharia Electronica,4,23,M,10.6
20267951,Joao Alberto,Engenharia Telecomunicacoes,4,25,F,8.4
20267952,Alberto Jaime,Engenharia Telecomunicacoes,4,30,F,6.6
20267953,Teresa Carlos,Engenharia Telecomunicacoes,3,26,M,6.6
20267954,Nelson Mario,Engenharia Electronica,3,26,F,8.0
20267955,Antonio Salvador,Engenharia Informatica,2,21,M,9.8
20267956,Alberto Jaime,Engenharia Informatica,1,29,M,19.9
20267957,Rosa Fernando,Engenharia Electronica,2,22,F,18.7
20267958,Edson Mateus,Engenharia Telecomunicacoes,4,20,F,12.4
20267959,Carlos Jose,Engenharia Telecomunicacoes,2,18,M,8.8
20267960,Carlos Jose,Engenharia Telecomunicacoes,1,17,M,5.0
20267961,Alberto Jaime,Engenharia de Redes,2,30,M,9.1
20267962,Fatima Luis,Engenharia Electronica,4,17,F,14.7
20267963,Elsa Domingos,Engenharia Telecomunicacoes,2,28,M,11.0
20267964,Marta Paulo,Engenharia de Redes,2,26,M,5.6
20267965,Pedro Tomas,Engenharia Electronica,2,18,M,15.8
20267966,Marta Paulo,Engenharia Electronica,2,22,F,12.1
20267967,Fatima Luis,Engenharia de Redes,3,17,M,16.0
20267968,Edson Mateus,Engenharia Electronica,2,23,F,14.5
20267969,Celina Ernesto,Engenharia Telecomunicacoes,3,21,M,7.3
20267970,Pedro Tomas,Engenharia Electronica,1,22,M,17.0
20267971,Nelson Mario,Engenharia Informatica,4,18,F,19.9
20267972,Samuel Ernesto,Engenharia Informatica,1,21,M,14.8
20267973,Samuel Ernesto,Engenharia Telecomunicacoes,4,22,F,7.9
20267974,Carlos Jose,Engenharia de Redes,1,29,M,11.3
20267975,Nelson Mario,Engenharia Telecomunicacoes,3,22,M,11.0
20267976,Teresa Carlos,Engenharia Electronica,1,25,F,13.3
20267977,Fatima Luis,Engenharia de Redes,3,25,M,13.7
20267978,Carlos Jose,Engenharia Informatica,3,28,M,12.3
20267979,Fatima Luis,Engenharia Telecomunicacoes,1,24,F,11.1
20267980,Elsa Domingos,Engenharia Informatica,3,17,M,8.8
20267981,Antonio Salvador,Engenharia Informatica,1,24,M,5.2
20267982,Manuel Sergio,Engenharia de Redes,3,29,M,12.7
20267983,Samuel Ernesto,Engenharia Informatica,4,22,M,18.0
20267984,Alberto Jaime,Engenharia Telecomunicacoes,2,20,F,9.3
20267985,Carlos Jose,Engenharia Electronica,2,17,F,11.0
20267986,Marta Paulo,Engenharia Informatica,1,30,M,17.8
20267987,Alberto Jaime,Engenharia Informatica,2,23,F,10.1
20267988,Marta Paulo,Engenharia Informatica,3,28,F,17.5
20267989,Celina Ernesto,Engenharia de Redes,1,19,F,8.2
20267990,Dario Miguel,Engenharia de Redes,1,21,F,15.7
20267991,Celina Ernesto,Engenharia Electronica,3,21,F,7.2
20267992,Samuel Ernesto,Engenharia Telecomunicacoes,2,21,F,5.3
20267993,Nelson Mario,Engenharia Telecomunicacoes,1,17,F,6.4
20267994,Celina Ernesto,Engenharia de Redes,2,25,F,9.0
20267995,Nelson Mario,Engenharia Electronica,1,27,M,13.5
20267996,Nelson Mario,Engenharia Electronica,2,29,F,14.1
20267997,Elsa Domingos,Engenharia Informatica,4,23,F,13.8
20267998,Teresa Carlos,Engenharia Electronica,4,28,M,17.0
20267999,Edson Mateus,Engenharia Informatica,4,24,M,8.2
20268000,Marta Paulo,Engenharia Electronica,1,25,F,5.0
20268001,Rosa Fernando,Engenharia Informatica,1,23,F,18.4
20268002,Nelson Mario,Engenharia de Redes,1,19,M,19.2
20268003,Joao Alberto,Engenharia Electronica,4,24,F,11.3
20268004,Alberto Jaime,Engenharia Telecomunicacoes,4,19,F,9.4
20268005,Samuel Ernesto,Engenharia de Redes,4,30,M,7.9
20268006,Pedro Tomas,Engenharia Electronica,2,25,F,6.0
20268007,Manuel Sergio,Engenharia Telecomunicacoes,2,19,F,19.9
20268008,Teresa Carlos,Engenharia Telecomunicacoes,2,25,F,8.0
20268009,Lucia Joaquim,Engenharia Telecomunicacoes,2,20,M,14.0
20268010,Ana Manuel,Engenharia de Redes,2,24,F,16.6
20268011,Edson Mateus,Engenharia Informatica,1,21,M,6.1
20268012,Edson Mateus,Engenharia Electronica,2,19,F,8.8
20268013,Antonio Salvador,Engenharia de Redes,4,27,F,12.8
20268014,Helena Augusto,Engenharia Telecomunicacoes,2,30,M,5.5
20268015,Manuel Sergio,Engenharia Telecomunicacoes,2,20,M,9.2
20268016,Antonio Salvador,Engenharia Telecomunicacoes,3,25,F,8.1
20268017,Teresa Carlos,Engenharia de Redes,3,29,F,16.0
20268018,Samuel Ernesto,Engenharia Informatica,3,20,F,13.7
20268019,Sonia Armando,Engenharia Electronica,4,22,M,5.9
20268020,Pedro Tomas,Engenharia Electronica,4,19,F,7.7
20268021,Fatima Luis,Engenharia Informatica,1,24,F,13.4
20268022,Marta Paulo,Engenharia de Redes,3,25,M,10.9
20268023,Rosa Fernando,Engenharia Electronica,4,28,M,7.5
20268024,Samuel Ernesto,Engenharia Informatica,3,25,F,16.1
20268025,Elsa Domingos,Engenharia Electronica,1,25,M,13.6
20268026,Celina Ernesto,Engenharia de Redes,1,28,F,10.0
20268027,Celina Ernesto,Engenharia Electronica,3,27,F,16.9
20268028,Carlos Jose,Engenharia Electronica,3,28,M,7.7
20268029,Edson Mateus,Engenharia Informatica,2,23,M,11.7
20268030,Teresa Carlos,Engenharia Informatica,3,17,M,13.5
20268031,Edson Mateus,Engenharia de Redes,1,20,F,11.4
20268032,Sonia Armando,Engenharia Telecomunicacoes,3,30,M,16.4
20268033,Celina Ernesto,Engenharia Informatica,4,22,M,17.8
20268034,Nelson Mario,Engenharia Telecomunicacoes,4,27,F,9.4
20268035,Nelson Mario,Engenharia Electronica,1,28,F,12.2
20268036,Antonio Salvador,Engenharia Telecomunicacoes,3,20,F,5.6
20268037,Marta Paulo,Engenharia Electronica,4,25,F,14.8
20268038,Ana Manuel,Engenharia Electronica,2,28,F,16.2
20268039,Pedro Tomas,Engenharia Telecomunicacoes,3,19,M,9.1
20268040,Rosa Fernando,Engenharia Electronica,4,25,M,5.9
20268041,Rosa Fernando,Engenharia de Redes,3,21,F,12.6
20268042,Nelson Mario,Engenharia Informatica,4,27,F,11.9
20268043,Marta Paulo,Engenharia Informatica,1,28,F,6.6
20268044,Edson Mateus,Engenharia Electronica,1,22,M,14.1
20268045,Edson Mateus,Engenharia Telecomunicacoes,1,18,M,9.6
20268046,Helena Augusto,Engenharia Informatica,1,21,M,13.8
20268047,Carlos Jose,Engenharia Informatica,4,19,F,15.3
20268048,Edson Mateus,Engenharia Telecomunicacoes,1,21,F,5.2
20268049,Manuel Sergio,Engenharia Electronica,1,21,F,7.0
20268050,Carlos Jose,Engenharia de Redes,1,27,M,15.3
20268051,Fatima Luis,Engenharia Informatica,1,29,M,10.6
20268052,Ana Manuel,Engenharia Telecomunicacoes,1,22,M,13.2
20268053,Carlos Jose,Engenharia de Redes,4,17,M,11.7
20268054,Antonio Salvador,Engenharia Informatica,3,18,M,12.8
20268055,Antonio Salvador,Engenharia Informatica,3,23,F,13.5
20268056,Joao Alberto,Engenharia Electronica,2,24,M,5.8
20268057,Celina Ernesto,Engenharia Informatica,3,29,F,13.1
20268058,Joao Alberto,Engenharia Informatica,3,18,F,6.2
20268059,Manuel Sergio,Engenharia Telecomunicacoes,4,30,F,8.8
20268060,Antonio Salvador,Engenharia Telecomunicacoes,3,18,F,10.9
20268061,Manuel Sergio,Engenharia Electronica,1,27,M,19.3
20268062,Alberto Jaime,Engenharia Telecomunicacoes,3,22,F,6.8
20268063,Carlos Jose,Engenharia de Redes,2,24,F,7.8
20268064,Ana Manuel,Engenharia de Redes,2,22,F,13.2
20268065,Edson Mateus,Engenharia Electronica,2,21,F,13.2
20268066,Manuel Sergio,Engenharia Informatica,4,27,F,9.8
20268067,Nelson Mario,Engenharia Telecomunicacoes,4,17,F,15.1
20268068,Helena Augusto,Engenharia Telecomunicacoes,1,30,F,19.2
20268069,Sonia Armando,Engenharia Informatica,1,29,F,7.5
20268070,Samuel Ernesto,Engenharia de Redes,1,29,F,14.9
20268071,Pedro Tomas,Engenharia de Redes,3,28,F,10.0
20268072,Helena Augusto,Engenharia Electronica,2,29,M,9.0
20268073,Fatima Luis,Engenharia Electronica,3,30,F,7.2
20268074,Manuel Sergio,Engenharia Electronica,2,24,F,13.0
20268075,Manuel Sergio,Engenharia de Redes,4,21,F,18.2
20268076,Carlos Jose,Engenharia Electronica,1,29,F,13.5
20268077,Celina Ernesto,Engenharia de Redes,2,30,M,7.8
20268078,Manuel Sergio,Engenharia de Redes,4,24,F,14.9
20268079,Rosa Fernando,Engenharia de Redes,1,17,M,5.0
20268080,Celina Ernesto,Engenharia Electronica,1,25,F,14.5
20268081,Marta Paulo,Engenharia Telecomunicacoes,2,28,F,19.9
20268082,Rosa Fernando,Engenharia Telecomunicacoes,1,25,F,15.1
20268083,Manuel Sergio,Engenharia de Redes,1,30,M,14.6
20268084,Ana Manuel,Engenharia Informatica,4,30,F,13.8
20268085,Lucia Joaquim,Engenharia Informatica,2,23,M,5.9
20268086,Dario Miguel,Engenharia de Redes,4,29,F,19.7
20268087,Ana Manuel,Engenharia Electronica,1,27,F,14.4
20268088,Helena Augusto,Engenharia Telecomunicacoes,4,23,M,8.2
20268089,Manuel Sergio,Engenharia Informatica,4,20,F,8.3
20268090,Helena Augusto,Engenharia Electronica,1,23,M,15.5
20268091,Alberto Jaime,Engenharia de Redes,1,29,M,10.3
20268092,Teresa Carlos,Engenharia Informatica,1,22,F,15.2
20268093,Carlos Jose,Engenharia Telecomunicacoes,1,23,F,10.4
20268094,Helena Augusto,Engenharia Informatica,3,22,M,18.9
20268095,Edson Mateus,Engenharia Informatica,3,29,F,17.7
20268096,Sonia Armando,Engenharia Telecomunicacoes,4,18,M,5.7
20268097,Ana Manuel,Engenharia Telecomunicacoes,1,24,M,6.4
20268098,Joao Alberto,Engenharia Informatica,3,26,F,11.2
20268099,Teresa Carlos,Engenharia Electronica,1,20,F,17.6
20268100,Marta Paulo,Engenharia de Redes,4,21,F,19.6
20268101,Alberto Jaime,Engenharia de Redes,4,22,M,5.3
20268102,Carlos Jose,Engenharia Electronica,2,30,M,10.1
20268103,Fatima Luis,Engenharia Informatica,3,30,M,10.3
20268104,Celina Ernesto,Engenharia Telecomunicacoes,3,17,F,17.3
20268105,Elsa Domingos,Engenharia Informatica,2,26,F,8.2
20268106,Alberto Jaime,Engenharia Electronica,4,24,M,18.2
20268107,Alberto Jaime,Engenharia Electronica,2,29,M,19.1
20268108,Lucia Joaquim,Engenharia Telecomunicacoes,3,27,M,9.3
20268109,Samuel Ernesto,Engenharia Telecomunicacoes,4,17,F,7.6
20268110,Rosa Fernando,Engenharia Informatica,1,20,M,13.1
20268111,Ana Manuel,Engenharia Informatica,1,20,F,17.0
20268112,Ana Manuel,Engenharia Telecomunicacoes,2,21,F,17.2
20268113,Elsa Domingos,Engenharia Informatica,1,26,M,10.2
20268114,Teresa Carlos,Engenharia Electronica,1,23,M,6.3
20268115,Ana Manuel,Engenharia de Redes,4,21,M,9.0
20268116,Samuel Ernesto,Engenharia Informatica,3,20,M,16.2
20268117,Elsa Domingos,Engenharia Informatica,4,27,F,6.9
20268118,Pedro Tomas,Engenharia de Redes,4,19,M,6.6
20268119,Lucia Joaquim,Engenharia Electronica,1,19,M,5.3
20268120,Pedro Tomas,Engenharia Electronica,4,22,M,13.8
20268121,Marta Paulo,Engenharia Electronica,4,25,M,18.5
20268122,Samuel Ernesto,Engenharia Telecomunicacoes,2,27,M,19.7
20268123,Antonio Salvador,Engenharia Telecomunicacoes,1,25,F,7.6
20268124,Dario Miguel,Engenharia Electronica,4,23,F,16.8
20268125,Edson Mateus,Engenharia Electronica,3,20,F,15.0
20268126,Rosa Fernando,Engenharia Telecomunicacoes,4,29,F,14.3
20268127,Carlos Jose,Engenharia Electronica,4,22,F,16.7
20268128,Rosa Fernando,Engenharia Electronica,4,23,F,6.6
20268129,Fatima Luis,Engenharia Electronica,2,28,F,5.2
20268130,Edson Mateus,Engenharia Telecomunicacoes,4,25,M,7.4
20268131,Fatima Luis,Engenharia Electronica,4,28,F,9.8
20268132,Pedro Tomas,Engenharia Informatica,4,24,M,16.0
20268133,Teresa Carlos,Engenharia de Redes,1,18,F,10.7
20268134,Manuel Sergio,Engenharia Electronica,4,25,F,15.6
20268135,Celina Ernesto,Engenharia Electronica,4,22,F,16.3
20268136,Fatima Luis,Engenharia Electronica,3,28,F,14.4
20268137,Edson Mateus,Engenharia Electronica,3,17,F,18.2
20268138,Dario Miguel,Engenharia de Redes,2,25,F,16.2
20268139,Elsa Domingos,Engenharia de Redes,1,25,F,20.0
20268140,Edson Mateus,Engenharia de Redes,1,19,M,16.9
20268141,Nelson Mario,Engenharia Telecomunicacoes,2,30,F,10.2
20268142,Fatima Luis,Engenharia Informatica,4,17,M,18.4
20268143,Joao Alberto,Engenharia Informatica,3,28,M,12.7
20268144,Ana Manuel,Engenharia Informatica,3,17,F,18.7
20268145,Nelson Mario,Engenharia Electronica,3,18,F,14.1
20268146,Celina Ernesto,Engenharia Electronica,3,21,F,12.6
20268147,Fatima Luis,Engenharia de Redes,1,21,M,16.3
20268148,Edson Mateus,Engenharia Telecomunicacoes,3,17,M,17.0
20268149,Edson Mateus,Engenharia Telecomunicacoes,2,17,F,13.9
20268150,Carlos Jose,Engenharia Informatica,4,25,M,11.7
20268151,Lucia Joaquim,Engenharia Electronica,1,17,M,7.9
20268152,Lucia Joaquim,Engenharia de Redes,4,28,F,14.8
20268153,Elsa Domingos,Engenharia de Redes,2,20,M,6.0
20268154,Pedro Tomas,Engenharia Electronica,4,21,F,19.9
20268155,Marta Paulo,Engenharia de Redes,2,19,M,11.6
20268156,Marta Paulo,Engenharia Electronica,2,28,M,14.8
20268157,Manuel Sergio,Engenharia Electronica,3,18,M,12.9
20268158,Rosa Fernando,Engenharia Electronica,4,24,F,5.9
20268159,Elsa Domingos,Engenharia Informatica,3,30,M,5.4
20268160,Alberto Jaime,Engenharia Electronica,1,26,M,9.6
20268161,Carlos Jose,Engenharia Informatica,2,22,M,15.1
20268162,Fatima Luis,Engenharia Electronica,4,30,F,11.7
20268163,Nelson Mario,Engenharia de Redes,4,24,M,9.9
20268164,Ana Manuel,Engenharia Telecomunicacoes,2,21,M,16.4
20268165,Edson Mateus,Engenharia Electronica,1,20,M,9.1
20268166,Ana Manuel,Engenharia Telecomunicacoes,2,23,M,17.0
20268167,Manuel Sergio,Engenharia Electronica,2,26,F,18.7
20268168,Elsa Domingos,Engenharia de Redes,3,23,F,11.8
20268169,Sonia Armando,Engenharia Electronica,3,17,F,16.7
20268170,Helena Augusto,Engenharia Telecomunicacoes,4,22,M,9.9
20268171,Elsa Domingos,Engenharia Electronica,2,19,F,17.8
20268172,Sonia Armando,Engenharia de Redes,1,22,M,18.3
20268173,Alberto Jaime,Engenharia de Redes,3,25,F,14.2
20268174,Ana Manuel,Engenharia Informatica,4,23,F,17.5
20268175,Carlos Jose,Engenharia Electronica,2,25,M,18.6
20268176,Celina Ernesto,Engenharia de Redes,1,30,M,16.5
20268177,Teresa Carlos,Engenharia Telecomunicacoes,3,27,M,8.4
20268178,Celina Ernesto,Engenharia de Redes,2,25,M,9.7
20268179,Pedro Tomas,Engenharia Electronica,1,19,M,17.3
20268180,Dario Miguel,Engenharia Informatica,3,28,M,12.7
20268181,Elsa Domingos,Engenharia Informatica,4,23,F,18.3
20268182,Sonia Armando,Engenharia Telecomunicacoes,4,19,M,11.6
20268183,Rosa Fernando,Engenharia Informatica,1,22,M,13.2
20268184,Fatima Luis,Engenharia de Redes,1,22,M,6.8
20268185,Elsa Domingos,Engenharia Telecomunicacoes,1,28,M,8.2
20268186,Alberto Jaime,Engenharia Informatica,2,28,M,8.0
20268187,Edson Mateus,Engenharia Informatica,2,18,F,11.0
20268188,Manuel Sergio,Engenharia Informatica,4,19,M,16.2
20268189,Elsa Domingos,Engenharia de Redes,4,23,F,19.0
20268190,Marta Paulo,Engenharia Telecomunicacoes,2,21,M,13.5
20268191,Pedro Tomas,Engenharia Telecomunicacoes,3,24,M,14.8
20268192,Dario Miguel,Engenharia de Redes,4,17,M,6.5
20268193,Rosa Fernando,Engenharia Informatica,3,25,M,11.9
20268194,Celina Ernesto,Engenharia Electronica,4,25,M,15.4
20268195,Fatima Luis,Engenharia Electronica,2,26,F,19.7
20268196,Ana Manuel,Engenharia Telecomunicacoes,3,29,F,8.3
20268197,Rosa Fernando,Engenharia Telecomunicacoes,3,22,M,6.9
20268198,Edson Mateus,Engenharia de Redes,1,18,M,18.1
20268199,Teresa Carlos,Engenharia Telecomunicacoes,2,18,F,17.4
20268200,Lucia Joaquim,Engenharia Informatica,4,18,F,11.8
20268201,Ana Manuel,Engenharia de Redes,4,24,M,19.6
20268202,Samuel Ernesto,Engenharia Telecomunicacoes,1,20,F,16.9
20268203,Elsa Domingos,Engenharia Electronica,3,20,F,7.9
20268204,Edson Mateus,Engenharia Telecomunicacoes,3,22,F,17.8
20268205,Antonio Salvador,Engenharia Telecomunicacoes,2,28,F,17.2
20268206,Marta Paulo,Engenharia Informatica,1,19,M,19.2
20268207,Elsa Domingos,Engenharia de Redes,3,29,F,9.4
20268208,Helena Augusto,Engenharia Electronica,4,24,F,8.5
20268209,Alberto Jaime,Engenharia Informatica,3,23,F,10.5
20268210,Fatima Luis,Engenharia Telecomunicacoes,1,18,M,17.0
20268211,Fatima Luis,Engenharia Electronica,3,22,M,17.1
20268212,Fatima Luis,Engenharia de Redes,4,26,F,11.6
20268213,Manuel Sergio,Engenharia Telecomunicacoes,4,27,M,19.7
20268214,Edson Mateus,Engenharia Electronica,1,17,M,19.0
20268215,Fatima Luis,Engenharia Telecomunicacoes,4,30,M,16.4
20268216,Helena Augusto,Engenharia Telecomunicacoes,1,23,F,9.1
20268217,Helena Augusto,Engenharia Electronica,2,26,F,16.3
20268218,Marta Paulo,Engenharia Telecomunicacoes,3,24,M,19.4
20268219,Lucia Joaquim,Engenharia Informatica,4,26,M,13.1
20268220,Pedro Tomas,Engenharia Informatica,2,25,M,7.0
20268221,Joao Alberto,Engenharia Informatica,2,17,F,12.7
20268222,Helena Augusto,Engenharia Telecomunicacoes,1,18,M,18.3
20268223,Antonio Salvador,Engenharia Electronica,3,24,M,6.2
20268224,Dario Miguel,Engenharia Informatica,4,25,F,19.3
20268225,Carlos Jose,Engenharia Electronica,1,17,M,15.2
20268226,Sonia Armando,Engenharia de Redes,1,18,F,6.8
20268227,Sonia Armando,Engenharia Telecomunicacoes,2,23,F,18.7
20268228,Alberto Jaime,Engenharia Electronica,2,19,F,16.0
20268229,Joao Alberto,Engenharia Informatica,3,21,M,14.3
20268230,Samuel Ernesto,Engenharia Telecomunicacoes,1,29,M,13.9
20268231,Joao Alberto,Engenharia de Redes,1,26,F,8.5
20268232,Edson Mateus,Engenharia Informatica,4,27,M,9.8
20268233,Helena Augusto,Engenharia Telecomunicacoes,1,30,M,19.7
20268234,Edson Mateus,Engenharia Telecomunicacoes,4,17,F,18.3
20268235,Marta Paulo,Engenharia de Redes,1,18,F,10.1
20268236,Fatima Luis,Engenharia de Redes,1,26,M,9.4
20268237,Samuel Ernesto,Engenharia Electronica,3,27,F,14.8
20268238,Samuel Ernesto,Engenharia de Redes,2,19,F,5.0
20268239,Helena Augusto,Engenharia de Redes,1,18,M,7.9
20268240,Fatima Luis,Engenharia Informatica,3,20,F,16.9
20268241,Antonio Salvador,Engenharia de Redes,2,21,F,18.0
20268242,Edson Mateus,Engenharia de Redes,1,21,M,9.1
20268243,Lucia Joaquim,Engenharia Electronica,3,18,M,13.6
20268244,Fatima Luis,Engenharia Telecomunicacoes,3,17,M,18.4
20268245,Rosa Fernando,Engenharia Electronica,1,18,F,10.5
20268246,Helena Augusto,Engenharia Informatica,1,20,F,15.4
20268247,Elsa Domingos,Engenharia de Redes,4,27,F,14.4
20268248,Antonio Salvador,Engenharia Telecomunicacoes,1,25,M,15.1
20268249,Elsa Domingos,Engenharia Informatica,3,28,F,14.1
20268250,Celina Ernesto,Engenharia Informatica,1,29,F,9.9
20268251,Dario Miguel,Engenharia Electronica,4,25,F,14.1
20268252,Dario Miguel,Engenharia Informatica,2,24,F,8.2
20268253,Alberto Jaime,Engenharia Telecomunicacoes,1,19,F,10.5
20268254,Dario Miguel,Engenharia de Redes,3,25,M,8.1
20268255,Carlos Jose,Engenharia de Redes,3,25,M,19.2
20268256,Marta Paulo,Engenharia Telecomunicacoes,3,17,M,15.4
20268257,Joao Alberto,Engenharia Electronica,1,22,F,16.2
20268258,Dario Miguel,Engenharia Informatica,2,28,M,6.1
20268259,Carlos Jose,Engenharia Informatica,1,21,M,9.6
20268260,Joao Alberto,Engenharia Telecomunicacoes,2,27,M,12.6
20268261,Joao Alberto,Engenharia Informatica,3,27,M,7.5
20268262,Lucia Joaquim,Engenharia Telecomunicacoes,4,19,M,17.6
20268263,Manuel Sergio,Engenharia Informatica,3,21,F,19.1
20268264,Helena Augusto,Engenharia de Redes,1,18,F,14.2
20268265,Celina Ernesto,Engenharia Informatica,3,19,M,6.6
20268266,Manuel Sergio,Engenharia Informatica,1,18,M,12.7
20268267,Nelson Mario,Engenharia Telecomunicacoes,3,29,F,14.0
20268268,Lucia Joaquim,Engenharia Telecomunicacoes,4,30,F,7.0
20268269,Elsa Domingos,Engenharia de Redes,3,25,F,18.8
20268270,Carlos Jose,Engenharia Informatica,1,18,F,15.6
20268271,Nelson Mario,Engenharia Informatica,1,23,M,13.7
20268272,Elsa Domingos,Engenharia Electronica,3,27,M,14.8
20268273,Nelson Mario,Engenharia Telecomunicacoes,2,25,F,10.8
20268274,Edson Mateus,Engenharia Informatica,3,20,M,9.2
20268275,Pedro Tomas,Engenharia Telecomunicacoes,1,28,M,9.0
20268276,Samuel Ernesto,Engenharia Informatica,3,20,F,10.1
20268277,Samuel Ernesto,Engenharia Electronica,1,26,M,7.4
20268278,Marta Paulo,Engenharia de Redes,2,23,F,10.0
20268279,Rosa Fernando,Engenharia de Redes,2,18,F,15.5
20268280,Alberto Jaime,Engenharia Telecomunicacoes,4,21,F,19.3
20268281,Antonio Salvador,Engenharia Informatica,3,28,M,18.6
20268282,Helena Augusto,Engenharia Informatica,3,22,M,6.4
20268283,Edson Mateus,Engenharia Electronica,3,19,M,8.8
20268284,Lucia Joaquim,Engenharia Telecomunicacoes,2,18,M,8.0
20268285,Dario Miguel,Engenharia Electronica,2,21,M,18.9
20268286,Pedro Tomas,Engenharia Informatica,2,17,F,14.3
20268287,Rosa Fernando,Engenharia Telecomunicacoes,4,22,F,14.8
20268288,Nelson Mario,Engenharia Electronica,2,17,M,14.4
20268289,Alberto Jaime,Engenharia Informatica,2,18,M,10.4
20268290,Elsa Domingos,Engenharia Telecomunicacoes,3,20,F,8.3
20268291,Celina Ernesto,Engenharia Electronica,1,20,F,5.2
20268292,Joao Alberto,Engenharia Telecomunicacoes,1,21,M,9.5
20268293,Edson Mateus,Engenharia Telecomunicacoes,1,21,F,12.0
20268294,Alberto Jaime,Engenharia Informatica,3,22,F,16.1
20268295,Alberto Jaime,Engenharia de Redes,1,27,F,11.4
20268296,Edson Mateus,Engenharia de Redes,4,26,M,14.2
20268297,Teresa Carlos,Engenharia de Redes,2,22,M,15.1
20268298,Manuel Sergio,Engenharia Electronica,1,18,F,10.2
20268299,Rosa Fernando,Engenharia de Redes,3,26,M,11.8
20268300,Rosa Fernando,Engenharia de Redes,2,20,M,12.6
20268301,Carlos Jose,Engenharia de Redes,1,18,M,12.5
20268302,Carlos Jose,Engenharia Electronica,2,19,F,6.4
20268303,Celina Ernesto,Engenharia de Redes,1,28,M,7.1
20268304,Antonio Salvador,Engenharia Telecomunicacoes,2,27,F,8.2
20268305,Dario Miguel,Engenharia Informatica,3,20,F,6.7
20268306,Marta Paulo,Engenharia de Redes,4,28,M,9.6
20268307,Edson Mateus,Engenharia de Redes,4,17,M,6.7
20268308,Samuel Ernesto,Engenharia Electronica,1,29,F,6.8
20268309,Alberto Jaime,Engenharia de Redes,2,20,F,18.7
20268310,Alberto Jaime,Engenharia Informatica,3,27,M,19.0
20268311,Teresa Carlos,Engenharia de Redes,1,19,M,9.5
20268312,Fatima Luis,Engenharia de Redes,2,28,M,10.1
20268313,Teresa Carlos,Engenharia Electronica,4,28,F,11.7
20268314,Sonia Armando,Engenharia de Redes,4,22,F,12.8
20268315,Ana Manuel,Engenharia Electronica,4,27,F,6.0
20268316,Alberto Jaime,Engenharia Electronica,3,21,F,5.9
20268317,Alberto Jaime,Engenharia Electronica,3,19,M,9.6
20268318,Nelson Mario,Engenharia de Redes,2,23,M,11.4
20268319,Carlos Jose,Engenharia Electronica,3,25,M,16.8
20268320,Rosa Fernando,Engenharia Informatica,1,25,F,11.1
20268321,Teresa Carlos,Engenharia Telecomunicacoes,4,28,M,14.7
20268322,Edson Mateus,Engenharia de Redes,4,21,M,11.6
20268323,Teresa Carlos,Engenharia Electronica,3,28,F,11.9
20268324,Nelson Mario,Engenharia Telecomunicacoes,1,27,F,9.8
20268325,Alberto Jaime,Engenharia Electronica,3,18,F,16.9
20268326,Sonia Armando,Engenharia Electronica,3,27,M,14.0
20268327,Ana Manuel,Engenharia de Redes,1,24,M,14.6
20268328,Edson Mateus,Engenharia Electronica,3,20,F,19.9
20268329,Marta Paulo,Engenharia de Redes,2,18,M,6.6
20268330,Alberto Jaime,Engenharia Telecomunicacoes,3,26,F,6.6
20268331,Pedro Tomas,Engenharia Electronica,4,24,F,8.9
20268332,Antonio Salvador,Engenharia Electronica,3,29,F,9.9
20268333,Joao Alberto,Engenharia de Redes,4,21,M,11.5
20268334,Celina Ernesto,Engenharia de Redes,3,19,M,8.2
20268335,Edson Mateus,Engenharia Telecomunicacoes,2,29,F,5.4
20268336,Celina Ernesto,Engenharia Informatica,3,18,F,11.3
20268337,Helena Augusto,Engenharia de Redes,1,24,F,10.6
20268338,Pedro Tomas,Engenharia Informatica,1,28,M,12.7
20268339,Manuel Sergio,Engenharia Informatica,4,24,F,11.6
20268340,Antonio Salvador,Engenharia Informatica,1,26,F,19.9
20268341,Joao Alberto,Engenharia Electronica,4,28,F,16.8
20268342,Carlos Jose,Engenharia Electronica,1,23,M,5.6
20268343,Helena Augusto,Engenharia de Redes,1,27,M,18.7
20268344,Teresa Carlos,Engenharia Electronica,3,27,M,6.9
20268345,Elsa Domingos,Engenharia Electronica,3,18,F,18.6
20268346,Ana Manuel,Engenharia Informatica,2,17,M,12.4
20268347,Carlos Jose,Engenharia Electronica,1,29,M,7.2
20268348,Pedro Tomas,Engenharia Informatica,3,18,M,9.7
20268349,Samuel Ernesto,Engenharia de Redes,4,26,F,18.4
20268350,Manuel Sergio,Engenharia Informatica,3,25,M,10.3
20268351,Marta Paulo,Engenharia Electronica,2,21,F,7.7
20268352,Alberto Jaime,Engenharia Informatica,3,20,F,16.9
20268353,Carlos Jose,Engenharia de Redes,4,19,F,7.2
20268354,Rosa Fernando,Engenharia Electronica,3,25,F,16.0
20268355,Alberto Jaime,Engenharia Electronica,2,25,M,5.5
20268356,Alberto Jaime,Engenharia de Redes,4,27,M,19.3
20268357,Teresa Carlos,Engenharia Informatica,1,18,F,17.1
20268358,Carlos Jose,Engenharia Electronica,2,27,F,19.2
20268359,Teresa Carlos,Engenharia Telecomunicacoes,3,19,F,8.2
20268360,Alberto Jaime,Engenharia Electronica,1,21,M,16.9
20268361,Ana Manuel,Engenharia de Redes,2,27,F,9.0
20268362,Dario Miguel,Engenharia de Redes,3,23,F,9.2
20268363,Joao Alberto,Engenharia Telecomunicacoes,4,18,M,15.9
20268364,Antonio Salvador,Engenharia Electronica,3,19,M,13.8
20268365,Fatima Luis,Engenharia de Redes,1,19,F,18.3
20268366,Edson Mateus,Engenharia de Redes,1,28,M,14.2
20268367,Carlos Jose,Engenharia Electronica,4,27,M,6.1
20268368,Celina Ernesto,Engenharia de Redes,3,21,M,6.2
20268369,Carlos Jose,Engenharia Electronica,2,24,M,18.0
20268370,Pedro Tomas,Engenharia de Redes,4,17,M,5.2
20268371,Lucia Joaquim,Engenharia de Redes,2,20,M,17.3
20268372,Sonia Armando,Engenharia de Redes,3,29,M,19.7
20268373,Elsa Domingos,Engenharia Informatica,3,25,M,18.1
20268374,Marta Paulo,Engenharia Informatica,4,22,M,16.0
20268375,Pedro Tomas,Engenharia Telecomunicacoes,4,24,F,16.4
20268376,Marta Paulo,Engenharia de Redes,3,18,F,10.2
20268377,Pedro Tomas,Engenharia de Redes,2,29,F,11.1
20268378,Edson Mateus,Engenharia Telecomunicacoes,2,19,F,18.9
20268379,Nelson Mario,Engenharia Electronica,1,25,M,10.0
20268380,Alberto Jaime,Engenharia de Redes,1,24,M,10.6
20268381,Alberto Jaime,Engenharia Telecomunicacoes,2,27,M,17.9
20268382,Antonio Salvador,Engenharia Telecomunicacoes,4,23,F,12.5
20268383,Dario Miguel,Engenharia Telecomunicacoes,2,27,M,5.7
20268384,Fatima Luis,Engenharia Telecomunicacoes,4,25,F,10.9
20268385,Joao Alberto,Engenharia Electronica,2,30,M,11.2
20268386,Elsa Domingos,Engenharia de Redes,1,25,F,12.2
20268387,Antonio Salvador,Engenharia de Redes,3,20,F,5.4
20268388,Pedro Tomas,Engenharia Telecomunicacoes,4,22,F,14.2
20268389,Manuel Sergio,Engenharia Informatica,3,24,F,14.3
20268390,Dario Miguel,Engenharia Informatica,2,20,M,17.0
20268391,Sonia Armando,Engenharia Telecomunicacoes,1,20,M,9.3
20268392,Pedro Tomas,Engenharia de Redes,2,26,F,14.5
20268393,Manuel Sergio,Engenharia Electronica,3,21,F,12.5
20268394,Manuel Sergio,Engenharia Telecomunicacoes,2,28,F,19.1
20268395,Helena Augusto,Engenharia Telecomunicacoes,2,29,M,5.4
20268396,Alberto Jaime,Engenharia Telecomunicacoes,1,29,M,14.2
20268397,Joao Alberto,Engenharia de Redes,1,27,F,13.8
20268398,Teresa Carlos,Engenharia Informatica,1,21,F,14.4
20268399,Nelson Mario,Engenharia de Redes,2,24,F,19.9
20268400,Edson Mateus,Engenharia Electronica,2,19,M,10.4
20268401,Sonia Armando,Engenharia Telecomunicacoes,4,24,F,17.0
20268402,Alberto Jaime,Engenharia Telecomunicacoes,2,19,F,17.0
20268403,Antonio Salvador,Engenharia Telecomunicacoes,2,22,F,16.7
20268404,Elsa Domingos,Engenharia Telecomunicacoes,2,26,M,8.8
20268405,Joao Alberto,Engenharia Informatica,4,22,F,11.3
20268406,Dario Miguel,Engenharia de Redes,2,29,M,17.5
20268407,Lucia Joaquim,Engenharia Informatica,2,20,M,11.4
20268408,Ana Manuel,Engenharia Electronica,4,22,F,14.6
20268409,Elsa Domingos,Engenharia de Redes,3,24,F,19.6
20268410,Marta Paulo,Engenharia Informatica,2,19,F,11.8
20268411,Fatima Luis,Engenharia Informatica,1,25,M,19.6
20268412,Lucia Joaquim,Engenharia Electronica,1,29,M,19.1
20268413,Manuel Sergio,Engenharia Electronica,1,23,M,18.2
20268414,Manuel Sergio,Engenharia Electronica,3,26,F,19.1
20268415,Samuel Ernesto,Engenharia de Redes,4,26,M,11.1
20268416,Pedro Tomas,Engenharia Telecomunicacoes,2,23,M,19.8
20268417,Helena Augusto,Engenharia Electronica,1,30,M,8.5
20268418,Ana Manuel,Engenharia Electronica,2,27,M,19.6
20268419,Edson Mateus,Engenharia Informatica,4,19,M,8.0
20268420,Alberto Jaime,Engenharia de Redes,4,29,M,15.6
20268421,Sonia Armando,Engenharia Telecomunicacoes,2,19,F,17.9
20268422,Edson Mateus,Engenharia Telecomunicacoes,1,29,M,7.9
20268423,Teresa Carlos,Engenharia Informatica,1,20,M,11.7
20268424,Joao Alberto,Engenharia de Redes,3,18,F,14.9
20268425,Helena Augusto,Engenharia Electronica,2,28,M,5.2
20268426,Fatima Luis,Engenharia Telecomunicacoes,2,24,F,5.4
20268427,Lucia Joaquim,Engenharia Telecomunicacoes,3,18,F,9.8
20268428,Manuel Sergio,Engenharia Telecomunicacoes,3,20,F,15.5
20268429,Marta Paulo,Engenharia Informatica,4,20,F,16.4
20268430,Sonia Armando,Engenharia de Redes,1,28,M,18.1
20268431,Fatima Luis,Engenharia Telecomunicacoes,2,22,M,6.6
20268432,Manuel Sergio,Engenharia Telecomunicacoes,2,17,M,18.8
20268433,Celina Ernesto,Engenharia Electronica,3,29,F,7.6
20268434,Teresa Carlos,Engenharia Electronica,3,24,F,15.1
20268435,Manuel Sergio,Engenharia Informatica,1,23,F,10.5
20268436,Edson Mateus,Engenharia Telecomunicacoes,1,21,M,8.7
20268437,Manuel Sergio,Engenharia Electronica,1,20,F,18.8
20268438,Manuel Sergio,Engenharia Informatica,2,23,M,15.4
20268439,Elsa Domingos,Engenharia Informatica,4,18,M,17.4
20268440,Lucia Joaquim,Engenharia Electronica,2,20,M,15.2
20268441,Alberto Jaime,Engenharia Telecomunicacoes,4,24,F,6.9
20268442,Sonia Armando,Engenharia de Redes,1,23,M,19.4
20268443,Marta Paulo,Engenharia Telecomunicacoes,1,24,M,17.8
20268444,Elsa Domingos,Engenharia de Redes,2,26,M,11.7
20268445,Celina Ernesto,Engenharia Informatica,3,18,M,7.5
20268446,Fatima Luis,Engenharia Informatica,1,27,M,18.3
20268447,Dario Miguel,Engenharia de Redes,3,28,M,15.4
20268448,Alberto Jaime,Engenharia Electronica,1,29,F,14.1
20268449,Celina Ernesto,Engenharia Electronica,3,20,F,11.8
20268450,Lucia Joaquim,Engenharia Electronica,1,21,M,17.6
20268451,Manuel Sergio,Engenharia Informatica,3,28,F,13.1
20268452,Sonia Armando,Engenharia Informatica,2,26,M,6.9
20268453,Elsa Domingos,Engenharia de Redes,3,21,M,11.6
20268454,Helena Augusto,Engenharia Informatica,3,18,M,6.9
20268455,Carlos Jose,Engenharia Electronica,4,20,M,15.2
20268456,Carlos Jose,Engenharia Telecomunicacoes,3,27,M,7.4
20268457,Teresa Carlos,Engenharia Telecomunicacoes,2,18,F,7.2
20268458,Samuel Ernesto,Engenharia de Redes,4,25,F,18.4
20268459,Edson Mateus,Engenharia Telecomunicacoes,3,25,M,14.3
20268460,Joao Alberto,Engenharia de Redes,4,23,F,12.7
20268461,Teresa Carlos,Engenharia de Redes,2,19,M,15.7
20268462,Sonia Armando,Engenharia Telecomunicacoes,4,28,M,7.9
20268463,Elsa Domingos,Engenharia Telecomunicacoes,4,18,F,11.9
20268464,Joao Alberto,Engenharia de Redes,3,30,F,19.5
20268465,Lucia Joaquim,Engenharia Electronica,3,20,M,18.9
20268466,Carlos Jose,Engenharia de Redes,3,25,F,14.1
20268467,Dario Miguel,Engenharia de Redes,2,29,F,14.1
20268468,Rosa Fernando,Engenharia Telecomunicacoes,3,22,M,6.8
20268469,Helena Augusto,Engenharia Telecomunicacoes,3,20,F,9.7
20268470,Helena Augusto,Engenharia Informatica,3,19,F,10.3
20268471,Edson Mateus,Engenharia Informatica,4,24,M,7.2
20268472,Celina Ernesto,Engenharia Electronica,4,21,F,9.6
20268473,Antonio Salvador,Engenharia Telecomunicacoes,4,27,M,19.9
20268474,Ana Manuel,Engenharia Telecomunicacoes,3,21,M,11.5
20268475,Nelson Mario,Engenharia Informatica,4,29,M,13.6
20268476,Samuel Ernesto,Engenharia de Redes,3,18,F,13.7
20268477,Elsa Domingos,Engenharia Electronica,1,26,M,5.3
20268478,Pedro Tomas,Engenharia Telecomunicacoes,3,29,M,6.5
20268479,Carlos Jose,Engenharia Electronica,1,28,F,12.5
20268480,Teresa Carlos,Engenharia Telecomunicacoes,2,19,F,13.8
20268481,Lucia Joaquim,Engenharia Informatica,2,26,F,5.1
20268482,Helena Augusto,Engenharia Electronica,1,18,F,9.6
20268483,Sonia Armando,Engenharia de Redes,2,26,F,15.6
20268484,Antonio Salvador,Engenharia Electronica,2,20,M,12.6
20268485,Samuel Ernesto,Engenharia Informatica,3,26,M,10.2
20268486,Edson Mateus,Engenharia Electronica,4,25,M,9.3
20268487,Elsa Domingos,Engenharia Telecomunicacoes,2,20,F,16.7
20268488,Dario Miguel,Engenharia Electronica,4,22,F,13.6
20268489,Carlos Jose,Engenharia Telecomunicacoes,3,25,F,16.9
20268490,Dario Miguel,Engenharia Telecomunicacoes,3,18,F,5.6
20268491,Manuel Sergio,Engenharia Informatica,4,27,M,14.9
20268492,Sonia Armando,Engenharia Informatica,2,22,F,18.1
20268493,Edson Mateus,Engenharia Informatica,4,27,M,16.1
20268494,Fatima Luis,Engenharia Telecomunicacoes,3,28,F,19.0
20268495,Carlos Jose,Engenharia de Redes,1,25,F,17.5
20268496,Joao Alberto,Engenharia Telecomunicacoes,1,29,M,15.1
20268497,Manuel Sergio,Engenharia Telecomunicacoes,2,20,F,12.9
20268498,Elsa Domingos,Engenharia de Redes,1,27,F,14.9
20268499,Ana Manuel,Engenharia Informatica,2,30,F,18.8
20268500,Dario Miguel,Engenharia Telecomunicacoes,4,26,M,18.6
20268501,Celina Ernesto,Engenharia Electronica,4,26,M,8.6
20268502,Antonio Salvador,Engenharia de Redes,3,21,F,18.6
20268503,Samuel Ernesto,Engenharia Telecomunicacoes,3,21,M,15.4
20268504,Teresa Carlos,Engenharia de Redes,2,26,M,7.4
20268505,Ana Manuel,Engenharia Telecomunicacoes,2,25,M,19.5
20268506,Celina Ernesto,Engenharia Informatica,2,18,M,14.5
20268507,Samuel Ernesto,Engenharia Informatica,3,22,F,14.1
20268508,Samuel Ernesto,Engenharia Informatica,2,26,M,16.5
20268509,Celina Ernesto,Engenharia de Redes,2,26,M,8.5
20268510,Marta Paulo,Engenharia Informatica,4,30,M,8.4
20268511,Fatima Luis,Engenharia Telecomunicacoes,4,23,M,17.3
20268512,Edson Mateus,Engenharia Informatica,2,28,M,13.6
20268513,Elsa Domingos,Engenharia Telecomunicacoes,2,25,M,13.2
20268514,Lucia Joaquim,Engenharia Telecomunicacoes,1,18,F,15.2
20268515,Joao Alberto,Engenharia Electronica,3,21,M,13.3
20268516,Edson Mateus,Engenharia de Redes,2,17,M,9.1
20268517,Antonio Salvador,Engenharia Informatica,4,17,F,15.2
20268518,Pedro Tomas,Engenharia Informatica,4,24,M,14.2
20268519,Carlos Jose,Engenharia Telecomunicacoes,3,29,M,16.2
20268520,Samuel Ernesto,Engenharia Telecomunicacoes,1,17,F,7.6
20268521,Sonia Armando,Engenharia Informatica,1,20,M,7.0
20268522,Marta Paulo,Engenharia Informatica,2,29,M,7.6
20268523,Lucia Joaquim,Engenharia de Redes,3,22,F,7.3
20268524,Fatima Luis,Engenharia de Redes,1,27,F,12.4
20268525,Samuel Ernesto,Engenharia de Redes,2,20,F,17.0
20268526,Pedro Tomas,Engenharia Electronica,1,24,M,11.4
20268527,Dario Miguel,Engenharia Telecomunicacoes,1,19,M,9.3
20268528,Pedro Tomas,Engenharia Informatica,2,20,M,10.5
20268529,Antonio Salvador,Engenharia Telecomunicacoes,3,23,M,11.0
20268530,Marta Paulo,Engenharia Telecomunicacoes,3,30,F,13.8
20268531,Helena Augusto,Engenharia Electronica,3,18,M,12.5
20268532,Fatima Luis,Engenharia de Redes,4,30,F,16.3
20268533,Dario Miguel,Engenharia Telecomunicacoes,3,23,M,16.5
20268534,Antonio Salvador,Engenharia de Redes,3,24,M,11.3
20268535,Antonio Salvador,Engenharia Electronica,4,24,F,9.8
20268536,Dario Miguel,Engenharia de Redes,3,30,F,10.9
20268537,Samuel Ernesto,Engenharia de Redes,3,30,M,6.0
20268538,Antonio Salvador,Engenharia Informatica,3,26,F,18.1
20268539,Lucia Joaquim,Engenharia de Redes,4,17,M,18.1
20268540,Manuel Sergio,Engenharia Electronica,4,26,M,14.3
20268541,Carlos Jose,Engenharia Informatica,3,28,M,11.1
20268542,Ana Manuel,Engenharia de Redes,2,25,F,12.6
20268543,Carlos Jose,Engenharia Electronica,1,23,F,16.4
20268544,Lucia Joaquim,Engenharia Informatica,2,17,F,7.7
20268545,Pedro Tomas,Engenharia Informatica,2,29,F,13.4
20268546,Pedro Tomas,Engenharia Electronica,3,28,M,19.7
20268547,Celina Ernesto,Engenharia de Redes,4,20,M,19.3
20268548,Joao Alberto,Engenharia Electronica,4,21,M,14.5
20268549,Lucia Joaquim,Engenharia Informatica,2,27,M,9.1
20268550,Dario Miguel,Engenharia Telecomunicacoes,3,20,F,10.0
20268551,Edson Mateus,Engenharia Informatica,4,26,M,8.3
20268552,Antonio Salvador,Engenharia Electronica,2,19,M,14.8
20268553,Lucia Joaquim,Engenharia Informatica,2,17,F,6.0
20268554,Marta Paulo,Engenharia de Redes,3,29,M,8.7
20268555,Marta Paulo,Engenharia Informatica,1,21,M,8.6
20268556,Manuel Sergio,Engenharia Informatica,1,30,F,9.7
20268557,Ana Manuel,Engenharia Electronica,3,26,M,14.5
20268558,Joao Alberto,Engenharia de Redes,3,17,F,17.7
20268559,Antonio Salvador,Engenharia de Redes,3,29,F,8.9
20268560,Edson Mateus,Engenharia Electronica,3,19,F,5.2
20268561,Edson Mateus,Engenharia Telecomunicacoes,1,27,M,17.2
20268562,Teresa Carlos,Engenharia Telecomunicacoes,4,22,M,13.6
20268563,Rosa Fernando,Engenharia de Redes,2,22,M,5.5
20268564,Antonio Salvador,Engenharia Electronica,1,22,F,14.1
20268565,Helena Augusto,Engenharia Telecomunicacoes,4,22,M,16.4
20268566,Ana Manuel,Engenharia de Redes,4,27,F,19.8
20268567,Elsa Domingos,Engenharia Informatica,4,26,M,6.7
20268568,Antonio Salvador,Engenharia Informatica,2,30,M,16.8
20268569,Dario Miguel,Engenharia Telecomunicacoes,4,30,M,19.7
20268570,Antonio Salvador,Engenharia Electronica,2,24,M,16.1
20268571,Manuel Sergio,Engenharia Telecomunicacoes,2,23,F,17.3
20268572,Elsa Domingos,Engenharia Electronica,1,23,F,17.8
20268573,Pedro Tomas,Engenharia de Redes,4,18,F,5.2
20268574,Nelson Mario,Engenharia Electronica,1,27,F,5.4
20268575,Samuel Ernesto,Engenharia Electronica,3,26,M,13.8
20268576,Lucia Joaquim,Engenharia de Redes,2,28,M,14.0
20268577,Fatima Luis,Engenharia Electronica,4,20,F,12.1
20268578,Helena Augusto,Engenharia Electronica,1,20,M,18.4
20268579,Teresa Carlos,Engenharia de Redes,1,18,F,14.4
20268580,Marta Paulo,Engenharia Informatica,2,20,M,14.2
20268581,Pedro Tomas,Engenharia Telecomunicacoes,2,18,M,8.5
20268582,Sonia Armando,Engenharia Informatica,4,17,M,18.2
20268583,Joao Alberto,Engenharia Telecomunicacoes,4,25,M,16.6
20268584,Manuel Sergio,Engenharia Telecomunicacoes,2,28,M,16.4
20268585,Samuel Ernesto,Engenharia Informatica,1,20,F,7.6
20268586,Carlos Jose,Engenharia Telecomunicacoes,2,17,M,9.2
20268587,Edson Mateus,Engenharia Telecomunicacoes,3,18,M,12.7
20268588,Dario Miguel,Engenharia Informatica,4,21,M,12.1
20268589,Carlos Jose,Engenharia Electronica,2,27,M,19.9
20268590,Helena Augusto,Engenharia Informatica,1,28,F,12.7
20268591,Pedro Tomas,Engenharia Telecomunicacoes,3,29,F,12.5
20268592,Joao Alberto,Engenharia Telecomunicacoes,1,20,M,12.4
20268593,Sonia Armando,Engenharia Telecomunicacoes,3,17,F,19.8
20268594,Carlos Jose,Engenharia Electronica,4,26,F,10.0
20268595,Marta Paulo,Engenharia de Redes,2,20,F,18.8
20268596,Teresa Carlos,Engenharia Informatica,2,23,F,16.4
20268597,Carlos Jose,Engenharia Informatica,3,30,F,14.2
20268598,Alberto Jaime,Engenharia de Redes,3,21,M,7.6
20268599,Marta Paulo,Engenharia de Redes,4,17,F,11.3
20268600,Carlos Jose,Engenharia Telecomunicacoes,1,30,F,9.0
20268601,Rosa Fernando,Engenharia de Redes,4,21,M,15.0
20268602,Fatima Luis,Engenharia de Redes,2,30,F,6.7
20268603,Nelson Mario,Engenharia Electronica,1,27,F,6.6
20268604,Sonia Armando,Engenharia Electronica,4,25,M,5.4
20268605,Celina Ernesto,Engenharia Informatica,3,25,M,10.3
20268606,Helena Augusto,Engenharia Electronica,4,19,M,9.4
20268607,Celina Ernesto,Engenharia Informatica,3,24,M,16.8
20268608,Edson Mateus,Engenharia Telecomunicacoes,1,24,M,11.2
20268609,Helena Augusto,Engenharia Electronica,1,21,M,9.9
20268610,Edson Mateus,Engenharia Electronica,3,21,M,15.4
20268611,Antonio Salvador,Engenharia de Redes,3,25,F,17.0
20268612,Lucia Joaquim,Engenharia Telecomunicacoes,3,19,M,9.5
20268613,Lucia Joaquim,Engenharia Informatica,2,17,M,8.6
20268614,Marta Paulo,Engenharia de Redes,3,19,F,8.6
20268615,Samuel Ernesto,Engenharia Informatica,2,29,M,15.5
20268616,Samuel Ernesto,Engenharia de Redes,3,21,F,14.2
20268617,Alberto Jaime,Engenharia de Redes,4,19,M,16.1
20268618,Antonio Salvador,Engenharia Electronica,2,19,M,6.7
20268619,Lucia Joaquim,Engenharia Informatica,2,30,F,9.1
20268620,Joao Alberto,Engenharia Telecomunicacoes,3,24,F,7.7
20268621,Rosa Fernando,Engenharia Telecomunicacoes,1,24,M,18.7
20268622,Samuel Ernesto,Engenharia de Redes,3,20,M,5.7
20268623,Carlos Jose,Engenharia de Redes,2,19,F,13.9
20268624,Samuel Ernesto,Engenharia de Redes,4,20,F,19.3
20268625,Pedro Tomas,Engenharia Informatica,1,25,M,18.7
20268626,Fatima Luis,Engenharia de Redes,3,22,F,19.5
20268627,Nelson Mario,Engenharia Telecomunicacoes,1,25,M,17.0
20268628,Antonio Salvador,Engenharia Informatica,1,25,M,16.5
20268629,Helena Augusto,Engenharia Informatica,1,18,M,7.7
20268630,Joao Alberto,Engenharia de Redes,2,21,F,16.7
20268631,Ana Manuel,Engenharia de Redes,3,20,F,14.9
20268632,Helena Augusto,Engenharia Electronica,3,20,M,7.9
20268633,Edson Mateus,Engenharia de Redes,1,29,M,6.9
20268634,Ana Manuel,Engenharia Electronica,1,30,F,7.8
20268635,Celina Ernesto,Engenharia Electronica,2,30,F,18.0
20268636,Samuel Ernesto,Engenharia Informatica,4,20,F,10.6
20268637,Nelson Mario,Engenharia Telecomunicacoes,3,27,F,5.1
20268638,Teresa Carlos,Engenharia de Redes,2,21,M,12.2
20268639,Nelson Mario,Engenharia Informatica,4,18,F,6.3
20268640,Pedro Tomas,Engenharia Electronica,4,26,M,19.0
20268641,Marta Paulo,Engenharia Informatica,2,21,F,13.5
20268642,Teresa Carlos,Engenharia Telecomunicacoes,4,29,F,19.9
20268643,Edson Mateus,Engenharia Electronica,2,17,M,10.8
20268644,Helena Augusto,Engenharia Informatica,3,19,F,6.3
20268645,Helena Augusto,Engenharia de Redes,4,25,M,6.6
20268646,Elsa Domingos,Engenharia Electronica,1,18,F,5.8
20268647,Sonia Armando,Engenharia Electronica,1,29,F,12.0
20268648,Elsa Domingos,Engenharia Informatica,1,27,F,8.3
20268649,Elsa Domingos,Engenharia Telecomunicacoes,3,30,M,10.5
20268650,Ana Manuel,Engenharia Informatica,1,20,M,17.9
20268651,Dario Miguel,Engenharia Electronica,4,30,M,8.6
20268652,Alberto Jaime,Engenharia Telecomunicacoes,3,30,M,19.6
20268653,Marta Paulo,Engenharia Electronica,3,25,F,18.0
20268654,Nelson Mario,Engenharia Informatica,2,18,F,13.9
20268655,Marta Paulo,Engenharia Telecomunicacoes,2,23,F,19.7
20268656,Alberto Jaime,Engenharia Telecomunicacoes,3,30,F,6.4
20268657,Samuel Ernesto,Engenharia Informatica,2,29,F,5.8
20268658,Elsa Domingos,Engenharia Telecomunicacoes,2,24,F,10.4
20268659,Elsa Domingos,Engenharia de Redes,3,25,F,15.1
20268660,Pedro Tomas,Engenharia Telecomunicacoes,2,22,M,17.7
20268661,Elsa Domingos,Engenharia Electronica,3,24,M,8.3
20268662,Marta Paulo,Engenharia de Redes,1,21,M,10.3
20268663,Samuel Ernesto,Engenharia Informatica,2,23,M,8.4
20268664,Edson Mateus,Engenharia Telecomunicacoes,2,24,F,19.8
20268665,Sonia Armando,Engenharia de Redes,4,24,M,16.2
20268666,Celina Ernesto,Engenharia Telecomunicacoes,4,28,M,10.8
20268667,Alberto Jaime,Engenharia Electronica,4,26,F,9.2
20268668,Antonio Salvador,Engenharia Electronica,2,29,F,9.4
20268669,Pedro Tomas,Engenharia Informatica,3,26,M,8.9
20268670,Celina Ernesto,Engenharia Electronica,3,26,M,13.0
20268671,Elsa Domingos,Engenharia Electronica,2,24,F,14.3
20268672,Elsa Domingos,Engenharia Informatica,2,21,M,18.7
20268673,Nelson Mario,Engenharia Informatica,1,23,F,6.8
20268674,Elsa Domingos,Engenharia Electronica,2,26,M,7.8
20268675,Marta Paulo,Engenharia Informatica,3,21,F,8.8
20268676,Marta Paulo,Engenharia Electronica,1,27,M,8.2
20268677,Rosa Fernando,Engenharia Informatica,4,30,F,13.0
20268678,Teresa Carlos,Engenharia Telecomunicacoes,3,25,M,18.4
20268679,Teresa Carlos,Engenharia Telecomunicacoes,4,21,M,8.9
20268680,Dario Miguel,Engenharia de Redes,3,29,M,13.6
20268681,Alberto Jaime,Engenharia Electronica,2,22,M,18.8
20268682,Helena Augusto,Engenharia Informatica,3,20,M,13.0
20268683,Alberto Jaime,Engenharia Electronica,4,25,M,13.8
20268684,Alberto Jaime,Engenharia Electronica,1,29,M,12.8
20268685,Manuel Sergio,Engenharia de Redes,2,29,M,8.5
20268686,Teresa Carlos,Engenharia Informatica,3,25,F,13.2
20268687,Elsa Domingos,Engenharia de Redes,3,22,F,6.6
20268688,Samuel Ernesto,Engenharia Telecomunicacoes,2,29,M,11.2
20268689,Marta Paulo,Engenharia Telecomunicacoes,4,22,F,8.2
20268690,Joao Alberto,Engenharia Informatica,1,28,F,15.9
20268691,Samuel Ernesto,Engenharia Electronica,4,20,M,6.1
20268692,Dario Miguel,Engenharia de Redes,3,24,F,10.5
20268693,Pedro Tomas,Engenharia Informatica,2,23,F,8.3
20268694,Ana Manuel,Engenharia Informatica,3,21,M,9.1
20268695,Joao Alberto,Engenharia de Redes,2,28,M,6.1
20268696,Carlos Jose,Engenharia Telecomunicacoes,4,24,M,13.0
20268697,Ana Manuel,Engenharia de Redes,2,19,M,5.6
20268698,Marta Paulo,Engenharia de Redes,1,30,F,18.3
20268699,Nelson Mario,Engenharia de Redes,1,26,M,6.5
20268700,Sonia Armando,Engenharia de Redes,4,26,F,13.3
20268701,Alberto Jaime,Engenharia Telecomunicacoes,4,20,F,19.6
20268702,Helena Augusto,Engenharia Telecomunicacoes,4,22,F,12.4
20268703,Manuel Sergio,Engenharia Informatica,1,17,F,19.5
20268704,Samuel Ernesto,Engenharia de Redes,4,21,F,5.0
20268705,Rosa Fernando,Engenharia Informatica,1,25,F,7.0
20268706,Elsa Domingos,Engenharia de Redes,1,25,F,10.7
20268707,Ana Manuel,Engenharia Electronica,2,29,M,5.6
20268708,Alberto Jaime,Engenharia Informatica,1,18,F,18.8
20268709,Celina Ernesto,Engenharia Telecomunicacoes,1,19,M,13.4
20268710,Fatima Luis,Engenharia Informatica,3,18,F,6.8
20268711,Marta Paulo,Engenharia Informatica,4,26,F,16.8
20268712,Helena Augusto,Engenharia Informatica,1,29,M,18.7
20268713,Manuel Sergio,Engenharia de Redes,1,17,F,9.2
20268714,Edson Mateus,Engenharia Informatica,1,29,M,8.4
20268715,Pedro Tomas,Engenharia Telecomunicacoes,2,22,F,13.5
20268716,Sonia Armando,Engenharia Telecomunicacoes,3,25,M,6.8
20268717,Rosa Fernando,Engenharia Telecomunicacoes,1,18,M,5.3
20268718,Celina Ernesto,Engenharia Electronica,3,30,M,16.8
20268719,Samuel Ernesto,Engenharia de Redes,3,22,F,19.6
20268720,Sonia Armando,Engenharia Telecomunicacoes,1,30,F,18.7
20268721,Sonia Armando,Engenharia Informatica,3,28,M,19.2
20268722,Samuel Ernesto,Engenharia Electronica,1,19,M,7.1
20268723,Sonia Armando,Engenharia Telecomunicacoes,4,20,F,19.5
20268724,Pedro Tomas,Engenharia Telecomunicacoes,1,27,M,14.4
20268725,Edson Mateus,Engenharia de Redes,4,18,F,7.3
20268726,Celina Ernesto,Engenharia Informatica,4,18,F,14.2
20268727,Celina Ernesto,Engenharia Informatica,2,18,M,11.7
20268728,Rosa Fernando,Engenharia Electronica,3,25,F,7.7
20268729,Alberto Jaime,Engenharia Informatica,4,20,F,5.7
20268730,Edson Mateus,Engenharia de Redes,2,17,M,11.3
20268731,Rosa Fernando,Engenharia de Redes,2,26,M,5.5
20268732,Pedro Tomas,Engenharia de Redes,3,30,F,18.6
20268733,Carlos Jose,Engenharia Electronica,4,18,M,9.5
20268734,Samuel Ernesto,Engenharia Electronica,3,30,M,14.6
20268735,Sonia Armando,Engenharia Electronica,4,22,M,11.9
20268736,Joao Alberto,Engenharia Telecomunicacoes,4,18,M,8.0
20268737,Pedro Tomas,Engenharia de Redes,2,27,F,12.8
20268738,Rosa Fernando,Engenharia Telecomunicacoes,2,29,F,17.1
20268739,Elsa Domingos,Engenharia de Redes,3,21,M,6.9
20268740,Edson Mateus,Engenharia Electronica,4,28,M,10.1
20268741,Sonia Armando,Engenharia Informatica,2,28,F,15.8
20268742,Celina Ernesto,Engenharia Informatica,3,20,M,11.2
20268743,Helena Augusto,Engenharia Electronica,3,20,F,19.7
20268744,Fatima Luis,Engenharia Telecomunicacoes,2,21,M,15.8
20268745,Fatima Luis,Engenharia Electronica,4,23,F,19.8
20268746,Teresa Carlos,Engenharia de Redes,3,29,M,15.1
20268747,Edson Mateus,Engenharia Telecomunicacoes,1,29,F,17.6
20268748,Samuel Ernesto,Engenharia Informatica,1,20,F,17.1
20268749,Rosa Fernando,Engenharia de Redes,1,29,F,18.5
20268750,Rosa Fernando,Engenharia de Redes,1,18,M,18.1
20268751,Joao Alberto,Engenharia Informatica,3,28,F,14.6
20268752,Celina Ernesto,Engenharia Telecomunicacoes,1,22,F,14.1
20268753,Pedro Tomas,Engenharia Informatica,1,22,M,18.1
20268754,Elsa Domingos,Engenharia Electronica,1,26,F,10.6
20268755,Samuel Ernesto,Engenharia de Redes,3,17,M,18.3
20268756,Samuel Ernesto,Engenharia Telecomunicacoes,1,30,M,6.0
20268757,Samuel Ernesto,Engenharia Informatica,1,17,M,9.4
20268758,Ana Manuel,Engenharia Informatica,2,24,M,8.4
20268759,Ana Manuel,Engenharia de Redes,3,23,M,7.2
20268760,Manuel Sergio,Engenharia Telecomunicacoes,1,30,F,10.7
20268761,Fatima Luis,Engenharia Telecomunicacoes,4,29,M,11.3
20268762,Nelson Mario,Engenharia Informatica,1,21,F,6.2
20268763,Carlos Jose,Engenharia de Redes,3,20,M,19.9
20268764,Sonia Armando,Engenharia Informatica,3,30,F,11.5
20268765,Edson Mateus,Engenharia Telecomunicacoes,2,17,M,15.1
20268766,Sonia Armando,Engenharia de Redes,1,21,F,12.6
20268767,Fatima Luis,Engenharia Informatica,4,24,M,15.6
20268768,Celina Ernesto,Engenharia Electronica,3,30,F,10.3
20268769,Edson Mateus,Engenharia de Redes,3,20,M,12.3
20268770,Lucia Joaquim,Engenharia Telecomunicacoes,4,29,F,14.8
20268771,Lucia Joaquim,Engenharia de Redes,2,19,M,10.1
20268772,Edson Mateus,Engenharia Informatica,3,19,F,5.3
20268773,Joao Alberto,Engenharia Electronica,4,18,F,16.4
20268774,Alberto Jaime,Engenharia de Redes,3,29,M,10.6
20268775,Helena Augusto,Engenharia Informatica,3,24,M,10.8
20268776,Celina Ernesto,Engenharia de Redes,2,30,F,8.6
20268777,Lucia Joaquim,Engenharia Telecomunicacoes,1,17,F,14.8
20268778,Antonio Salvador,Engenharia Telecomunicacoes,3,30,F,18.0
20268779,Antonio Salvador,Engenharia de Redes,2,24,M,15.0
20268780,Fatima Luis,Engenharia Informatica,2,30,M,7.4
20268781,Antonio Salvador,Engenharia de Redes,1,18,F,20.0
20268782,Joao Alberto,Engenharia Informatica,4,22,F,12.4
20268783,Fatima Luis,Engenharia Electronica,2,23,F,18.4
20268784,Helena Augusto,Engenharia Telecomunicacoes,1,22,F,10.1
20268785,Helena Augusto,Engenharia Electronica,3,20,M,18.3
20268786,Alberto Jaime,Engenharia Informatica,4,18,F,9.9
20268787,Samuel Ernesto,Engenharia Telecomunicacoes,3,28,F,18.7
20268788,Antonio Salvador,Engenharia Electronica,2,22,M,7.4
20268789,Alberto Jaime,Engenharia Telecomunicacoes,4,29,M,8.0
20268790,Fatima Luis,Engenharia Informatica,4,18,F,5.0
20268791,Samuel Ernesto,Engenharia Telecomunicacoes,4,27,M,13.4
20268792,Celina Ernesto,Engenharia de Redes,4,22,F,9.7
20268793,Elsa Domingos,Engenharia de Redes,2,17,M,17.9
20268794,Antonio Salvador,Engenharia Informatica,4,23,F,15.3
20268795,Celina Ernesto,Engenharia Electronica,4,25,M,13.5
20268796,Sonia Armando,Engenharia Electronica,1,23,M,17.3
20268797,Nelson Mario,Engenharia Telecomunicacoes,1,29,F,6.3
20268798,Elsa Domingos,Engenharia Electronica,3,17,F,10.8
20268799,Celina Ernesto,Engenharia Informatica,1,23,F,15.7
20268800,Manuel Sergio,Engenharia Telecomunicacoes,2,20,M,16.1
20268801,Dario Miguel,Engenharia Electronica,2,19,F,11.4
20268802,Antonio Salvador,Engenharia de Redes,1,20,F,17.5
20268803,Nelson Mario,Engenharia de Redes,1,27,M,12.7
20268804,Lucia Joaquim,Engenharia Electronica,3,30,F,5.4
20268805,Rosa Fernando,Engenharia Electronica,3,30,M,16.1
20268806,Alberto Jaime,Engenharia Electronica,1,27,M,18.5
20268807,Antonio Salvador,Engenharia Informatica,2,18,M,8.7
20268808,Pedro Tomas,Engenharia Electronica,2,30,F,15.6
20268809,Fatima Luis,Engenharia Informatica,3,24,M,11.9
20268810,Teresa Carlos,Engenharia de Redes,4,30,F,11.8
20268811,Carlos Jose,Engenharia Telecomunicacoes,3,17,M,15.8
20268812,Elsa Domingos,Engenharia de Redes,4,17,M,13.6
20268813,Antonio Salvador,Engenharia Informatica,3,28,F,11.4
20268814,Carlos Jose,Engenharia de Redes,4,22,M,17.9
20268815,Fatima Luis,Engenharia Telecomunicacoes,4,29,M,12.4
20268816,Joao Alberto,Engenharia Electronica,1,19,M,5.2
20268817,Sonia Armando,Engenharia Telecomunicacoes,4,25,M,12.7
20268818,Fatima Luis,Engenharia Electronica,4,17,F,5.1
20268819,Marta Paulo,Engenharia Telecomunicacoes,1,25,M,6.6
20268820,Fatima Luis,Engenharia Informatica,2,28,F,12.2
20268821,Helena Augusto,Engenharia Informatica,2,25,F,19.3
20268822,Dario Miguel,Engenharia de Redes,2,18,M,10.0
20268823,Joao Alberto,Engenharia Informatica,4,28,M,11.8
20268824,Ana Manuel,Engenharia Informatica,1,25,M,15.7
20268825,Lucia Joaquim,Engenharia Telecomunicacoes,2,23,F,9.6
20268826,Marta Paulo,Engenharia Electronica,2,27,F,7.5
20268827,Joao Alberto,Engenharia de Redes,4,22,F,12.3
20268828,Alberto Jaime,Engenharia Telecomunicacoes,1,20,F,17.7
20268829,Rosa Fernando,Engenharia Electronica,2,18,F,9.9
20268830,Alberto Jaime,Engenharia de Redes,2,29,M,10.1
20268831,Nelson Mario,Engenharia de Redes,4,27,M,5.9
20268832,Teresa Carlos,Engenharia Telecomunicacoes,3,23,M,14.4
20268833,Lucia Joaquim,Engenharia Informatica,4,20,F,11.8
20268834,Alberto Jaime,Engenharia Informatica,3,21,F,11.2
20268835,Dario Miguel,Engenharia Informatica,2,21,F,8.5
20268836,Lucia Joaquim,Engenharia Informatica,2,20,M,11.0
20268837,Alberto Jaime,Engenharia Electronica,4,30,M,9.9
20268838,Edson Mateus,Engenharia Electronica,4,28,M,9.6
20268839,Sonia Armando,Engenharia Telecomunicacoes,1,25,M,8.3
20268840,Dario Miguel,Engenharia Telecomunicacoes,1,29,F,18.4
20268841,Lucia Joaquim,Engenharia de Redes,4,21,F,18.5
20268842,Antonio Salvador,Engenharia Informatica,2,29,F,10.1
20268843,Fatima Luis,Engenharia Electronica,4,22,F,13.2
20268844,Manuel Sergio,Engenharia Electronica,4,26,M,15.3
20268845,Nelson Mario,Engenharia de Redes,3,21,M,18.3
20268846,Marta Paulo,Engenharia Telecomunicacoes,3,18,F,10.1
20268847,Nelson Mario,Engenharia Telecomunicacoes,3,30,F,5.4
20268848,Antonio Salvador,Engenharia de Redes,2,26,M,11.3
20268849,Elsa Domingos,Engenharia Electronica,4,29,F,19.2
20268850,Carlos Jose,Engenharia de Redes,4,27,F,18.0
20268851,Samuel Ernesto,Engenharia Telecomunicacoes,2,23,M,17.8
20268852,Alberto Jaime,Engenharia de Redes,3,21,F,5.5
20268853,Dario Miguel,Engenharia Electronica,2,26,M,18.5
20268854,Joao Alberto,Engenharia Telecomunicacoes,1,17,F,15.1
20268855,Sonia Armando,Engenharia Informatica,2,22,F,12.2
20268856,Joao Alberto,Engenharia de Redes,2,27,F,17.2
20268857,Carlos Jose,Engenharia Telecomunicacoes,1,27,F,11.6
20268858,Elsa Domingos,Engenharia Electronica,4,28,M,6.4
20268859,Teresa Carlos,Engenharia Electronica,4,25,M,15.7
20268860,Samuel Ernesto,Engenharia de Redes,3,22,M,14.3
20268861,Antonio Salvador,Engenharia de Redes,4,18,F,9.4
20268862,Samuel Ernesto,Engenharia Informatica,4,26,M,11.3
20268863,Samuel Ernesto,Engenharia Informatica,4,26,F,17.0
20268864,Helena Augusto,Engenharia Electronica,1,17,F,19.2
20268865,Alberto Jaime,Engenharia de Redes,4,25,M,13.1
20268866,Samuel Ernesto,Engenharia Electronica,2,17,F,8.4
20268867,Elsa Domingos,Engenharia Electronica,1,27,F,19.9
20268868,Lucia Joaquim,Engenharia Telecomunicacoes,3,18,F,9.1
20268869,Pedro Tomas,Engenharia Informatica,4,23,M,17.7
20268870,Nelson Mario,Engenharia Telecomunicacoes,3,19,M,14.0
20268871,Alberto Jaime,Engenharia de Redes,1,20,M,17.9
20268872,Marta Paulo,Engenharia Informatica,3,29,F,16.3
20268873,Helena Augusto,Engenharia de Redes,1,21,M,8.1
20268874,Manuel Sergio,Engenharia de Redes,4,18,F,15.4
20268875,Helena Augusto,Engenharia de Redes,4,24,M,7.3
20268876,Fatima Luis,Engenharia Electronica,3,27,M,11.1
20268877,Marta Paulo,Engenharia Electronica,2,30,F,10.2
20268878,Fatima Luis,Engenharia Telecomunicacoes,3,25,M,8.7
20268879,Marta Paulo,Engenharia Telecomunicacoes,1,17,M,13.7
20268880,Carlos Jose,Engenharia Electronica,1,29,F,18.0
20268881,Sonia Armando,Engenharia Informatica,4,17,F,11.1
20268882,Sonia Armando,Engenharia Telecomunicacoes,2,29,M,15.8
20268883,Fatima Luis,Engenharia Informatica,2,21,F,9.7
20268884,Edson Mateus,Engenharia de Redes,1,29,M,18.1
20268885,Elsa Domingos,Engenharia Telecomunicacoes,1,29,M,16.8
20268886,Alberto Jaime,Engenharia Electronica,2,27,F,6.5
20268887,Joao Alberto,Engenharia de Redes,2,24,M,13.1
20268888,Celina Ernesto,Engenharia Informatica,3,18,M,16.5
20268889,Ana Manuel,Engenharia de Redes,4,20,F,8.4
20268890,Sonia Armando,Engenharia Informatica,3,26,M,17.2
20268891,Samuel Ernesto,Engenharia de Redes,3,18,M,10.9
20268892,Alberto Jaime,Engenharia Informatica,3,22,M,5.8
20268893,Manuel Sergio,Engenharia Electronica,4,29,M,7.4
20268894,Fatima Luis,Engenharia de Redes,3,28,M,11.9
20268895,Rosa Fernando,Engenharia Informatica,2,18,F,17.8
20268896,Samuel Ernesto,Engenharia Informatica,4,23,M,5.0
20268897,Alberto Jaime,Engenharia Informatica,1,19,F,14.7
20268898,Helena Augusto,Engenharia de Redes,2,28,M,9.6
20268899,Pedro Tomas,Engenharia de Redes,3,20,F,15.5
20268900,Ana Manuel,Engenharia Telecomunicacoes,4,25,F,11.3
20268901,Edson Mateus,Engenharia de Redes,3,30,M,16.1
20268902,Marta Paulo,Engenharia de Redes,3,26,M,15.5
20268903,Samuel Ernesto,Engenharia Telecomunicacoes,2,17,F,15.8
20268904,Celina Ernesto,Engenharia Telecomunicacoes,4,25,M,12.5
20268905,Ana Manuel,Engenharia Telecomunicacoes,4,22,M,19.6
20268906,Alberto Jaime,Engenharia Electronica,3,22,M,15.6
20268907,Elsa Domingos,Engenharia Electronica,2,17,F,8.9
20268908,Manuel Sergio,Engenharia Electronica,2,17,F,8.3
20268909,Celina Ernesto,Engenharia Telecomunicacoes,3,24,M,5.3
20268910,Marta Paulo,Engenharia Telecomunicacoes,2,23,M,9.6
20268911,Nelson Mario,Engenharia Electronica,1,26,M,17.6
20268912,Lucia Joaquim,Engenharia Electronica,4,20,F,9.3
20268913,Helena Augusto,Engenharia Telecomunicacoes,4,23,F,7.2
20268914,Sonia Armando,Engenharia de Redes,4,23,F,8.0
20268915,Dario Miguel,Engenharia Telecomunicacoes,1,24,F,5.9
20268916,Celina Ernesto,Engenharia Electronica,3,25,M,9.1
20268917,Rosa Fernando,Engenharia Telecomunicacoes,4,26,M,14.0
20268918,Nelson Mario,Engenharia Telecomunicacoes,2,25,F,15.9
20268919,Teresa Carlos,Engenharia de Redes,4,25,F,13.3
20268920,Elsa Domingos,Engenharia Telecomunicacoes,3,25,F,19.4
20268921,Fatima Luis,Engenharia de Redes,1,23,M,7.7
20268922,Celina Ernesto,Engenharia Telecomunicacoes,3,17,M,17.1
20268923,Samuel Ernesto,Engenharia Telecomunicacoes,4,25,M,8.5
20268924,Antonio Salvador,Engenharia Telecomunicacoes,1,26,F,10.7
20268925,Teresa Carlos,Engenharia Electronica,4,17,F,18.9
20268926,Edson Mateus,Engenharia Telecomunicacoes,3,17,M,12.0
20268927,Celina Ernesto,Engenharia de Redes,4,19,F,18.5
20268928,Rosa Fernando,Engenharia de Redes,4,24,M,17.1
20268929,Dario Miguel,Engenharia de Redes,4,27,F,15.5
20268930,Alberto Jaime,Engenharia Informatica,1,26,F,10.4
20268931,Helena Augusto,Engenharia de Redes,3,23,F,8.3
20268932,Antonio Salvador,Engenharia Telecomunicacoes,4,21,F,15.0
20268933,Pedro Tomas,Engenharia Electronica,2,23,F,5.8
20268934,Nelson Mario,Engenharia Telecomunicacoes,2,21,M,12.5
20268935,Elsa Domingos,Engenharia Electronica,1,25,M,16.7
20268936,Joao Alberto,Engenharia de Redes,4,18,F,7.1
20268937,Edson Mateus,Engenharia Informatica,4,20,M,19.6
20268938,Pedro Tomas,Engenharia Electronica,4,23,F,14.0
20268939,Antonio Salvador,Engenharia de Redes,2,29,M,14.9
20268940,Teresa Carlos,Engenharia Electronica,1,17,M,7.1
20268941,Edson Mateus,Engenharia Telecomunicacoes,3,25,F,5.4
20268942,Samuel Ernesto,Engenharia de Redes,4,27,F,16.8
20268943,Sonia Armando,Engenharia Electronica,1,22,F,18.1
20268944,Samuel Ernesto,Engenharia Informatica,3,25,M,16.2
20268945,Antonio Salvador,Engenharia de Redes,3,21,F,17.5
20268946,Lucia Joaquim,Engenharia Telecomunicacoes,4,30,M,14.3
20268947,Elsa Domingos,Engenharia Informatica,1,24,M,15.8
20268948,Helena Augusto,Engenharia de Redes,4,19,F,7.4
20268949,Manuel Sergio,Engenharia Electronica,4,28,F,16.3
20268950,Lucia Joaquim,Engenharia Telecomunicacoes,2,17,F,7.2
20268951,Ana Manuel,Engenharia Telecomunicacoes,4,29,M,16.1
20268952,Alberto Jaime,Engenharia de Redes,4,29,M,15.4
20268953,Nelson Mario,Engenharia Informatica,3,18,M,10.4
20268954,Dario Miguel,Engenharia de Redes,1,18,M,12.7
20268955,Marta Paulo,Engenharia Telecomunicacoes,1,24,M,18.1
20268956,Carlos Jose,Engenharia Informatica,4,26,F,19.3
20268957,Antonio Salvador,Engenharia Electronica,2,30,F,18.0
20268958,Sonia Armando,Engenharia Electronica,3,22,M,10.1
20268959,Fatima Luis,Engenharia Telecomunicacoes,2,18,M,16.1
20268960,Dario Miguel,Engenharia Electronica,3,29,F,7.8
20268961,Helena Augusto,Engenharia Electronica,1,24,M,13.5
20268962,Fatima Luis,Engenharia Telecomunicacoes,1,20,F,9.8
20268963,Helena Augusto,Engenharia Electronica,1,24,F,10.2
20268964,Manuel Sergio,Engenharia Electronica,1,17,M,17.3
20268965,Fatima Luis,Engenharia de Redes,1,27,F,17.1
20268966,Teresa Carlos,Engenharia de Redes,3,17,F,6.0
20268967,Fatima Luis,Engenharia Informatica,4,26,F,17.5
20268968,Celina Ernesto,Engenharia Informatica,3,22,F,13.2
20268969,Teresa Carlos,Engenharia de Redes,2,25,F,5.1
20268970,Pedro Tomas,Engenharia Electronica,1,22,F,6.1
20268971,Antonio Salvador,Engenharia Informatica,3,23,F,13.4
20268972,Fatima Luis,Engenharia Informatica,1,19,M,5.8
20268973,Dario Miguel,Engenharia Electronica,4,22,M,14.2
20268974,Dario Miguel,Engenharia Informatica,3,21,F,13.9
20268975,Nelson Mario,Engenharia de Redes,3,21,M,6.0
20268976,Pedro Tomas,Engenharia de Redes,1,27,M,8.8
20268977,Rosa Fernando,Engenharia Electronica,4,17,M,11.0
20268978,Celina Ernesto,Engenharia Telecomunicacoes,1,30,F,17.5
20268979,Elsa Domingos,Engenharia Informatica,3,21,M,18.1
20268980,Antonio Salvador,Engenharia Informatica,1,19,F,18.8
20268981,Carlos Jose,Engenharia de Redes,4,27,M,17.9
20268982,Manuel Sergio,Engenharia Informatica,3,17,M,14.3
20268983,Teresa Carlos,Engenharia Electronica,3,28,M,11.4
20268984,Alberto Jaime,Engenharia Telecomunicacoes,4,26,F,13.8
20268985,Samuel Ernesto,Engenharia Electronica,4,21,F,11.9
20268986,Helena Augusto,Engenharia Informatica,2,22,F,6.2
20268987,Helena Augusto,Engenharia de Redes,1,26,F,5.4
20268988,Rosa Fernando,Engenharia de Redes,3,24,F,18.6
20268989,Edson Mateus,Engenharia Telecomunicacoes,3,27,F,7.5
20268990,Joao Alberto,Engenharia Informatica,1,19,M,14.7
20268991,Celina Ernesto,Engenharia Telecomunicacoes,4,24,F,19.9
20268992,Dario Miguel,Engenharia Informatica,2,30,F,5.1
20268993,Dario Miguel,Engenharia Telecomunicacoes,1,21,M,19.7
20268994,Nelson Mario,Engenharia de Redes,1,20,M,10.8
20268995,Fatima Luis,Engenharia Telecomunicacoes,4,21,F,17.0
20268996,Manuel Sergio,Engenharia Electronica,4,25,M,11.2
20268997,Dario Miguel,Engenharia Informatica,3,25,F,5.5
20268998,Antonio Salvador,Engenharia Electronica,2,25,F,9.9
20268999,Antonio Salvador,Engenharia Informatica,1,30,M,9.0
20269000,Dario Miguel,Engenharia Electronica,4,25,F,13.4
20269001,Carlos Jose,Engenharia de Redes,4,26,M,14.3
20269002,Joao Alberto,Engenharia Electronica,1,22,F,19.3
20269003,Sonia Armando,Engenharia de Redes,4,18,M,8.8
20269004,Rosa Fernando,Engenharia Informatica,1,17,M,18.8
20269005,Manuel Sergio,Engenharia Telecomunicacoes,4,23,M,13.0
20269006,Antonio Salvador,Engenharia Electronica,3,27,M,8.5
20269007,Elsa Domingos,Engenharia Telecomunicacoes,4,29,M,11.4
20269008,Antonio Salvador,Engenharia Electronica,1,19,F,9.1
20269009,Celina Ernesto,Engenharia Telecomunicacoes,1,30,M,7.7
20269010,Elsa Domingos,Engenharia de Redes,3,25,M,14.2
20269011,Joao Alberto,Engenharia de Redes,1,21,M,18.3
20269012,Dario Miguel,Engenharia Telecomunicacoes,4,20,M,13.1
20269013,Carlos Jose,Engenharia Electronica,2,20,F,14.9
20269014,Marta Paulo,Engenharia Telecomunicacoes,1,27,F,10.2
20269015,Joao Alberto,Engenharia Informatica,4,17,F,12.3
20269016,Edson Mateus,Engenharia de Redes,2,21,M,11.8
20269017,Helena Augusto,Engenharia Telecomunicacoes,4,19,F,8.4
20269018,Samuel Ernesto,Engenharia Informatica,4,29,M,6.1
20269019,Manuel Sergio,Engenharia Telecomunicacoes,2,22,M,15.0
20269020,Teresa Carlos,Engenharia Electronica,2,18,F,14.5
20269021,Lucia Joaquim,Engenharia de Redes,3,17,M,9.6
20269022,Sonia Armando,Engenharia Informatica,4,20,M,7.3
20269023,Manuel Sergio,Engenharia Informatica,4,22,M,10.1
20269024,Alberto Jaime,Engenharia Informatica,4,18,F,16.1
20269025,Sonia Armando,Engenharia Telecomunicacoes,3,18,F,12.6
20269026,Samuel Ernesto,Engenharia Electronica,3,22,M,6.2
20269027,Celina Ernesto,Engenharia Electronica,1,22,F,12.7
20269028,Manuel Sergio,Engenharia Telecomunicacoes,3,25,M,5.1
20269029,Manuel Sergio,Engenharia Informatica,4,17,M,8.8
20269030,Joao Alberto,Engenharia Electronica,3,22,F,20.0
20269031,Alberto Jaime,Engenharia Electronica,2,17,F,17.3
20269032,Elsa Domingos,Engenharia Informatica,3,23,F,10.7
20269033,Edson Mateus,Engenharia Informatica,3,24,F,7.8
20269034,Manuel Sergio,Engenharia Electronica,1,28,F,8.0
20269035,Marta Paulo,Engenharia de Redes,1,17,F,12.3
20269036,Helena Augusto,Engenharia Electronica,4,27,F,14.9
20269037,Edson Mateus,Engenharia Electronica,1,21,M,6.5
20269038,Helena Augusto,Engenharia Electronica,3,25,F,13.1
20269039,Fatima Luis,Engenharia de Redes,1,30,M,7.6
20269040,Elsa Domingos,Engenharia de Redes,1,30,F,13.0
20269041,Nelson Mario,Engenharia Informatica,4,30,M,12.9
20269042,Rosa Fernando,Engenharia Telecomunicacoes,2,27,F,17.3
20269043,Samuel Ernesto,Engenharia Informatica,4,17,M,15.9
20269044,Elsa Domingos,Engenharia Electronica,3,22,F,8.5
20269045,Ana Manuel,Engenharia de Redes,1,21,M,15.7
20269046,Joao Alberto,Engenharia Informatica,1,30,M,8.5
20269047,Carlos Jose,Engenharia Informatica,2,24,M,8.6
20269048,Celina Ernesto,Engenharia de Redes,2,19,F,16.7
20269049,Nelson Mario,Engenharia de Redes,3,17,M,17.5
20269050,Celina Ernesto,Engenharia de Redes,1,22,F,8.9
20269051,Nelson Mario,Engenharia Electronica,2,22,F,7.5
20269052,Antonio Salvador,Engenharia Electronica,2,17,M,17.9
20269053,Helena Augusto,Engenharia de Redes,2,29,M,17.7
20269054,Joao Alberto,Engenharia Telecomunicacoes,3,29,M,9.4
20269055,Manuel Sergio,Engenharia Informatica,4,30,F,15.7
20269056,Samuel Ernesto,Engenharia de Redes,2,24,M,18.2
20269057,Lucia Joaquim,Engenharia Informatica,3,27,F,6.7
20269058,Elsa Domingos,Engenharia Electronica,1,29,F,14.1
20269059,Marta Paulo,Engenharia Telecomunicacoes,4,22,M,9.7
20269060,Carlos Jose,Engenharia Telecomunicacoes,3,21,F,11.4
20269061,Carlos Jose,Engenharia de Redes,2,25,F,7.5
20269062,Teresa Carlos,Engenharia Electronica,2,22,M,14.1
20269063,Samuel Ernesto,Engenharia Telecomunicacoes,3,26,M,10.5
20269064,Dario Miguel,Engenharia Telecomunicacoes,2,22,F,14.6
20269065,Sonia Armando,Engenharia de Redes,3,19,M,14.3
20269066,Rosa Fernando,Engenharia Electronica,4,22,M,6.5
20269067,Teresa Carlos,Engenharia Electronica,4,20,F,11.4
20269068,Manuel Sergio,Engenharia de Redes,3,29,M,5.9
20269069,Marta Paulo,Engenharia Informatica,1,19,F,14.4
20269070,Nelson Mario,Engenharia Telecomunicacoes,4,22,F,14.6
20269071,Sonia Armando,Engenharia Telecomunicacoes,1,21,M,16.1
20269072,Fatima Luis,Engenharia Electronica,3,27,M,16.3
20269073,Rosa Fernando,Engenharia Electronica,2,26,M,18.3
20269074,Fatima Luis,Engenharia Telecomunicacoes,3,19,M,18.0
20269075,Fatima Luis,Engenharia Informatica,2,22,F,19.0
20269076,Lucia Joaquim,Engenharia Telecomunicacoes,1,22,F,12.4
20269077,Edson Mateus,Engenharia de Redes,4,30,F,19.1
20269078,Manuel Sergio,Engenharia Telecomunicacoes,3,24,F,19.4
20269079,Alberto Jaime,Engenharia Electronica,4,18,F,13.2
20269080,Marta Paulo,Engenharia Informatica,2,30,F,7.4
20269081,Joao Alberto,Engenharia Telecomunicacoes,2,26,M,19.4
20269082,Joao Alberto,Engenharia Telecomunicacoes,1,30,M,13.9
20269083,Nelson Mario,Engenharia Telecomunicacoes,2,19,M,18.7
20269084,Joao Alberto,Engenharia Electronica,2,19,M,17.3
20269085,Celina Ernesto,Engenharia de Redes,2,18,M,9.0
20269086,Fatima Luis,Engenharia de Redes,1,22,F,9.0
20269087,Joao Alberto,Engenharia de Redes,4,25,M,12.4
20269088,Teresa Carlos,Engenharia Informatica,1,27,F,14.6
20269089,Samuel Ernesto,Engenharia Informatica,2,19,M,13.1
20269090,Pedro Tomas,Engenharia Telecomunicacoes,2,28,M,7.9
20269091,Antonio Salvador,Engenharia Electronica,4,26,F,8.1
20269092,Elsa Domingos,Engenharia Telecomunicacoes,1,17,M,11.7
20269093,Helena Augusto,Engenharia de Redes,2,19,F,15.5
20269094,Joao Alberto,Engenharia Electronica,3,22,M,7.1
20269095,Dario Miguel,Engenharia de Redes,4,27,F,14.5
20269096,Ana Manuel,Engenharia Telecomunicacoes,2,22,M,9.3
20269097,Helena Augusto,Engenharia Telecomunicacoes,1,26,M,12.6
20269098,Marta Paulo,Engenharia Electronica,1,24,M,12.4
20269099,Helena Augusto,Engenharia de Redes,2,27,F,20.0
20269100,Joao Alberto,Engenharia Electronica,4,21,M,6.8
20269101,Nelson Mario,Engenharia Informatica,1,17,F,9.3
20269102,Antonio Salvador,Engenharia Electronica,1,24,M,12.8
20269103,Elsa Domingos,Engenharia Telecomunicacoes,4,20,M,8.1
20269104,Pedro Tomas,Engenharia de Redes,1,19,M,11.1
20269105,Manuel Sergio,Engenharia de Redes,3,30,M,8.2
20269106,Marta Paulo,Engenharia de Redes,2,18,F,15.7
20269107,Elsa Domingos,Engenharia Electronica,1,21,M,17.6
20269108,Fatima Luis,Engenharia de Redes,3,27,M,16.2
20269109,Marta Paulo,Engenharia Informatica,3,22,M,12.4
20269110,Carlos Jose,Engenharia Telecomunicacoes,1,27,F,11.9
20269111,Helena Augusto,Engenharia de Redes,1,25,M,13.2
20269112,Samuel Ernesto,Engenharia de Redes,2,22,M,8.1
20269113,Pedro Tomas,Engenharia Telecomunicacoes,1,21,M,16.5
20269114,Pedro Tomas,Engenharia Informatica,2,22,M,5.7
20269115,Celina Ernesto,Engenharia Informatica,1,25,F,15.2
20269116,Carlos Jose,Engenharia Informatica,3,18,M,16.2
20269117,Edson Mateus,Engenharia Informatica,3,29,F,13.4
20269118,Ana Manuel,Engenharia Informatica,2,27,M,12.2
20269119,Sonia Armando,Engenharia Telecomunicacoes,4,20,M,8.8
20269120,Pedro Tomas,Engenharia Telecomunicacoes,4,21,M,7.0
20269121,Sonia Armando,Engenharia Telecomunicacoes,2,21,M,8.2
20269122,Elsa Domingos,Engenharia Informatica,3,19,M,5.4
20269123,Marta Paulo,Engenharia de Redes,3,28,M,7.1
20269124,Nelson Mario,Engenharia de Redes,3,29,F,11.8
20269125,Manuel Sergio,Engenharia Telecomunicacoes,1,26,F,13.2
20269126,Dario Miguel,Engenharia Informatica,2,19,M,16.8
20269127,Elsa Domingos,Engenharia de Redes,1,21,F,16.7
20269128,Dario Miguel,Engenharia Informatica,4,17,F,5.1
20269129,Rosa Fernando,Engenharia Informatica,4,27,F,10.4
20269130,Joao Alberto,Engenharia Electronica,1,18,M,10.1
20269131,Fatima Luis,Engenharia Telecomunicacoes,1,24,F,7.0
20269132,Antonio Salvador,Engenharia Telecomunicacoes,2,24,M,5.0
20269133,Elsa Domingos,Engenharia Informatica,3,27,F,12.0
20269134,Alberto Jaime,Engenharia Electronica,4,19,M,8.0
20269135,Marta Paulo,Engenharia de Redes,2,17,F,9.8
20269136,Nelson Mario,Engenharia Telecomunicacoes,1,17,F,18.9
20269137,Pedro Tomas,Engenharia Electronica,4,26,M,9.1
20269138,Sonia Armando,Engenharia Informatica,2,20,F,18.8
20269139,Antonio Salvador,Engenharia Informatica,4,25,F,14.2
20269140,Dario Miguel,Engenharia Electronica,2,19,M,14.8
20269141,Fatima Luis,Engenharia Informatica,3,21,F,5.3
20269142,Samuel Ernesto,Engenharia Informatica,2,27,M,15.4
20269143,Joao Alberto,Engenharia Telecomunicacoes,1,22,M,14.6
20269144,Fatima Luis,Engenharia de Redes,4,24,F,8.1
20269145,Edson Mateus,Engenharia de Redes,2,22,F,16.2
20269146,Edson Mateus,Engenharia Electronica,2,19,F,8.2
20269147,Lucia Joaquim,Engenharia Telecomunicacoes,3,25,M,15.9
20269148,Samuel Ernesto,Engenharia de Redes,2,28,M,13.9
20269149,Manuel Sergio,Engenharia Electronica,4,24,M,13.2
20269150,Nelson Mario,Engenharia Electronica,2,18,M,5.0
20269151,Elsa Domingos,Engenharia Electronica,1,23,M,6.3
20269152,Fatima Luis,Engenharia Informatica,3,21,F,7.3
20269153,Sonia Armando,Engenharia de Redes,2,17,M,18.3
20269154,Ana Manuel,Engenharia Informatica,4,20,F,12.5
20269155,Ana Manuel,Engenharia Telecomunicacoes,3,26,F,8.8
20269156,Ana Manuel,Engenharia Electronica,2,23,M,8.0
20269157,Manuel Sergio,Engenharia Electronica,2,24,F,16.0
20269158,Pedro Tomas,Engenharia de Redes,3,27,M,19.1
20269159,Fatima Luis,Engenharia de Redes,4,23,M,14.2
20269160,Manuel Sergio,Engenharia de Redes,3,23,M,14.4
20269161,Pedro Tomas,Engenharia de Redes,4,28,F,5.1
20269162,Marta Paulo,Engenharia Telecomunicacoes,2,20,F,12.3
20269163,Dario Miguel,Engenharia Telecomunicacoes,1,30,M,5.0
20269164,Manuel Sergio,Engenharia de Redes,1,26,M,6.1
20269165,Samuel Ernesto,Engenharia Electronica,1,30,M,6.8
20269166,Rosa Fernando,Engenharia Electronica,4,18,M,16.1
20269167,Fatima Luis,Engenharia Electronica,3,28,F,11.0
20269168,Manuel Sergio,Engenharia Telecomunicacoes,2,25,M,13.5
20269169,Elsa Domingos,Engenharia Informatica,3,29,F,16.3
20269170,Helena Augusto,Engenharia de Redes,4,18,M,14.2
20269171,Samuel Ernesto,Engenharia Telecomunicacoes,2,28,M,19.3
20269172,Rosa Fernando,Engenharia Informatica,3,29,F,11.4
20269173,Ana Manuel,Engenharia Telecomunicacoes,1,30,F,9.3
20269174,Alberto Jaime,Engenharia Informatica,1,19,F,7.1
20269175,Fatima Luis,Engenharia Informatica,2,20,M,14.6
20269176,Lucia Joaquim,Engenharia Informatica,2,26,F,19.7
20269177,Carlos Jose,Engenharia de Redes,2,19,F,5.7
20269178,Fatima Luis,Engenharia Telecomunicacoes,3,28,F,8.3
20269179,Helena Augusto,Engenharia Electronica,1,18,F,19.4
20269180,Samuel Ernesto,Engenharia de Redes,4,29,F,13.1
20269181,Rosa Fernando,Engenharia Telecomunicacoes,4,25,M,10.9
20269182,Rosa Fernando,Engenharia Telecomunicacoes,2,23,F,14.5
20269183,Edson Mateus,Engenharia Telecomunicacoes,2,26,M,17.1
20269184,Manuel Sergio,Engenharia Electronica,1,21,M,15.3
20269185,Teresa Carlos,Engenharia de Redes,3,24,M,8.0
20269186,Elsa Domingos,Engenharia Telecomunicacoes,1,23,F,9.6
20269187,Dario Miguel,Engenharia Electronica,1,26,M,7.1
20269188,Pedro Tomas,Engenharia Informatica,1,20,F,16.4
20269189,Teresa Carlos,Engenharia Electronica,2,27,F,13.8
20269190,Edson Mateus,Engenharia Informatica,1,29,F,15.5
20269191,Rosa Fernando,Engenharia de Redes,2,20,F,14.4
20269192,Ana Manuel,Engenharia de Redes,3,26,M,5.8
20269193,Edson Mateus,Engenharia Electronica,2,30,F,11.6
20269194,Helena Augusto,Engenharia Telecomunicacoes,1,19,M,19.6
20269195,Sonia Armando,Engenharia Informatica,4,18,M,13.9
20269196,Manuel Sergio,Engenharia Telecomunicacoes,3,30,F,12.8
20269197,Teresa Carlos,Engenharia Electronica,1,27,M,8.5
20269198,Nelson Mario,Engenharia Informatica,2,24,F,19.7
20269199,Lucia Joaquim,Engenharia de Redes,3,18,F,8.6
20269200,Manuel Sergio,Engenharia Telecomunicacoes,2,23,M,14.0
20269201,Joao Alberto,Engenharia Electronica,2,22,F,12.9
20269202,Marta Paulo,Engenharia de Redes,2,22,M,12.8
20269203,Joao Alberto,Engenharia de Redes,3,29,M,15.7
20269204,Manuel Sergio,Engenharia Electronica,4,18,F,7.6
20269205,Samuel Ernesto,Engenharia Informatica,1,29,F,18.3
20269206,Samuel Ernesto,Engenharia Informatica,3,25,M,15.3
20269207,Joao Alberto,Engenharia Electronica,1,18,F,6.4
20269208,Elsa Domingos,Engenharia Informatica,2,20,M,8.7
20269209,Lucia Joaquim,Engenharia de Redes,2,25,F,6.5
20269210,Sonia Armando,Engenharia Informatica,1,30,F,15.4
20269211,Lucia Joaquim,Engenharia de Redes,2,29,F,11.0
20269212,Elsa Domingos,Engenharia de Redes,1,19,M,6.4
20269213,Dario Miguel,Engenharia Telecomunicacoes,4,25,M,18.1
20269214,Teresa Carlos,Engenharia de Redes,1,25,F,17.8
20269215,Fatima Luis,Engenharia Telecomunicacoes,3,24,M,16.2
20269216,Antonio Salvador,Engenharia Informatica,1,27,M,12.1
20269217,Ana Manuel,Engenharia Informatica,2,25,F,19.1
20269218,Fatima Luis,Engenharia Informatica,1,28,M,17.6
20269219,Pedro Tomas,Engenharia Electronica,1,30,M,16.1
20269220,Ana Manuel,Engenharia Electronica,3,21,M,13.5
20269221,Dario Miguel,Engenharia Electronica,2,29,M,13.4
20269222,Nelson Mario,Engenharia Electronica,1,29,F,18.9
20269223,Helena Augusto,Engenharia de Redes,4,25,F,8.7
20269224,Antonio Salvador,Engenharia Informatica,1,21,F,14.3
20269225,Marta Paulo,Engenharia Informatica,2,27,F,8.2
20269226,Rosa Fernando,Engenharia de Redes,4,18,M,5.1
20269227,Joao Alberto,Engenharia de Redes,4,25,M,17.8
20269228,Edson Mateus,Engenharia Telecomunicacoes,1,26,M,6.9
20269229,Edson Mateus,Engenharia Informatica,1,25,M,13.6
20269230,Samuel Ernesto,Engenharia Telecomunicacoes,2,29,M,8.8
20269231,Sonia Armando,Engenharia Informatica,3,22,M,7.1
20269232,Edson Mateus,Engenharia de Redes,4,19,F,16.9
20269233,Helena Augusto,Engenharia de Redes,2,27,M,7.3
20269234,Helena Augusto,Engenharia Informatica,4,17,M,13.8
20269235,Edson Mateus,Engenharia Informatica,4,28,F,18.0
20269236,Marta Paulo,Engenharia Informatica,1,24,F,15.5
20269237,Elsa Domingos,Engenharia de Redes,4,20,M,7.0
20269238,Dario Miguel,Engenharia Electronica,2,30,M,12.7
20269239,Sonia Armando,Engenharia Informatica,3,24,F,16.7
20269240,Antonio Salvador,Engenharia de Redes,1,30,F,17.5
20269241,Lucia Joaquim,Engenharia de Redes,3,23,M,6.5
20269242,Manuel Sergio,Engenharia Electronica,4,23,M,11.9
20269243,Lucia Joaquim,Engenharia de Redes,1,18,F,7.1
20269244,Alberto Jaime,Engenharia Informatica,1,25,F,15.4
20269245,Teresa Carlos,Engenharia Telecomunicacoes,3,26,M,12.4
20269246,Helena Augusto,Engenharia Telecomunicacoes,4,19,M,15.8
20269247,Lucia Joaquim,Engenharia Telecomunicacoes,3,24,M,6.2
20269248,Ana Manuel,Engenharia Telecomunicacoes,2,22,M,13.0
20269249,Teresa Carlos,Engenharia de Redes,1,25,M,15.1
20269250,Teresa Carlos,Engenharia Telecomunicacoes,1,30,M,8.1
20269251,Celina Ernesto,Engenharia Telecomunicacoes,4,25,M,8.3
20269252,Joao Alberto,Engenharia Informatica,1,28,F,8.3
20269253,Helena Augusto,Engenharia Telecomunicacoes,1,26,F,9.2
20269254,Carlos Jose,Engenharia Telecomunicacoes,4,30,M,10.2
20269255,Edson Mateus,Engenharia Informatica,1,21,F,18.1
20269256,Manuel Sergio,Engenharia Electronica,1,19,M,11.8
20269257,Alberto Jaime,Engenharia Informatica,1,26,M,14.2
20269258,Celina Ernesto,Engenharia de Redes,1,21,M,7.9
20269259,Samuel Ernesto,Engenharia Informatica,1,25,F,16.5
20269260,Manuel Sergio,Engenharia Electronica,2,23,F,11.1
20269261,Manuel Sergio,Engenharia Informatica,4,28,F,10.8
20269262,Rosa Fernando,Engenharia de Redes,1,24,M,9.8
20269263,Samuel Ernesto,Engenharia de Redes,3,27,F,15.3
20269264,Samuel Ernesto,Engenharia Informatica,3,30,M,15.6
20269265,Samuel Ernesto,Engenharia de Redes,1,27,M,6.4
20269266,Celina Ernesto,Engenharia Electronica,3,30,F,16.9
20269267,Alberto Jaime,Engenharia Informatica,3,17,M,10.1
20269268,Lucia Joaquim,Engenharia Informatica,3,23,F,9.0
20269269,Dario Miguel,Engenharia Informatica,4,24,M,18.0
20269270,Joao Alberto,Engenharia Telecomunicacoes,1,26,F,12.9
20269271,Carlos Jose,Engenharia de Redes,3,30,F,9.5
20269272,Pedro Tomas,Engenharia Informatica,1,20,M,17.5
20269273,Dario Miguel,Engenharia Electronica,2,25,F,13.2
20269274,Marta Paulo,Engenharia Electronica,1,21,M,7.7
20269275,Alberto Jaime,Engenharia de Redes,2,29,M,17.6
20269276,Pedro Tomas,Engenharia Telecomunicacoes,4,27,F,12.2
20269277,Nelson Mario,Engenharia Telecomunicacoes,1,25,F,8.6
20269278,Lucia Joaquim,Engenharia Electronica,3,23,M,17.1
20269279,Nelson Mario,Engenharia Telecomunicacoes,1,28,F,18.0
20269280,Samuel Ernesto,Engenharia Electronica,3,26,M,13.4
20269281,Joao Alberto,Engenharia de Redes,4,29,F,5.9
20269282,Alberto Jaime,Engenharia Informatica,1,28,M,11.0
20269283,Manuel Sergio,Engenharia Informatica,4,17,M,6.8
20269284,Carlos Jose,Engenharia Telecomunicacoes,3,23,F,9.8
20269285,Elsa Domingos,Engenharia Telecomunicacoes,1,17,F,7.1
20269286,Ana Manuel,Engenharia Electronica,4,29,M,10.6
20269287,Ana Manuel,Engenharia Informatica,3,21,M,6.1
20269288,Manuel Sergio,Engenharia de Redes,2,17,M,15.9
20269289,Pedro Tomas,Engenharia de Redes,3,23,F,17.0
20269290,Pedro Tomas,Engenharia Informatica,2,18,M,9.8
20269291,Helena Augusto,Engenharia Telecomunicacoes,2,26,F,9.8
20269292,Rosa Fernando,Engenharia Informatica,1,28,F,14.6
20269293,Elsa Domingos,Engenharia Informatica,4,19,F,15.1
20269294,Fatima Luis,Engenharia Telecomunicacoes,3,25,F,17.5
20269295,Celina Ernesto,Engenharia Telecomunicacoes,4,24,M,11.3
20269296,Alberto Jaime,Engenharia Electronica,4,23,M,8.1
20269297,Pedro Tomas,Engenharia Electronica,1,29,M,12.6
20269298,Celina Ernesto,Engenharia de Redes,1,24,M,10.4
20269299,Edson Mateus,Engenharia de Redes,3,25,M,15.2
20269300,Rosa Fernando,Engenharia Electronica,4,30,M,10.5
20269301,Helena Augusto,Engenharia Telecomunicacoes,3,19,M,13.5
20269302,Sonia Armando,Engenharia de Redes,2,30,M,6.4
20269303,Antonio Salvador,Engenharia Telecomunicacoes,2,27,M,19.6
20269304,Fatima Luis,Engenharia Electronica,1,18,M,12.2
20269305,Elsa Domingos,Engenharia Telecomunicacoes,3,27,F,9.1
20269306,Dario Miguel,Engenharia de Redes,4,24,M,11.7
20269307,Manuel Sergio,Engenharia Telecomunicacoes,4,27,F,19.3
20269308,Ana Manuel,Engenharia Telecomunicacoes,1,25,M,17.8
20269309,Pedro Tomas,Engenharia de Redes,4,30,M,19.5
20269310,Manuel Sergio,Engenharia de Redes,4,27,M,16.0
20269311,Pedro Tomas,Engenharia Informatica,3,27,F,15.0
20269312,Lucia Joaquim,Engenharia de Redes,3,23,F,7.2
20269313,Marta Paulo,Engenharia de Redes,2,21,M,10.0
20269314,Dario Miguel,Engenharia de Redes,3,29,F,10.2
20269315,Marta Paulo,Engenharia Telecomunicacoes,1,21,F,15.1
20269316,Nelson Mario,Engenharia Telecomunicacoes,4,26,F,13.0
20269317,Manuel Sergio,Engenharia de Redes,3,29,F,18.8
20269318,Sonia Armando,Engenharia de Redes,4,29,F,16.8
20269319,Joao Alberto,Engenharia de Redes,1,29,M,13.5
20269320,Samuel Ernesto,Engenharia de Redes,4,17,F,19.9
20269321,Lucia Joaquim,Engenharia Electronica,2,19,M,9.6
20269322,Celina Ernesto,Engenharia Electronica,4,22,M,7.3
20269323,Samuel Ernesto,Engenharia Electronica,4,25,M,19.5
20269324,Fatima Luis,Engenharia Electronica,1,23,F,7.1
20269325,Pedro Tomas,Engenharia Telecomunicacoes,4,28,F,6.2
20269326,Marta Paulo,Engenharia Informatica,1,19,F,16.2
20269327,Samuel Ernesto,Engenharia Informatica,1,28,M,11.6
20269328,Lucia Joaquim,Engenharia Electronica,3,24,M,8.7
20269329,Fatima Luis,Engenharia Telecomunicacoes,2,20,F,7.8
20269330,Marta Paulo,Engenharia Telecomunicacoes,4,23,M,14.4
20269331,Nelson Mario,Engenharia Electronica,1,25,M,10.9
20269332,Teresa Carlos,Engenharia de Redes,2,19,M,18.4
20269333,Teresa Carlos,Engenharia Electronica,3,23,F,12.1
20269334,Fatima Luis,Engenharia de Redes,1,27,F,8.9
20269335,Edson Mateus,Engenharia de Redes,3,22,F,14.0
20269336,Elsa Domingos,Engenharia de Redes,1,26,M,12.0
20269337,Fatima Luis,Engenharia Informatica,4,19,M,9.4
20269338,Lucia Joaquim,Engenharia de Redes,2,21,M,16.4
20269339,Elsa Domingos,Engenharia Telecomunicacoes,1,19,M,17.0
20269340,Carlos Jose,Engenharia Telecomunicacoes,4,21,F,15.3
20269341,Carlos Jose,Engenharia Informatica,1,19,F,5.6
20269342,Marta Paulo,Engenharia Electronica,1,19,M,6.2
20269343,Elsa Domingos,Engenharia Electronica,1,22,M,17.6
20269344,Elsa Domingos,Engenharia Electronica,2,20,M,5.1
20269345,Dario Miguel,Engenharia de Redes,4,24,M,6.2
20269346,Carlos Jose,Engenharia Informatica,2,19,F,19.5
20269347,Manuel Sergio,Engenharia Informatica,4,20,M,16.4
20269348,Rosa Fernando,Engenharia Electronica,2,19,M,12.0
20269349,Sonia Armando,Engenharia Electronica,4,21,F,6.2
20269350,Carlos Jose,Engenharia Telecomunicacoes,2,20,F,13.2
20269351,Antonio Salvador,Engenharia Electronica,2,24,M,19.4
20269352,Alberto Jaime,Engenharia Telecomunicacoes,1,28,M,13.2
20269353,Dario Miguel,Engenharia Telecomunicacoes,1,26,M,18.3
20269354,Sonia Armando,Engenharia Electronica,4,25,F,7.1
20269355,Fatima Luis,Engenharia Informatica,2,27,F,7.2
20269356,Antonio Salvador,Engenharia Telecomunicacoes,2,28,F,5.3
20269357,Dario Miguel,Engenharia Informatica,3,18,F,18.8
20269358,Lucia Joaquim,Engenharia de Redes,1,27,M,11.8
20269359,Carlos Jose,Engenharia de Redes,4,30,F,17.6
20269360,Edson Mateus,Engenharia Electronica,3,21,M,9.9
20269361,Samuel Ernesto,Engenharia de Redes,1,18,F,17.6
20269362,Antonio Salvador,Engenharia de Redes,4,20,F,15.1
20269363,Celina Ernesto,Engenharia Electronica,2,23,M,9.8
20269364,Manuel Sergio,Engenharia Telecomunicacoes,3,23,M,10.6
20269365,Fatima Luis,Engenharia Informatica,1,29,F,7.9
20269366,Antonio Salvador,Engenharia Electronica,4,19,M,7.9
20269367,Pedro Tomas,Engenharia de Redes,3,17,F,12.4
20269368,Marta Paulo,Engenharia Telecomunicacoes,4,21,F,6.7
20269369,Ana Manuel,Engenharia Telecomunicacoes,2,25,M,17.2
20269370,Teresa Carlos,Engenharia Informatica,4,20,M,19.6
20269371,Edson Mateus,Engenharia de Redes,1,23,M,13.7
20269372,Samuel Ernesto,Engenharia Informatica,1,26,M,14.9
20269373,Sonia Armando,Engenharia Telecomunicacoes,2,22,M,7.2
20269374,Helena Augusto,Engenharia Electronica,1,19,F,18.3
20269375,Joao Alberto,Engenharia de Redes,1,27,F,19.4
20269376,Carlos Jose,Engenharia Telecomunicacoes,2,19,F,10.4
20269377,Celina Ernesto,Engenharia Telecomunicacoes,1,25,F,13.6
20269378,Antonio Salvador,Engenharia de Redes,1,25,F,9.4
20269379,Elsa Domingos,Engenharia Informatica,4,18,F,18.0
20269380,Edson Mateus,Engenharia de Redes,2,21,M,17.4
20269381,Helena Augusto,Engenharia Informatica,1,24,F,13.5
20269382,Elsa Domingos,Engenharia de Redes,3,17,M,12.7
20269383,Teresa Carlos,Engenharia Electronica,4,28,M,16.7
20269384,Pedro Tomas,Engenharia de Redes,2,18,M,5.3
20269385,Antonio Salvador,Engenharia Informatica,2,28,M,18.5
20269386,Lucia Joaquim,Engenharia Informatica,4,30,F,6.9
20269387,Rosa Fernando,Engenharia Informatica,3,19,M,18.7
20269388,Manuel Sergio,Engenharia Electronica,3,23,M,10.7
20269389,Manuel Sergio,Engenharia de Redes,4,23,M,11.2
20269390,Joao Alberto,Engenharia Electronica,2,28,M,5.1
20269391,Ana Manuel,Engenharia Informatica,1,20,M,8.9
20269392,Rosa Fernando,Engenharia Electronica,4,28,F,5.3
20269393,Alberto Jaime,Engenharia Telecomunicacoes,2,20,F,7.2
20269394,Dario Miguel,Engenharia Telecomunicacoes,2,24,M,16.7
20269395,Pedro Tomas,Engenharia Telecomunicacoes,2,28,F,9.0
20269396,Carlos Jose,Engenharia Informatica,3,21,F,12.1
20269397,Elsa Domingos,Engenharia Electronica,4,25,M,20.0
20269398,Manuel Sergio,Engenharia Informatica,1,28,F,5.5
20269399,Antonio Salvador,Engenharia Informatica,1,25,M,7.4
20269400,Sonia Armando,Engenharia de Redes,2,26,F,14.4
20269401,Fatima Luis,Engenharia Electronica,1,21,F,6.9
20269402,Helena Augusto,Engenharia de Redes,2,18,M,19.6
20269403,Antonio Salvador,Engenharia Electronica,1,27,F,12.6
20269404,Antonio Salvador,Engenharia de Redes,3,24,M,6.5
20269405,Fatima Luis,Engenharia Informatica,2,28,F,19.1
20269406,Alberto Jaime,Engenharia Informatica,3,21,M,10.8
20269407,Lucia Joaquim,Engenharia Informatica,1,27,F,14.5
20269408,Marta Paulo,Engenharia Telecomunicacoes,3,28,M,17.8
20269409,Dario Miguel,Engenharia Electronica,2,26,F,7.4
20269410,Elsa Domingos,Engenharia Electronica,3,24,F,6.0
20269411,Rosa Fernando,Engenharia Telecomunicacoes,2,30,M,14.9
20269412,Marta Paulo,Engenharia Informatica,4,22,F,11.0
20269413,Antonio Salvador,Engenharia Electronica,4,18,F,12.1
20269414,Nelson Mario,Engenharia Informatica,1,25,F,18.2
20269415,Pedro Tomas,Engenharia de Redes,4,22,M,17.7
20269416,Samuel Ernesto,Engenharia Informatica,4,28,F,9.5
20269417,Teresa Carlos,Engenharia de Redes,4,17,M,10.8
20269418,Joao Alberto,Engenharia Informatica,2,25,F,18.0
20269419,Ana Manuel,Engenharia de Redes,3,25,M,9.6
20269420,Antonio Salvador,Engenharia Telecomunicacoes,1,26,M,9.8
20269421,Fatima Luis,Engenharia de Redes,2,18,M,13.7
20269422,Celina Ernesto,Engenharia de Redes,1,25,M,6.8
20269423,Alberto Jaime,Engenharia Electronica,4,25,M,8.3
20269424,Lucia Joaquim,Engenharia Electronica,4,21,F,7.6
20269425,Manuel Sergio,Engenharia Telecomunicacoes,3,29,M,12.9
20269426,Nelson Mario,Engenharia Informatica,1,20,M,13.0
20269427,Dario Miguel,Engenharia de Redes,3,23,F,8.8
20269428,Edson Mateus,Engenharia Informatica,1,25,M,17.6
20269429,Edson Mateus,Engenharia Telecomunicacoes,1,26,F,11.6
20269430,Pedro Tomas,Engenharia de Redes,4,25,F,9.3
20269431,Alberto Jaime,Engenharia Telecomunicacoes,2,25,F,19.1
20269432,Marta Paulo,Engenharia de Redes,4,18,M,11.8
20269433,Joao Alberto,Engenharia Informatica,1,20,M,5.7
20269434,Carlos Jose,Engenharia de Redes,2,23,F,12.5
20269435,Lucia Joaquim,Engenharia de Redes,3,18,M,14.4
20269436,Marta Paulo,Engenharia Electronica,1,17,F,5.4
20269437,Ana Manuel,Engenharia Informatica,2,20,F,17.5
20269438,Pedro Tomas,Engenharia Informatica,3,30,F,8.8
20269439,Ana Manuel,Engenharia Informatica,1,28,F,17.5
20269440,Helena Augusto,Engenharia Telecomunicacoes,1,22,F,13.7
20269441,Rosa Fernando,Engenharia de Redes,2,21,M,8.7
20269442,Rosa Fernando,Engenharia de Redes,3,22,M,6.1
20269443,Edson Mateus,Engenharia de Redes,1,22,F,8.1
20269444,Elsa Domingos,Engenharia Electronica,4,21,M,18.3
20269445,Helena Augusto,Engenharia Informatica,3,25,M,16.1
20269446,Joao Alberto,Engenharia Telecomunicacoes,1,30,F,8.3
20269447,Teresa Carlos,Engenharia Telecomunicacoes,4,22,M,6.8
20269448,Alberto Jaime,Engenharia de Redes,1,19,M,11.0
20269449,Samuel Ernesto,Engenharia Informatica,4,28,F,15.9
20269450,Rosa Fernando,Engenharia de Redes,1,27,M,15.4
20269451,Elsa Domingos,Engenharia Electronica,4,29,M,18.9
20269452,Manuel Sergio,Engenharia Electronica,4,24,M,14.0
20269453,Rosa Fernando,Engenharia de Redes,4,24,F,15.4
20269454,Teresa Carlos,Engenharia Informatica,1,24,M,5.5
20269455,Manuel Sergio,Engenharia Telecomunicacoes,2,27,F,16.7
20269456,Nelson Mario,Engenharia Telecomunicacoes,2,21,M,16.6
20269457,Marta Paulo,Engenharia Telecomunicacoes,4,24,M,17.2
20269458,Rosa Fernando,Engenharia Informatica,4,20,M,8.9
20269459,Elsa Domingos,Engenharia Informatica,3,19,F,19.6
20269460,Fatima Luis,Engenharia Telecomunicacoes,1,20,F,5.0
20269461,Lucia Joaquim,Engenharia de Redes,2,29,F,19.7
20269462,Pedro Tomas,Engenharia Electronica,3,29,M,11.0
20269463,Fatima Luis,Engenharia Informatica,2,24,F,11.6
20269464,Helena Augusto,Engenharia Informatica,1,23,F,7.8
20269465,Marta Paulo,Engenharia Electronica,3,20,M,9.4
20269466,Marta Paulo,Engenharia de Redes,3,30,M,5.0
20269467,Dario Miguel,Engenharia Electronica,4,24,F,6.7
20269468,Rosa Fernando,Engenharia Telecomunicacoes,3,26,M,17.4
20269469,Elsa Domingos,Engenharia Telecomunicacoes,3,20,M,10.6
20269470,Carlos Jose,Engenharia Electronica,1,23,F,14.5
20269471,Elsa Domingos,Engenharia de Redes,2,21,F,12.6
20269472,Elsa Domingos,Engenharia Telecomunicacoes,4,17,F,18.4
20269473,Nelson Mario,Engenharia Telecomunicacoes,1,22,M,11.4
20269474,Carlos Jose,Engenharia Informatica,1,25,M,6.8
20269475,Joao Alberto,Engenharia Informatica,3,29,M,15.7
20269476,Helena Augusto,Engenharia Telecomunicacoes,1,24,F,18.7
20269477,Samuel Ernesto,Engenharia Informatica,2,19,F,8.6
20269478,Dario Miguel,Engenharia de Redes,1,22,F,7.9
20269479,Edson Mateus,Engenharia de Redes,1,30,F,12.1
20269480,Edson Mateus,Engenharia Informatica,4,28,M,18.7
20269481,Sonia Armando,Engenharia de Redes,3,22,M,9.9
20269482,Pedro Tomas,Engenharia Telecomunicacoes,2,22,M,13.8
20269483,Manuel Sergio,Engenharia Electronica,1,22,M,11.1
20269484,Ana Manuel,Engenharia Telecomunicacoes,4,20,F,12.7
20269485,Edson Mateus,Engenharia de Redes,3,17,F,11.7
20269486,Edson Mateus,Engenharia Electronica,2,22,F,18.5
20269487,Lucia Joaquim,Engenharia Informatica,1,26,F,11.2
20269488,Nelson Mario,Engenharia de Redes,3,24,F,17.1
20269489,Manuel Sergio,Engenharia de Redes,4,24,F,17.3
20269490,Fatima Luis,Engenharia Electronica,1,21,M,7.2
20269491,Sonia Armando,Engenharia de Redes,3,29,F,15.3
20269492,Lucia Joaquim,Engenharia Telecomunicacoes,3,17,F,15.0
20269493,Fatima Luis,Engenharia Electronica,1,30,M,5.6
20269494,Elsa Domingos,Engenharia Telecomunicacoes,2,26,M,14.6
20269495,Elsa Domingos,Engenharia Electronica,1,29,F,7.2
20269496,Rosa Fernando,Engenharia Informatica,1,17,M,14.3
20269497,Helena Augusto,Engenharia Informatica,2,23,M,19.7
20269498,Nelson Mario,Engenharia Electronica,4,28,F,16.0
20269499,Dario Miguel,Engenharia Informatica,2,27,F,10.4
20269500,Samuel Ernesto,Engenharia Informatica,4,30,F,8.6
20269501,Celina Ernesto,Engenharia Telecomunicacoes,4,19,M,13.7
20269502,Nelson Mario,Engenharia Telecomunicacoes,4,22,M,16.2
20269503,Joao Alberto,Engenharia Informatica,2,28,M,19.7
20269504,Joao Alberto,Engenharia Telecomunicacoes,2,17,F,11.4
20269505,Nelson Mario,Engenharia Informatica,2,27,F,9.0
20269506,Joao Alberto,Engenharia de Redes,4,26,F,12.4
20269507,Elsa Domingos,Engenharia Informatica,4,17,M,14.3
20269508,Marta Paulo,Engenharia Informatica,4,19,F,8.6
20269509,Lucia Joaquim,Engenharia Informatica,2,28,F,10.4
20269510,Marta Paulo,Engenharia Electronica,2,22,M,7.5
20269511,Dario Miguel,Engenharia de Redes,2,28,M,19.7
20269512,Ana Manuel,Engenharia Electronica,1,26,M,6.6
20269513,Rosa Fernando,Engenharia de Redes,1,29,M,13.3
20269514,Dario Miguel,Engenharia Telecomunicacoes,1,25,F,9.4
20269515,Elsa Domingos,Engenharia Telecomunicacoes,1,23,F,10.6
20269516,Samuel Ernesto,Engenharia de Redes,1,20,M,17.8
20269517,Edson Mateus,Engenharia de Redes,2,19,F,8.3
20269518,Celina Ernesto,Engenharia Telecomunicacoes,3,19,M,8.0
20269519,Dario Miguel,Engenharia Telecomunicacoes,4,25,F,7.4
20269520,Sonia Armando,Engenharia Informatica,3,22,F,19.0
20269521,Alberto Jaime,Engenharia Electronica,4,22,F,9.2
20269522,Rosa Fernando,Engenharia Electronica,1,24,M,9.7
20269523,Sonia Armando,Engenharia Electronica,1,17,M,11.9
20269524,Edson Mateus,Engenharia Informatica,4,28,M,7.7
20269525,Antonio Salvador,Engenharia Telecomunicacoes,2,26,F,14.5
20269526,Sonia Armando,Engenharia Electronica,3,27,F,9.2
20269527,Antonio Salvador,Engenharia Informatica,3,22,F,16.3
20269528,Samuel Ernesto,Engenharia de Redes,4,22,M,12.4
20269529,Dario Miguel,Engenharia Informatica,3,27,M,5.4
20269530,Manuel Sergio,Engenharia de Redes,2,22,F,6.6
20269531,Manuel Sergio,Engenharia Telecomunicacoes,2,17,M,7.9
20269532,Rosa Fernando,Engenharia de Redes,1,21,M,13.2
20269533,Alberto Jaime,Engenharia Telecomunicacoes,3,25,M,13.8
20269534,Celina Ernesto,Engenharia de Redes,1,22,F,18.9
20269535,Nelson Mario,Engenharia Informatica,3,29,M,13.2
20269536,Carlos Jose,Engenharia Informatica,2,17,M,14.6
20269537,Ana Manuel,Engenharia Telecomunicacoes,2,17,F,10.3
20269538,Joao Alberto,Engenharia Informatica,3,29,F,7.9
20269539,Antonio Salvador,Engenharia Electronica,4,26,F,8.2
20269540,Pedro Tomas,Engenharia de Redes,2,26,F,7.5
20269541,Marta Paulo,Engenharia Informatica,1,29,F,7.5
20269542,Samuel Ernesto,Engenharia Telecomunicacoes,3,30,M,13.6
20269543,Helena Augusto,Engenharia Telecomunicacoes,3,29,M,18.9
20269544,Pedro Tomas,Engenharia de Redes,1,20,F,17.6
20269545,Edson Mateus,Engenharia Informatica,1,30,M,12.1
20269546,Carlos Jose,Engenharia Informatica,2,24,F,12.4
20269547,Antonio Salvador,Engenharia Informatica,4,25,M,7.2
20269548,Elsa Domingos,Engenharia Informatica,3,30,F,19.3
20269549,Carlos Jose,Engenharia Electronica,1,22,F,16.7
20269550,Celina Ernesto,Engenharia de Redes,4,17,F,19.5
20269551,Helena Augusto,Engenharia de Redes,3,26,M,18.8
20269552,Joao Alberto,Engenharia de Redes,1,22,F,8.5
20269553,Edson Mateus,Engenharia de Redes,2,24,F,15.5
20269554,Samuel Ernesto,Engenharia Informatica,1,19,M,14.0
20269555,Manuel Sergio,Engenharia Electronica,2,21,F,15.5
20269556,Helena Augusto,Engenharia de Redes,4,27,M,6.1
20269557,Edson Mateus,Engenharia Telecomunicacoes,3,27,M,17.0
20269558,Marta Paulo,Engenharia Electronica,4,27,M,5.8
20269559,Rosa Fernando,Engenharia Informatica,1,28,F,8.5
20269560,Fatima Luis,Engenharia Telecomunicacoes,4,30,F,18.5
20269561,Samuel Ernesto,Engenharia Telecomunicacoes,1,27,M,7.7
20269562,Sonia Armando,Engenharia Informatica,3,29,F,10.6
20269563,Dario Miguel,Engenharia de Redes,4,20,F,19.8
20269564,Sonia Armando,Engenharia Telecomunicacoes,4,17,M,6.6
20269565,Lucia Joaquim,Engenharia Electronica,2,30,F,6.7
20269566,Teresa Carlos,Engenharia Electronica,3,26,F,14.4
20269567,Elsa Domingos,Engenharia Electronica,3,18,M,8.1
20269568,Elsa Domingos,Engenharia de Redes,4,21,F,9.2
20269569,Marta Paulo,Engenharia Telecomunicacoes,4,21,F,19.9
20269570,Ana Manuel,Engenharia Informatica,1,18,F,5.1
20269571,Manuel Sergio,Engenharia Telecomunicacoes,2,19,M,17.6
20269572,Nelson Mario,Engenharia Telecomunicacoes,4,22,M,19.5
20269573,Helena Augusto,Engenharia Electronica,1,27,F,14.6
20269574,Alberto Jaime,Engenharia Electronica,3,18,M,14.0
20269575,Antonio Salvador,Engenharia Electronica,2,23,F,18.4
20269576,Fatima Luis,Engenharia Electronica,3,26,M,13.0
20269577,Samuel Ernesto,Engenharia Telecomunicacoes,1,21,M,5.7
20269578,Carlos Jose,Engenharia Informatica,1,17,M,13.8
20269579,Elsa Domingos,Engenharia Informatica,2,20,F,6.3
20269580,Alberto Jaime,Engenharia Telecomunicacoes,4,29,M,9.3
20269581,Nelson Mario,Engenharia Informatica,4,22,F,10.1
20269582,Helena Augusto,Engenharia Informatica,4,21,F,12.7
20269583,Carlos Jose,Engenharia de Redes,4,18,F,13.6
20269584,Rosa Fernando,Engenharia de Redes,3,18,F,17.1
20269585,Lucia Joaquim,Engenharia Telecomunicacoes,1,25,M,9.9
20269586,Alberto Jaime,Engenharia Electronica,3,22,M,15.7
20269587,Fatima Luis,Engenharia Telecomunicacoes,1,25,M,18.0
20269588,Manuel Sergio,Engenharia de Redes,3,21,F,8.8
20269589,Rosa Fernando,Engenharia Informatica,2,29,M,12.8
20269590,Teresa Carlos,Engenharia Informatica,1,24,M,19.9
20269591,Nelson Mario,Engenharia Telecomunicacoes,1,18,M,5.6
20269592,Fatima Luis,Engenharia Informatica,4,27,F,12.0
20269593,Manuel Sergio,Engenharia Telecomunicacoes,2,28,F,9.9
20269594,Teresa Carlos,Engenharia Informatica,1,27,F,7.5
20269595,Rosa Fernando,Engenharia de Redes,4,18,M,17.8
20269596,Dario Miguel,Engenharia Informatica,4,25,M,9.7
20269597,Sonia Armando,Engenharia de Redes,4,23,F,5.9
20269598,Celina Ernesto,Engenharia Electronica,4,23,M,12.5
20269599,Pedro Tomas,Engenharia Electronica,3,21,M,13.2
20269600,Rosa Fernando,Engenharia Electronica,1,26,M,6.0
20269601,Helena Augusto,Engenharia Informatica,1,30,M,5.4
20269602,Helena Augusto,Engenharia Informatica,3,21,M,9.7
20269603,Helena Augusto,Engenharia de Redes,2,27,M,7.2
20269604,Joao Alberto,Engenharia de Redes,3,20,M,17.3
20269605,Fatima Luis,Engenharia Informatica,4,23,M,16.1
20269606,Alberto Jaime,Engenharia Electronica,2,30,M,14.7
20269607,Pedro Tomas,Engenharia Informatica,2,18,M,12.2
20269608,Helena Augusto,Engenharia de Redes,1,23,M,16.8
20269609,Marta Paulo,Engenharia Informatica,2,21,M,16.4
20269610,Alberto Jaime,Engenharia de Redes,2,23,F,9.9
20269611,Samuel Ernesto,Engenharia de Redes,1,30,F,13.5
20269612,Celina Ernesto,Engenharia de Redes,1,29,M,11.2
20269613,Fatima Luis,Engenharia Telecomunicacoes,3,19,M,5.0
20269614,Rosa Fernando,Engenharia de Redes,2,30,M,10.1
20269615,Teresa Carlos,Engenharia Informatica,2,19,M,6.5
20269616,Lucia Joaquim,Engenharia Electronica,2,30,M,18.8
20269617,Ana Manuel,Engenharia Informatica,2,20,F,14.7
20269618,Celina Ernesto,Engenharia Informatica,1,19,M,17.9
20269619,Nelson Mario,Engenharia Informatica,3,30,M,12.1
20269620,Edson Mateus,Engenharia Informatica,4,18,M,8.3
20269621,Joao Alberto,Engenharia Informatica,3,23,M,15.5
20269622,Nelson Mario,Engenharia Electronica,4,19,M,10.1
20269623,Joao Alberto,Engenharia Electronica,2,20,M,9.3
20269624,Celina Ernesto,Engenharia Informatica,3,19,M,8.8
20269625,Teresa Carlos,Engenharia de Redes,1,23,M,7.9
20269626,Samuel Ernesto,Engenharia Telecomunicacoes,1,20,F,7.4
20269627,Manuel Sergio,Engenharia Informatica,4,17,F,12.7
20269628,Marta Paulo,Engenharia Electronica,3,24,M,19.5
20269629,Marta Paulo,Engenharia Telecomunicacoes,3,18,F,6.6
20269630,Dario Miguel,Engenharia Telecomunicacoes,2,21,F,17.8
20269631,Marta Paulo,Engenharia de Redes,1,26,M,9.0
20269632,Lucia Joaquim,Engenharia Electronica,4,23,M,18.9
20269633,Elsa Domingos,Engenharia Telecomunicacoes,3,20,M,11.8
20269634,Joao Alberto,Engenharia Informatica,4,18,F,5.6
20269635,Edson Mateus,Engenharia Electronica,4,28,M,6.8
20269636,Rosa Fernando,Engenharia Electronica,4,22,F,8.1
20269637,Ana Manuel,Engenharia Informatica,2,19,M,19.7
20269638,Celina Ernesto,Engenharia Telecomunicacoes,4,18,M,19.9
20269639,Edson Mateus,Engenharia Telecomunicacoes,2,27,F,16.0
20269640,Antonio Salvador,Engenharia Informatica,4,27,F,18.8
20269641,Marta Paulo,Engenharia Informatica,3,19,F,11.6
20269642,Ana Manuel,Engenharia Telecomunicacoes,1,23,M,11.4
20269643,Sonia Armando,Engenharia Telecomunicacoes,1,27,F,15.9
20269644,Marta Paulo,Engenharia de Redes,2,18,F,6.2
20269645,Samuel Ernesto,Engenharia Informatica,1,27,M,10.9
20269646,Carlos Jose,Engenharia Electronica,2,27,F,9.7
20269647,Lucia Joaquim,Engenharia de Redes,4,25,M,15.7
20269648,Marta Paulo,Engenharia Informatica,2,25,M,8.2
20269649,Pedro Tomas,Engenharia Telecomunicacoes,4,29,F,17.4
20269650,Pedro Tomas,Engenharia Informatica,2,22,F,7.7
20269651,Sonia Armando,Engenharia Informatica,4,29,M,14.0
20269652,Manuel Sergio,Engenharia Electronica,4,24,M,9.7
20269653,Fatima Luis,Engenharia Electronica,2,25,F,8.8
20269654,Nelson Mario,Engenharia Informatica,2,30,M,10.1
20269655,Nelson Mario,Engenharia Electronica,4,21,F,19.2
20269656,Elsa Domingos,Engenharia Informatica,3,27,M,13.2
20269657,Joao Alberto,Engenharia Telecomunicacoes,2,19,F,14.6
20269658,Sonia Armando,Engenharia Electronica,3,21,M,16.8
20269659,Edson Mateus,Engenharia Electronica,3,29,M,16.7
20269660,Edson Mateus,Engenharia Electronica,3,18,M,7.7
20269661,Antonio Salvador,Engenharia de Redes,2,26,F,8.9
20269662,Elsa Domingos,Engenharia Informatica,4,18,F,8.0
20269663,Helena Augusto,Engenharia Informatica,3,20,F,11.6
20269664,Edson Mateus,Engenharia de Redes,1,29,F,8.2
20269665,Samuel Ernesto,Engenharia Electronica,3,21,M,16.1
20269666,Celina Ernesto,Engenharia Electronica,1,30,F,11.6
20269667,Ana Manuel,Engenharia de Redes,4,24,F,5.9
20269668,Samuel Ernesto,Engenharia de Redes,1,20,F,8.8
20269669,Dario Miguel,Engenharia de Redes,2,17,M,10.2
20269670,Fatima Luis,Engenharia Informatica,1,29,F,13.2
20269671,Pedro Tomas,Engenharia Informatica,2,28,M,5.2
20269672,Nelson Mario,Engenharia Electronica,3,22,F,10.4
20269673,Elsa Domingos,Engenharia Informatica,3,18,F,9.0
20269674,Celina Ernesto,Engenharia de Redes,3,23,M,7.4
20269675,Alberto Jaime,Engenharia de Redes,2,27,M,18.1
20269676,Pedro Tomas,Engenharia Electronica,2,30,F,19.4
20269677,Edson Mateus,Engenharia Electronica,3,23,M,6.2
20269678,Sonia Armando,Engenharia de Redes,3,20,F,6.0
20269679,Sonia Armando,Engenharia de Redes,2,20,M,9.8
20269680,Edson Mateus,Engenharia Electronica,1,18,F,14.8
20269681,Celina Ernesto,Engenharia Informatica,3,25,F,8.1
20269682,Celina Ernesto,Engenharia Informatica,3,26,F,5.8
20269683,Helena Augusto,Engenharia Telecomunicacoes,1,26,F,14.8
20269684,Pedro Tomas,Engenharia Telecomunicacoes,1,19,M,18.2
20269685,Alberto Jaime,Engenharia de Redes,4,29,M,5.7
20269686,Elsa Domingos,Engenharia Telecomunicacoes,2,25,F,10.7
20269687,Manuel Sergio,Engenharia de Redes,3,17,F,15.0
20269688,Samuel Ernesto,Engenharia de Redes,4,20,M,15.4
20269689,Edson Mateus,Engenharia de Redes,2,22,M,13.9
20269690,Joao Alberto,Engenharia Telecomunicacoes,1,20,M,10.0
20269691,Fatima Luis,Engenharia Informatica,1,19,M,8.3
20269692,Fatima Luis,Engenharia de Redes,3,23,M,13.7
20269693,Rosa Fernando,Engenharia Informatica,4,24,M,18.7
20269694,Edson Mateus,Engenharia Electronica,1,20,F,9.0
20269695,Pedro Tomas,Engenharia Telecomunicacoes,1,18,M,18.6
20269696,Lucia Joaquim,Engenharia de Redes,2,17,M,10.6
20269697,Nelson Mario,Engenharia Telecomunicacoes,1,23,M,18.2
20269698,Antonio Salvador,Engenharia Electronica,1,19,M,17.4
20269699,Samuel Ernesto,Engenharia Electronica,3,17,M,19.5
20269700,Fatima Luis,Engenharia de Redes,1,24,F,7.2
20269701,Dario Miguel,Engenharia Electronica,2,26,F,16.9
20269702,Dario Miguel,Engenharia de Redes,4,25,F,6.5
20269703,Elsa Domingos,Engenharia Electronica,2,25,M,9.3
20269704,Edson Mateus,Engenharia Telecomunicacoes,1,22,F,14.9
20269705,Manuel Sergio,Engenharia Informatica,3,30,F,11.5
20269706,Nelson Mario,Engenharia de Redes,1,24,F,12.4
20269707,Sonia Armando,Engenharia Telecomunicacoes,1,17,M,5.8
20269708,Samuel Ernesto,Engenharia Electronica,1,24,F,14.0
20269709,Rosa Fernando,Engenharia de Redes,1,17,M,12.6
20269710,Helena Augusto,Engenharia Informatica,3,29,F,16.1
20269711,Sonia Armando,Engenharia Telecomunicacoes,3,25,M,12.8
20269712,Carlos Jose,Engenharia Electronica,1,29,M,12.5
20269713,Joao Alberto,Engenharia Electronica,1,27,M,12.3
20269714,Helena Augusto,Engenharia Electronica,1,22,M,14.1
20269715,Pedro Tomas,Engenharia Telecomunicacoes,1,27,F,11.8
20269716,Helena Augusto,Engenharia Informatica,1,23,M,15.1
20269717,Edson Mateus,Engenharia de Redes,4,28,F,8.4
20269718,Samuel Ernesto,Engenharia Electronica,4,29,F,9.6
20269719,Lucia Joaquim,Engenharia Telecomunicacoes,3,19,M,18.2
20269720,Elsa Domingos,Engenharia de Redes,4,21,F,11.5
20269721,Nelson Mario,Engenharia de Redes,3,23,M,16.4
20269722,Rosa Fernando,Engenharia Electronica,4,20,M,6.5
20269723,Edson Mateus,Engenharia Telecomunicacoes,4,18,F,6.4
20269724,Elsa Domingos,Engenharia Electronica,3,19,M,6.1
20269725,Alberto Jaime,Engenharia Informatica,4,25,M,9.5
20269726,Dario Miguel,Engenharia Telecomunicacoes,3,23,F,9.1
20269727,Fatima Luis,Engenharia Telecomunicacoes,3,18,F,6.8
20269728,Marta Paulo,Engenharia Informatica,2,27,F,15.4
20269729,Sonia Armando,Engenharia Informatica,3,18,F,6.3
20269730,Celina Ernesto,Engenharia Informatica,1,27,M,17.2
20269731,Rosa Fernando,Engenharia Electronica,1,22,M,13.5
20269732,Joao Alberto,Engenharia Electronica,2,20,F,7.8
20269733,Marta Paulo,Engenharia Telecomunicacoes,3,22,F,8.9
20269734,Alberto Jaime,Engenharia Informatica,1,28,M,5.6
20269735,Pedro Tomas,Engenharia de Redes,3,24,M,16.0
20269736,Manuel Sergio,Engenharia Electronica,2,22,M,7.7
20269737,Edson Mateus,Engenharia de Redes,1,19,M,14.4
20269738,Joao Alberto,Engenharia Electronica,3,23,M,11.5
20269739,Celina Ernesto,Engenharia Informatica,4,29,F,13.6
20269740,Celina Ernesto,Engenharia Telecomunicacoes,2,28,F,15.8
20269741,Teresa Carlos,Engenharia de Redes,1,25,M,19.1
20269742,Nelson Mario,Engenharia Telecomunicacoes,3,29,M,10.3
20269743,Helena Augusto,Engenharia de Redes,3,30,F,13.2
20269744,Helena Augusto,Engenharia Informatica,2,25,M,10.8
20269745,Samuel Ernesto,Engenharia Informatica,2,25,M,9.2
20269746,Celina Ernesto,Engenharia de Redes,2,23,F,14.9
20269747,Dario Miguel,Engenharia Electronica,3,18,M,17.1
20269748,Rosa Fernando,Engenharia Informatica,3,21,M,9.9
20269749,Antonio Salvador,Engenharia Telecomunicacoes,4,27,F,11.0
20269750,Ana Manuel,Engenharia de Redes,1,25,F,8.7
20269751,Teresa Carlos,Engenharia Telecomunicacoes,1,27,F,5.2
20269752,Pedro Tomas,Engenharia de Redes,1,23,M,16.0
20269753,Dario Miguel,Engenharia Telecomunicacoes,3,23,M,14.5
20269754,Fatima Luis,Engenharia Informatica,2,19,F,19.3
20269755,Joao Alberto,Engenharia Telecomunicacoes,1,23,F,8.1
20269756,Lucia Joaquim,Engenharia Telecomunicacoes,2,28,F,8.4
20269757,Alberto Jaime,Engenharia Telecomunicacoes,2,21,M,7.1
20269758,Marta Paulo,Engenharia de Redes,1,25,F,13.3
20269759,Marta Paulo,Engenharia Electronica,3,25,F,19.9
20269760,Pedro Tomas,Engenharia Telecomunicacoes,2,19,F,12.5
20269761,Edson Mateus,Engenharia de Redes,4,18,M,6.2
20269762,Teresa Carlos,Engenharia Informatica,4,20,F,19.1
20269763,Joao Alberto,Engenharia Telecomunicacoes,2,24,M,15.7
20269764,Pedro Tomas,Engenharia Informatica,3,22,M,17.4
20269765,Sonia Armando,Engenharia de Redes,2,19,M,5.4
20269766,Carlos Jose,Engenharia Electronica,4,29,M,16.6
20269767,Pedro Tomas,Engenharia Telecomunicacoes,3,26,M,8.0
20269768,Fatima Luis,Engenharia de Redes,3,25,M,14.7
20269769,Teresa Carlos,Engenharia Telecomunicacoes,4,30,M,17.7
20269770,Celina Ernesto,Engenharia Informatica,1,23,F,17.5
20269771,Dario Miguel,Engenharia Telecomunicacoes,1,27,M,12.3
20269772,Manuel Sergio,Engenharia de Redes,4,29,M,19.3
20269773,Antonio Salvador,Engenharia de Redes,4,18,M,12.0
20269774,Nelson Mario,Engenharia Telecomunicacoes,2,22,F,12.5
20269775,Alberto Jaime,Engenharia Informatica,2,20,M,16.7
20269776,Carlos Jose,Engenharia Electronica,4,26,M,15.2
20269777,Rosa Fernando,Engenharia de Redes,1,26,F,12.0
20269778,Teresa Carlos,Engenharia Informatica,2,28,F,11.9
20269779,Elsa Domingos,Engenharia Telecomunicacoes,3,25,F,18.2
20269780,Samuel Ernesto,Engenharia Electronica,2,19,M,14.9
20269781,Rosa Fernando,Engenharia Electronica,4,18,M,15.7
20269782,Rosa Fernando,Engenharia Telecomunicacoes,1,18,M,17.8
20269783,Ana Manuel,Engenharia Informatica,1,24,M,14.6
20269784,Lucia Joaquim,Engenharia de Redes,4,24,M,12.2
20269785,Antonio Salvador,Engenharia Informatica,1,23,M,15.7
20269786,Edson Mateus,Engenharia Electronica,1,29,M,19.2
20269787,Elsa Domingos,Engenharia de Redes,4,25,F,8.5
20269788,Pedro Tomas,Engenharia Electronica,2,20,F,19.7
20269789,Ana Manuel,Engenharia Telecomunicacoes,2,21,F,18.5
20269790,Alberto Jaime,Engenharia Informatica,3,28,M,16.9
20269791,Ana Manuel,Engenharia Telecomunicacoes,2,17,F,12.6
20269792,Ana Manuel,Engenharia Telecomunicacoes,3,21,F,6.6
20269793,Nelson Mario,Engenharia de Redes,2,18,F,19.0
20269794,Helena Augusto,Engenharia Electronica,1,29,M,13.3
20269795,Teresa Carlos,Engenharia Informatica,4,28,M,13.5
20269796,Helena Augusto,Engenharia de Redes,2,19,F,14.6
20269797,Celina Ernesto,Engenharia de Redes,1,26,F,18.6
20269798,Nelson Mario,Engenharia de Redes,2,30,F,14.4
20269799,Manuel Sergio,Engenharia Telecomunicacoes,1,21,M,17.5
20269800,Dario Miguel,Engenharia de Redes,2,17,F,13.1
20269801,Elsa Domingos,Engenharia Informatica,3,25,M,12.2
20269802,Rosa Fernando,Engenharia de Redes,4,30,M,9.1
20269803,Sonia Armando,Engenharia Informatica,1,25,M,6.2
20269804,Joao Alberto,Engenharia Electronica,3,27,F,11.6
20269805,Pedro Tomas,Engenharia Electronica,3,24,F,5.2
20269806,Joao Alberto,Engenharia Informatica,4,19,M,12.5
20269807,Pedro Tomas,Engenharia Telecomunicacoes,1,19,F,14.6
20269808,Alberto Jaime,Engenharia Telecomunicacoes,4,28,M,7.4
20269809,Antonio Salvador,Engenharia Telecomunicacoes,4,29,F,8.6
20269810,Joao Alberto,Engenharia Electronica,2,21,F,15.9
20269811,Elsa Domingos,Engenharia Telecomunicacoes,2,23,M,11.6
20269812,Antonio Salvador,Engenharia de Redes,2,24,M,12.0
20269813,Helena Augusto,Engenharia Electronica,4,17,M,7.8
20269814,Edson Mateus,Engenharia de Redes,3,27,M,9.3
20269815,Carlos Jose,Engenharia de Redes,2,21,M,16.7
20269816,Samuel Ernesto,Engenharia de Redes,1,23,M,16.3
20269817,Elsa Domingos,Engenharia Telecomunicacoes,2,26,F,16.4
20269818,Alberto Jaime,Engenharia Telecomunicacoes,4,29,F,9.9
20269819,Samuel Ernesto,Engenharia Informatica,1,18,F,5.4
20269820,Alberto Jaime,Engenharia de Redes,2,18,F,16.0
20269821,Fatima Luis,Engenharia de Redes,3,18,M,15.2
20269822,Carlos Jose,Engenharia Telecomunicacoes,2,19,M,5.8
20269823,Teresa Carlos,Engenharia Informatica,2,20,F,7.4
20269824,Sonia Armando,Engenharia Electronica,3,21,M,15.9
20269825,Edson Mateus,Engenharia Electronica,4,19,M,12.8
20269826,Alberto Jaime,Engenharia Telecomunicacoes,3,21,M,17.2
20269827,Rosa Fernando,Engenharia Informatica,4,21,F,11.1
20269828,Elsa Domingos,Engenharia de Redes,4,26,M,6.9
20269829,Ana Manuel,Engenharia de Redes,1,20,M,11.4
20269830,Dario Miguel,Engenharia Telecomunicacoes,2,24,M,6.3
20269831,Dario Miguel,Engenharia Telecomunicacoes,3,28,F,18.7
20269832,Dario Miguel,Engenharia de Redes,4,26,F,14.0
20269833,Pedro Tomas,Engenharia Informatica,2,18,F,18.5
20269834,Fatima Luis,Engenharia Electronica,1,22,M,12.2
20269835,Carlos Jose,Engenharia Telecomunicacoes,4,19,F,15.6
20269836,Joao Alberto,Engenharia Telecomunicacoes,2,22,M,7.0
20269837,Teresa Carlos,Engenharia Electronica,3,20,M,15.1
20269838,Dario Miguel,Engenharia Telecomunicacoes,3,17,F,18.0
20269839,Antonio Salvador,Engenharia Telecomunicacoes,1,17,M,8.7
20269840,Carlos Jose,Engenharia Informatica,2,25,F,7.3
20269841,Alberto Jaime,Engenharia de Redes,4,23,M,12.7
20269842,Ana Manuel,Engenharia Telecomunicacoes,1,24,F,14.0
20269843,Sonia Armando,Engenharia Informatica,2,24,M,6.2
20269844,Alberto Jaime,Engenharia de Redes,3,25,F,9.5
20269845,Joao Alberto,Engenharia de Redes,4,26,F,13.3
20269846,Lucia Joaquim,Engenharia Informatica,2,17,M,19.9
20269847,Manuel Sergio,Engenharia Electronica,2,29,M,6.4
20269848,Helena Augusto,Engenharia Electronica,1,22,M,13.1
20269849,Antonio Salvador,Engenharia Telecomunicacoes,3,17,F,5.7
20269850,Rosa Fernando,Engenharia Electronica,2,25,M,15.6
20269851,Samuel Ernesto,Engenharia de Redes,2,19,M,12.1
20269852,Lucia Joaquim,Engenharia Informatica,2,19,M,14.3
20269853,Joao Alberto,Engenharia Telecomunicacoes,2,24,F,10.6
20269854,Edson Mateus,Engenharia Electronica,3,27,F,8.7
20269855,Ana Manuel,Engenharia de Redes,3,25,F,10.0
20269856,Manuel Sergio,Engenharia de Redes,4,19,F,14.3
20269857,Rosa Fernando,Engenharia de Redes,2,26,F,19.4
20269858,Lucia Joaquim,Engenharia Informatica,4,20,F,11.0
20269859,Pedro Tomas,Engenharia de Redes,4,26,M,5.2
20269860,Helena Augusto,Engenharia Informatica,4,20,M,15.8
20269861,Pedro Tomas,Engenharia Informatica,4,23,M,13.0
20269862,Fatima Luis,Engenharia de Redes,1,21,M,9.6
20269863,Ana Manuel,Engenharia Telecomunicacoes,1,26,M,10.7
20269864,Ana Manuel,Engenharia Electronica,3,25,M,6.1
20269865,Sonia Armando,Engenharia Telecomunicacoes,2,25,F,17.6
20269866,Elsa Domingos,Engenharia Informatica,2,19,F,19.6
20269867,Marta Paulo,Engenharia Informatica,4,29,M,18.2
20269868,Teresa Carlos,Engenharia de Redes,2,23,F,18.9
20269869,Carlos Jose,Engenharia Electronica,3,23,F,12.1
20269870,Sonia Armando,Engenharia Telecomunicacoes,3,27,F,12.3
20269871,Samuel Ernesto,Engenharia Telecomunicacoes,1,24,F,11.3
20269872,Marta Paulo,Engenharia Informatica,3,22,M,8.0
20269873,Marta Paulo,Engenharia Electronica,4,27,M,6.6
20269874,Pedro Tomas,Engenharia de Redes,3,17,M,10.4
20269875,Lucia Joaquim,Engenharia Electronica,2,24,M,19.9
20269876,Teresa Carlos,Engenharia Informatica,4,28,M,12.7
20269877,Carlos Jose,Engenharia de Redes,3,18,F,13.6
20269878,Teresa Carlos,Engenharia de Redes,3,27,M,15.6
20269879,Fatima Luis,Engenharia Telecomunicacoes,1,24,M,19.9
20269880,Lucia Joaquim,Engenharia Electronica,3,24,M,18.4
20269881,Rosa Fernando,Engenharia Informatica,4,17,M,16.1
20269882,Dario Miguel,Engenharia Telecomunicacoes,3,25,M,17.9
20269883,Edson Mateus,Engenharia Telecomunicacoes,2,30,M,15.6
20269884,Edson Mateus,Engenharia Informatica,1,28,M,11.4
20269885,Celina Ernesto,Engenharia de Redes,4,17,F,19.0
20269886,Antonio Salvador,Engenharia de Redes,2,23,M,18.3
20269887,Samuel Ernesto,Engenharia Informatica,1,30,M,6.9
20269888,Helena Augusto,Engenharia Telecomunicacoes,1,17,M,8.8
20269889,Nelson Mario,Engenharia Informatica,4,28,M,19.0
20269890,Manuel Sergio,Engenharia Informatica,4,27,M,14.5
20269891,Helena Augusto,Engenharia Telecomunicacoes,2,20,M,10.0
20269892,Dario Miguel,Engenharia Telecomunicacoes,2,28,F,8.4
20269893,Marta Paulo,Engenharia Electronica,2,27,F,10.4
20269894,Edson Mateus,Engenharia Electronica,2,25,F,16.2
20269895,Elsa Domingos,Engenharia de Redes,4,22,F,8.9
20269896,Samuel Ernesto,Engenharia de Redes,1,17,F,5.3
20269897,Dario Miguel,Engenharia Informatica,1,17,F,8.1
20269898,Pedro Tomas,Engenharia de Redes,4,23,F,12.0
20269899,Ana Manuel,Engenharia de Redes,3,21,F,10.9
20269900,Celina Ernesto,Engenharia de Redes,4,29,M,10.2
20269901,Celina Ernesto,Engenharia Electronica,2,22,F,16.4
20269902,Celina Ernesto,Engenharia Telecomunicacoes,1,22,F,10.5
20269903,Rosa Fernando,Engenharia Electronica,2,24,F,19.4
20269904,Rosa Fernando,Engenharia de Redes,4,18,M,7.5
20269905,Celina Ernesto,Engenharia Telecomunicacoes,2,25,F,6.6
20269906,Carlos Jose,Engenharia de Redes,1,18,M,11.9
20269907,Edson Mateus,Engenharia Electronica,4,17,F,9.4
20269908,Dario Miguel,Engenharia de Redes,3,26,F,12.3
20269909,Lucia Joaquim,Engenharia Informatica,4,25,F,6.4
20269910,Celina Ernesto,Engenharia Telecomunicacoes,2,18,M,17.8
20269911,Nelson Mario,Engenharia Electronica,4,23,F,6.5
20269912,Alberto Jaime,Engenharia Electronica,1,27,F,17.6
20269913,Nelson Mario,Engenharia de Redes,3,18,M,6.6
20269914,Sonia Armando,Engenharia de Redes,4,25,F,18.8
20269915,Fatima Luis,Engenharia de Redes,2,27,F,11.7
20269916,Elsa Domingos,Engenharia Informatica,2,29,M,15.4
20269917,Manuel Sergio,Engenharia Telecomunicacoes,3,22,M,14.8
20269918,Ana Manuel,Engenharia Informatica,2,18,F,8.9
20269919,Helena Augusto,Engenharia Electronica,2,22,F,18.3
20269920,Lucia Joaquim,Engenharia Electronica,2,17,F,16.6
20269921,Elsa Domingos,Engenharia Electronica,3,26,M,5.9
20269922,Samuel Ernesto,Engenharia Electronica,3,22,F,8.9
20269923,Celina Ernesto,Engenharia Informatica,1,19,F,14.6
20269924,Fatima Luis,Engenharia de Redes,1,27,M,6.1
20269925,Manuel Sergio,Engenharia Informatica,3,19,F,7.1
20269926,Joao Alberto,Engenharia Informatica,1,21,M,13.1
20269927,Samuel Ernesto,Engenharia de Redes,3,19,F,5.6
20269928,Carlos Jose,Engenharia Electronica,4,22,M,7.6
20269929,Lucia Joaquim,Engenharia de Redes,4,30,F,7.7
20269930,Samuel Ernesto,Engenharia Informatica,3,29,M,9.2
20269931,Joao Alberto,Engenharia de Redes,1,17,M,19.5
20269932,Elsa Domingos,Engenharia de Redes,2,26,F,14.3
20269933,Manuel Sergio,Engenharia Informatica,4,17,M,8.8
20269934,Teresa Carlos,Engenharia de Redes,2,28,F,10.0
20269935,Teresa Carlos,Engenharia Telecomunicacoes,3,18,M,18.1
20269936,Celina Ernesto,Engenharia Informatica,3,24,M,5.3
20269937,Edson Mateus,Engenharia Telecomunicacoes,1,27,M,10.9
20269938,Rosa Fernando,Engenharia Telecomunicacoes,2,22,M,8.2
20269939,Pedro Tomas,Engenharia de Redes,3,20,F,7.3
20269940,Elsa Domingos,Engenharia Telecomunicacoes,2,22,F,11.4
20269941,Fatima Luis,Engenharia Electronica,2,24,F,18.5
20269942,Celina Ernesto,Engenharia Telecomunicacoes,1,18,M,18.4
20269943,Manuel Sergio,Engenharia Electronica,4,24,M,18.9
20269944,Ana Manuel,Engenharia Telecomunicacoes,1,29,M,16.1
20269945,Marta Paulo,Engenharia Electronica,2,17,F,13.8
20269946,Joao Alberto,Engenharia Informatica,1,28,F,9.1
20269947,Sonia Armando,Engenharia Telecomunicacoes,2,17,M,16.5
20269948,Helena Augusto,Engenharia Informatica,2,30,M,5.6
20269949,Helena Augusto,Engenharia de Redes,1,17,M,18.2
20269950,Elsa Domingos,Engenharia Electronica,4,22,M,12.8
20269951,Edson Mateus,Engenharia Telecomunicacoes,2,22,F,17.7
20269952,Rosa Fernando,Engenharia de Redes,3,24,M,10.5
20269953,Manuel Sergio,Engenharia Electronica,3,19,F,12.4
20269954,Lucia Joaquim,Engenharia Informatica,1,26,F,7.2
20269955,Antonio Salvador,Engenharia Telecomunicacoes,4,30,M,9.7
20269956,Sonia Armando,Engenharia Telecomunicacoes,2,29,F,6.4
20269957,Elsa Domingos,Engenharia Informatica,3,19,F,12.6
20269958,Joao Alberto,Engenharia Electronica,4,18,M,7.7
20269959,Ana Manuel,Engenharia Telecomunicacoes,3,24,M,11.7
20269960,Nelson Mario,Engenharia Informatica,2,21,F,9.3
20269961,Nelson Mario,Engenharia de Redes,2,23,F,16.3
20269962,Marta Paulo,Engenharia de Redes,3,27,M,8.1
20269963,Rosa Fernando,Engenharia Telecomunicacoes,3,24,M,14.8
20269964,Fatima Luis,Engenharia Informatica,4,22,M,12.6
20269965,Rosa Fernando,Engenharia de Redes,3,21,M,17.8
20269966,Samuel Ernesto,Engenharia Informatica,3,27,M,8.3
20269967,Ana Manuel,Engenharia Telecomunicacoes,4,29,M,20.0
20269968,Joao Alberto,Engenharia Electronica,3,27,F,19.2
20269969,Teresa Carlos,Engenharia Telecomunicacoes,4,25,M,11.1
20269970,Samuel Ernesto,Engenharia Informatica,4,22,F,9.8
20269971,Marta Paulo,Engenharia Informatica,3,29,M,10.5
20269972,Joao Alberto,Engenharia Informatica,4,21,F,13.4
20269973,Elsa Domingos,Engenharia de Redes,1,18,M,13.3
20269974,Samuel Ernesto,Engenharia Informatica,1,24,F,16.0
20269975,Rosa Fernando,Engenharia Telecomunicacoes,4,17,F,15.9
20269976,Manuel Sergio,Engenharia Telecomunicacoes,1,22,M,7.5
20269977,Sonia Armando,Engenharia Telecomunicacoes,1,23,F,10.6
20269978,Marta Paulo,Engenharia Informatica,4,26,M,11.3
20269979,Ana Manuel,Engenharia Electronica,3,20,M,16.5
20269980,Elsa Domingos,Engenharia Telecomunicacoes,1,26,M,15.7
20269981,Marta Paulo,Engenharia Informatica,2,27,F,7.6
20269982,Joao Alberto,Engenharia Informatica,4,29,F,6.9
20269983,Rosa Fernando,Engenharia Electronica,2,18,F,8.6
20269984,Carlos Jose,Engenharia Telecomunicacoes,3,25,F,9.9
20269985,Sonia Armando,Engenharia Telecomunicacoes,1,24,F,16.6
20269986,Marta Paulo,Engenharia Informatica,3,30,M,8.1
20269987,Marta Paulo,Engenharia Informatica,4,29,M,18.1
20269988,Marta Paulo,Engenharia de Redes,2,22,F,15.2
20269989,Edson Mateus,Engenharia Electronica,3,26,F,6.6
20269990,Joao Alberto,Engenharia Telecomunicacoes,1,19,M,9.4
20269991,Rosa Fernando,Engenharia Informatica,4,20,M,17.3
20269992,Nelson Mario,Engenharia Electronica,1,22,M,15.4
20269993,Rosa Fernando,Engenharia de Redes,3,29,M,6.6
20269994,Dario Miguel,Engenharia de Redes,2,27,M,7.9
20269995,Dario Miguel,Engenharia Informatica,2,18,M,18.2
20269996,Nelson Mario,Engenharia Electronica,1,29,M,17.5
20269997,Ana Manuel,Engenharia de Redes,3,28,M,15.0
20269998,Teresa Carlos,Engenharia Electronica,3,25,M,5.8
20269999,Celina Ernesto,Engenharia Telecomunicacoes,4,28,M,19.7
20270000,Ana Manuel,Engenharia Telecomunicacoes,1,25,F,11.4
